anime_id,title,anime_url,anime_img,episodes,votes,rate,genres,rate_1,rate_2,rate_3,rate_4,rate_5,genre_action,genre_adventure,genre_comedy,genre_drama,genre_family,genre_fantasy,genre_food,genre_harem,genre_historical,genre_horror,genre_idols,genre_isekai,genre_jdrama,genre_magical girls,genre_martial arts,genre_mecha,genre_music,genre_mystery,genre_post-apocalyptic,genre_romance,genre_sci-fi,genre_seinen,genre_sgdrama,genre_shojo,genre_shonen,genre_slice of life,genre_sports,genre_supernatural,genre_thriller
1,Naruto Shippuuden,https://www.crunchyroll.com/naruto-shippuden,https://img1.ak.crunchyroll.com/i/spire4/1c1df98707aa0f22aa54342af725e48a1491245343_full.jpg,500,48518,4.81,action|adventure|fantasy|martial arts|shonen,1111,275,817,2341,43974,1,1,0,0,0,1,0,0,0,0,0,0,0,0,1,0,0,0,0,0,0,0,0,0,1,0,0,0,0
2,Shugo Chara,https://www.crunchyroll.com/shugo-chara,https://img1.ak.crunchyroll.com/i/spire1/7c0c0cd3958894b2dafc740ba847e4f11279141777_full.jpg,51,33688,4.86,comedy|fantasy|magical girls|shojo,503,104,438,1599,31044,0,0,1,0,0,1,0,0,0,0,0,0,0,1,0,0,0,0,0,0,0,0,0,1,0,0,0,0,0
3,BLEACH,https://www.crunchyroll.com/bleach,https://img1.ak.crunchyroll.com/i/spire2/52edb7a843abacb4ff0f642c8eda14401325114125_full.jpg,366,23900,4.83,action|adventure|shonen|supernatural,391,98,370,1457,21584,1,1,0,0,0,0,0,0,0,0,0,0,0,0,0,0,0,0,0,0,0,0,0,0,1,0,0,1,0
4,Naruto,https://www.crunchyroll.com/naruto,https://img1.ak.crunchyroll.com/i/spire2/0145388e3ecfdb5a63ce1e9feaeef44a1279141923_full.jpg,220,16613,4.8,action|adventure|fantasy|martial arts|shonen,456,64,282,818,14993,1,1,0,0,0,1,0,0,0,0,0,0,0,0,1,0,0,0,0,0,0,0,0,0,1,0,0,0,0
5,Skip Beat!,https://www.crunchyroll.com/skip-beat,https://img1.ak.crunchyroll.com/i/spire3/4bbe3a679c7365d16dd49c9d78ae992e1279142023_full.jpg,12,15011,4.91,comedy|drama|romance,98,20,112,696,14085,0,0,1,1,0,0,0,0,0,0,0,0,0,0,0,0,0,0,0,1,0,0,0,0,0,0,0,0,0
6,REBORN!,https://www.crunchyroll.com/reborn,https://img1.ak.crunchyroll.com/i/spire1/445d2fd74c924440b1ca61600789e2861383180162_full.jpg,12,12542,4.88,action|comedy|shonen|supernatural,114,47,132,587,11662,1,0,1,0,0,0,0,0,0,0,0,0,0,0,0,0,0,0,0,0,0,0,0,0,1,0,0,1,0
7,Gintama,https://www.crunchyroll.com/gintama,https://img1.ak.crunchyroll.com/i/spire2/54c15675670ba44c1f98c3e11ba0cddf1515030877_full.jpg,379,11435,4.87,action|comedy|historical|sci-fi|shonen,133,47,124,509,10622,1,0,1,0,0,0,0,0,1,0,0,0,0,0,0,0,0,0,0,0,1,0,0,0,1,0,0,0,0
8,La Corda d'Oro ~primo passo~ and ~secondo passo~,https://www.crunchyroll.com/la-corda-doro-primo-passo-and-secondo-passo,https://img1.ak.crunchyroll.com/i/spire2/383071a2c629ff64fb33669a793eac311293594874_full.png,12,9555,4.86,harem|music|romance,71,26,148,638,8672,0,0,0,0,0,0,0,1,0,0,0,0,0,0,0,0,1,0,0,1,0,0,0,0,0,0,0,0,0
9,Eyeshield 21,https://www.crunchyroll.com/eyeshield-21,https://img1.ak.crunchyroll.com/i/spire3/f7adee8b50d73664021c3e4e3042e8101279142732_full.jpg,12,8466,4.85,action|comedy|sports,99,43,115,547,7662,1,0,1,0,0,0,0,0,0,0,0,0,0,0,0,0,0,0,0,0,0,0,0,0,0,0,1,0,0
10,Hayate the Combat Butler! (S1 e S2),https://www.crunchyroll.com/hayate-the-combat-butler-season-1-2,https://img1.ak.crunchyroll.com/i/spire4/8ad9366eab2ceca1a872a26c5b96574f1446849740_full.jpg,77,5689,4.85,comedy|harem|romance,47,12,92,461,5077,0,0,1,0,0,0,0,1,0,0,0,0,0,0,0,0,0,0,0,1,0,0,0,0,0,0,0,0,0
11,Natsume Yuujinchou,https://www.crunchyroll.com/natsume-yujin-cho,https://img1.ak.crunchyroll.com/i/spire1/3b7183aa0e0b39430cd4f294ab4a9f231327959666_full.jpg,39,5158,4.89,drama|fantasy|slice of life,24,7,58,349,4720,0,0,0,1,0,1,0,0,0,0,0,0,0,0,0,0,0,0,0,0,0,0,0,0,0,1,0,0,0
12,Myself; Yourself,https://www.crunchyroll.com/myself-yourself,https://img1.ak.crunchyroll.com/i/spire3/ce637f84d074ecb1d1a7d65ff85464f21273802656_full.jpg,12,4588,4.8,drama|romance|slice of life,47,24,120,440,3957,0,0,0,1,0,0,0,0,0,0,0,0,0,0,0,0,0,0,0,1,0,0,0,0,0,1,0,0,0
13,Blue Exorcist,https://www.crunchyroll.com/blue-exorcist,https://img1.ak.crunchyroll.com/i/spire1/e0c8a39fa014e57a95ef3682a4cc61d31483733959_full.jpg,12,4498,4.82,action|fantasy|shonen|supernatural,21,18,96,499,3864,1,0,0,0,0,1,0,0,0,0,0,0,0,0,0,0,0,0,0,0,0,0,0,0,1,0,0,1,0
14,Durarara!!,https://www.crunchyroll.com/durarara,https://img1.ak.crunchyroll.com/i/spire4/4e653adda1d5c4622bd496dc10cacf211451958742_full.jpg,62,4042,4.85,action|mystery|supernatural,13,9,53,419,3548,1,0,0,0,0,0,0,0,0,0,0,0,0,0,0,0,0,1,0,0,0,0,0,0,0,0,0,1,0
15,Time of Eve,https://www.crunchyroll.com/time-of-eve,https://img1.ak.crunchyroll.com/i/spire2/afbe92137e5717d72f8f0ec9a9dca9321423792090_full.jpg,6,3864,4.87,drama|sci-fi|slice of life,24,9,42,294,3495,0,0,0,1,0,0,0,0,0,0,0,0,0,0,0,0,0,0,0,0,1,0,0,0,0,1,0,0,0
16,Tegami Bachi Letter Bee,https://www.crunchyroll.com/tegami-bachi-letter-bee,https://img1.ak.crunchyroll.com/i/spire1/beef79da8c22ef118f47afa068143cf21529088431_full.jpg,12,3593,4.83,drama|slice of life|supernatural,6,11,75,395,3106,0,0,0,1,0,0,0,0,0,0,0,0,0,0,0,0,0,0,0,0,0,0,0,0,0,1,0,1,0
17,School Days,https://www.crunchyroll.com/school-days,https://img1.ak.crunchyroll.com/i/spire1/ee4f69cccf34b06057eb7d3ae48f57191345364926_full.jpg,12,3484,4.13,drama|harem|romance,371,120,271,644,2078,0,0,0,1,0,0,0,1,0,0,0,0,0,0,0,0,0,0,0,1,0,0,0,0,0,0,0,0,0
18,Sword Art Online,https://www.crunchyroll.com/sword-art-online,https://img1.ak.crunchyroll.com/i/spire1/1695b24f123889418228be89e00b9a0d1570828158_full.jpg,89,3458,4.4,fantasy,163,153,284,385,2473,0,0,0,0,0,1,0,0,0,0,0,0,0,0,0,0,0,0,0,0,0,0,0,0,0,0,0,0,0
19,The World God Only Knows,https://www.crunchyroll.com/the-world-god-only-knows,https://img1.ak.crunchyroll.com/i/spire3/4462386a1d99869f81bcc2cf3effc7671375831867_full.jpg,36,3443,4.77,comedy|harem|romance,13,18,97,485,2830,0,0,1,0,0,0,0,1,0,0,0,0,0,0,0,0,0,0,0,1,0,0,0,0,0,0,0,0,0
20,Demon King Daimao,https://www.crunchyroll.com/demon-king-daimao,https://img1.ak.crunchyroll.com/i/spire4/d876e77fc48e04830e37083c768453cf1279145332_full.jpg,12,3420,4.72,action|comedy|fantasy|harem|romance,30,26,125,504,2735,1,0,1,0,0,1,0,1,0,0,0,0,0,0,0,0,0,0,0,1,0,0,0,0,0,0,0,0,0
21,Neo Angelique Abyss,https://www.crunchyroll.com/neo-angelique-abyss,https://img1.ak.crunchyroll.com/i/spire4/a2fa03b20ae43176088bddfbbd60ae901279148471_full.jpg,12,3258,4.75,comedy|fantasy|romance,43,24,121,334,2736,0,0,1,0,0,1,0,0,0,0,0,0,0,0,0,0,0,0,0,1,0,0,0,0,0,0,0,0,0
22,Happiness!,https://www.crunchyroll.com/happiness,https://img1.ak.crunchyroll.com/i/spire3/2ccca23700d511a033d047ca0ae037ec1279142545_full.jpg,12,3069,4.73,fantasy|harem|romance,52,17,92,373,2535,0,0,0,0,0,1,0,1,0,0,0,0,0,0,0,0,0,0,0,1,0,0,0,0,0,0,0,0,0
23,Linebarrels of Iron,https://www.crunchyroll.com/linebarrels-of-iron,https://img1.ak.crunchyroll.com/i/spire1/7693af688a4ecab8da7f349ffa7d25691279142985_full.jpg,12,3026,4.58,action|mecha|sci-fi,145,25,130,365,2361,1,0,0,0,0,0,0,0,0,0,0,0,0,0,0,1,0,0,0,0,1,0,0,0,0,0,0,0,0
24,Beelzebub,https://www.crunchyroll.com/beelzebub,https://img1.ak.crunchyroll.com/i/spire3/be709d61c2952bd6f73cbcf949b8e8931293503784_full.jpg,12,2928,4.79,action|comedy|supernatural,11,18,80,355,2464,1,0,1,0,0,0,0,0,0,0,0,0,0,0,0,0,0,0,0,0,0,0,0,0,0,0,0,1,0
25,Nogizaka Haruka no Himitsu,https://www.crunchyroll.com/nogizaka-haruka-no-himitsu,https://img1.ak.crunchyroll.com/i/spire3/c50f5b571000791ccac45e802c28f5471281738341_full.jpg,12,2504,4.85,comedy|romance|slice of life,24,7,39,192,2242,0,0,1,0,0,0,0,0,0,0,0,0,0,0,0,0,0,0,0,1,0,0,0,0,0,1,0,0,0
26,Chi's Sweet Home - Chi's New Address,https://www.crunchyroll.com/chis-sweet-home-chis-new-address,https://img1.ak.crunchyroll.com/i/spire2/0c9da2e3085a7acb7207ffb47785ea241279145339_full.jpg,12,2467,4.84,slice of life,30,8,31,182,2216,0,0,0,0,0,0,0,0,0,0,0,0,0,0,0,0,0,0,0,0,0,0,0,0,0,1,0,0,0
27,Hanasakeru Seishonen,https://www.crunchyroll.com/hanasakeru-seishonen,https://img1.ak.crunchyroll.com/i/spire4/cd62441dec5884c39a8fd5567453e4ad1377640989_full.jpg,12,2461,4.81,drama|romance,21,11,52,255,2122,0,0,0,1,0,0,0,0,0,0,0,0,0,0,0,0,0,0,0,1,0,0,0,0,0,0,0,0,0
28,Saki,https://www.crunchyroll.com/saki,https://img1.ak.crunchyroll.com/i/spire4/d9f5e51c6ce7a1c3c36cd0728596d2dc1389320768_full.jpg,38,2367,4.7,slice of life|sports,29,19,80,368,1871,0,0,0,0,0,0,0,0,0,0,0,0,0,0,0,0,0,0,0,0,0,0,0,0,0,1,1,0,0
29,Slam Dunk,https://www.crunchyroll.com/slam-dunk,https://img1.ak.crunchyroll.com/i/spire4/f26a43ba646fa169a232726fe578d0cd1279145968_full.jpg,12,2351,4.7,comedy|slice of life|sports,96,14,73,144,2024,0,0,1,0,0,0,0,0,0,0,0,0,0,0,0,0,0,0,0,0,0,0,0,0,0,1,1,0,0
30,The Tower of DRUAGA -the Aegis of URUK-,https://www.crunchyroll.com/the-tower-of-druaga-the-aegis-of-uruk-,https://img1.ak.crunchyroll.com/i/spire1/f9b8ee91d8312ed2f603b5ce2c9864651279143586_full.jpg,12,2247,4.75,adventure|comedy|fantasy,41,15,50,248,1893,0,1,1,0,0,1,0,0,0,0,0,0,0,0,0,0,0,0,0,0,0,0,0,0,0,0,0,0,0
31,Hunter x Hunter,https://www.crunchyroll.com/hunter-x-hunter,https://img1.ak.crunchyroll.com/i/spire3/cbb55a6382682bf71e91f685c6473c5a1487736090_full.jpg,148,2244,4.85,action|adventure|fantasy|shonen,21,13,51,122,2037,1,1,0,0,0,1,0,0,0,0,0,0,0,0,0,0,0,0,0,0,0,0,0,0,1,0,0,0,0
32,11eyes,https://www.crunchyroll.com/11eyes,https://img1.ak.crunchyroll.com/i/spire2/1b95d5f8110840d5b1ab4c93a669d1641423696225_full.jpg,12,2137,4.58,harem|seinen,43,42,111,375,1566,0,0,0,0,0,0,0,1,0,0,0,0,0,0,0,0,0,0,0,0,0,1,0,0,0,0,0,0,0
33,Attack on Titan,https://www.crunchyroll.com/attack-on-titan,https://img1.ak.crunchyroll.com/i/spire1/13b484b48acc14537703fbc505b087121558560482_full.jpg,60,2014,4.73,action|adventure|drama|fantasy|post-apocalyptic|thriller,43,32,56,157,1726,1,1,0,1,0,1,0,0,0,0,0,0,0,0,0,0,0,0,1,0,0,0,0,0,0,0,0,0,1
34,Koihime Musou,https://www.crunchyroll.com/koihime-musou,https://img1.ak.crunchyroll.com/i/spire4/84dd3c515706a4327d702a251fe49fce1279144317_full.jpg,12,1979,4.75,action|adventure,28,11,56,232,1652,1,1,0,0,0,0,0,0,0,0,0,0,0,0,0,0,0,0,0,0,0,0,0,0,0,0,0,0,0
35,Black Clover,https://www.crunchyroll.com/black-clover,https://img1.ak.crunchyroll.com/i/spire2/1a39d39cbe3346cce5e44577cbb895041579741401_full.jpg,127,1941,3.84,action|adventure|comedy|fantasy|shonen,288,173,147,294,1039,1,1,1,0,0,1,0,0,0,0,0,0,0,0,0,0,0,0,0,0,0,0,0,0,1,0,0,0,0
36,H2O: Footprints in the Sand,https://www.crunchyroll.com/h2o-footprints-in-the-sand,https://img1.ak.crunchyroll.com/i/spire2/43e53321a8781400c87245a397894b021289442503_full.jpg,12,1889,4.77,drama|romance|slice of life,27,15,49,177,1621,0,0,0,1,0,0,0,0,0,0,0,0,0,0,0,0,0,0,0,1,0,0,0,0,0,1,0,0,0
37,BLASSREITER,https://www.crunchyroll.com/blassreiter,https://img1.ak.crunchyroll.com/i/spire4/c4b257b8b59b571badc7d4a9cda33c511519930182_full.jpg,12,1869,4.63,action|drama|mecha|sci-fi,67,25,64,213,1500,1,0,0,1,0,0,0,0,0,0,0,0,0,0,0,1,0,0,0,0,1,0,0,0,0,0,0,0,0
38,Another,https://www.crunchyroll.com/another,https://img1.ak.crunchyroll.com/i/spire1/6a63d28dc4193210a69c83f1fca67bf21325886769_full.jpg,12,1859,4.71,mystery,21,16,64,285,1473,0,0,0,0,0,0,0,0,0,0,0,0,0,0,0,0,0,1,0,0,0,0,0,0,0,0,0,0,0
39,Glass Mask,https://www.crunchyroll.com/glass-mask,https://img1.ak.crunchyroll.com/i/spire4/bd41592934a765aae9a2fcde70d9ceeb1423783807_full.jpg,12,1709,4.84,romance,21,9,22,119,1538,0,0,0,0,0,0,0,0,0,0,0,0,0,0,0,0,0,0,0,1,0,0,0,0,0,0,0,0,0
40,The Tower of DRUAGA -the Sword of URUK-,https://www.crunchyroll.com/the-tower-of-druaga-the-sword-of-uruk-,https://img1.ak.crunchyroll.com/i/spire2/9f83cdc6c90b81fa0c3c9943f74171dd1279145290_full.jpg,12,1645,4.71,adventure|comedy|fantasy,31,9,59,206,1340,0,1,1,0,0,1,0,0,0,0,0,0,0,0,0,0,0,0,0,0,0,0,0,0,0,0,0,0,0
41,5 Centímetros por Segundo,https://www.crunchyroll.com/5-centimeters-per-second,https://img1.ak.crunchyroll.com/i/spire4/db2c5206881d37ff23f027988e1116091362702997_full.jpg,12,1518,4.84,drama|romance,18,7,27,97,1369,0,0,0,1,0,0,0,0,0,0,0,0,0,0,0,0,0,0,0,1,0,0,0,0,0,0,0,0,0
42,Dragon Crisis,https://www.crunchyroll.com/dragon-crisis,https://img1.ak.crunchyroll.com/i/spire1/2a4b1968412e2a3bb4bc081cba66d79c1293501286_full.jpg,12,1514,4.71,action|fantasy|harem,6,14,63,252,1179,1,0,0,0,0,1,0,1,0,0,0,0,0,0,0,0,0,0,0,0,0,0,0,0,0,0,0,0,0
43,Inu X Boku Secret Service,https://www.crunchyroll.com/inu-x-boku-secret-service,https://img1.ak.crunchyroll.com/i/spire2/8e9deb3d532eb37c9d437ec63a8fe0901326138594_full.jpg,12,1473,4.75,,11,13,55,181,1213,0,0,0,0,0,0,0,0,0,0,0,0,0,0,0,0,0,0,0,0,0,0,0,0,0,0,0,0,0
44,The Rising of the Shield Hero,https://www.crunchyroll.com/the-rising-of-the-shield-hero,https://img1.ak.crunchyroll.com/i/spire4/25627becf63b169d19af7efee6122e791555537428_full.jpg,25,1409,4.72,action|adventure|drama|fantasy|isekai|seinen,36,29,41,85,1218,1,1,0,1,0,1,0,0,0,0,0,1,0,0,0,0,0,0,0,0,0,1,0,0,0,0,0,0,0
45,Asura Cryin',https://www.crunchyroll.com/asura-cryin,https://img1.ak.crunchyroll.com/i/spire3/80d9bd5768c9ab994feabf7f592fc29d1273791851_full.jpg,12,1406,4.73,action|fantasy|harem|mecha,10,14,53,190,1139,1,0,0,0,0,1,0,1,0,0,0,0,0,0,0,1,0,0,0,0,0,0,0,0,0,0,0,0,0
46,Usagi Drop,https://www.crunchyroll.com/usagi-drop,https://img1.ak.crunchyroll.com/i/spire3/5cbf0fdfe8d3c0aafca4732d2c1f3df71309282623_full.jpg,12,1402,4.89,comedy|drama|slice of life,6,0,15,106,1275,0,0,1,1,0,0,0,0,0,0,0,0,0,0,0,0,0,0,0,0,0,0,0,0,0,1,0,0,0
47,07 Ghost,https://www.crunchyroll.com/07-ghost,https://img1.ak.crunchyroll.com/i/spire4/1d3f1855ba933617b4d6792d9d3154191300831088_full.jpg,12,1400,4.78,fantasy,9,14,27,180,1170,0,0,0,0,0,1,0,0,0,0,0,0,0,0,0,0,0,0,0,0,0,0,0,0,0,0,0,0,0
48,No. 6,https://www.crunchyroll.com/no-6,https://img1.ak.crunchyroll.com/i/spire3/dca9bed9a499f3726c8d8b2739597cb11310169368_full.jpg,12,1374,4.68,action|adventure,18,13,62,198,1083,1,1,0,0,0,0,0,0,0,0,0,0,0,0,0,0,0,0,0,0,0,0,0,0,0,0,0,0,0
49,SKET Dance,https://www.crunchyroll.com/sket-dance,https://img1.ak.crunchyroll.com/i/spire3/69265eb93a25ab7d8a9180eb18be87f91301520977_full.jpg,77,1364,4.77,comedy|shonen|slice of life,11,8,33,173,1139,0,0,1,0,0,0,0,0,0,0,0,0,0,0,0,0,0,0,0,0,0,0,0,0,1,1,0,0,0
50,Otome Yokai Zakuro,https://www.crunchyroll.com/otome-yokai-zakuro,https://img1.ak.crunchyroll.com/i/spire3/386d1502f639bf789e6d3cdb81ec8efd1285798977_full.jpg,12,1326,4.77,action|historical|romance,5,2,40,193,1086,1,0,0,0,0,0,0,0,1,0,0,0,0,0,0,0,0,0,0,1,0,0,0,0,0,0,0,0,0
51,Lilpri,https://www.crunchyroll.com/lilpri,https://img1.ak.crunchyroll.com/i/spire1/1d6757bf2a0ecd6009200ec8954986e21275429494_full.jpg,12,1323,4.79,comedy|fantasy|music,14,3,36,136,1134,0,0,1,0,0,1,0,0,0,0,0,0,0,0,0,0,1,0,0,0,0,0,0,0,0,0,0,0,0
52,Squid Girl,https://www.crunchyroll.com/squid-girl,https://img1.ak.crunchyroll.com/i/spire3/cd29219a95ba07cf19a03065086d457d1285618435_full.jpg,26,1319,4.72,comedy|supernatural,10,11,43,213,1042,0,0,1,0,0,0,0,0,0,0,0,0,0,0,0,0,0,0,0,0,0,0,0,0,0,0,0,1,0
53,Yokuwakaru Gendai Maho,https://www.crunchyroll.com/yokuwakaru-gendai-maho,https://img1.ak.crunchyroll.com/i/spire1/9ba846366ac278397026fc0dbd85ad241279145309_full.jpg,12,1288,4.59,magical girls,29,18,65,234,942,0,0,0,0,0,0,0,0,0,0,0,0,0,1,0,0,0,0,0,0,0,0,0,0,0,0,0,0,0
54,A Bridge to the Starry Skies - Hoshizora e Kakaru Hashi,https://www.crunchyroll.com/a-bridge-to-the-starry-skies-hoshizora-e-kakaru-hashi,https://img1.ak.crunchyroll.com/i/spire1/81dd54fdff01b94c9d0db26cde9d345b1301615143_full.jpg,12,1282,4.68,harem|seinen,17,14,56,187,1008,0,0,0,0,0,0,0,1,0,0,0,0,0,0,0,0,0,0,0,0,0,1,0,0,0,0,0,0,0
55,Occult Academy,https://www.crunchyroll.com/occult-academy,https://img1.ak.crunchyroll.com/i/spire4/f04613ba958a842966e71eefa78902851277849939_full.jpg,12,1273,4.58,adventure|supernatural,10,13,69,315,866,0,1,0,0,0,0,0,0,0,0,0,0,0,0,0,0,0,0,0,0,0,0,0,0,0,0,0,1,0
56,Kaasan Mom's Life,https://www.crunchyroll.com/kaasan-moms-life,https://img1.ak.crunchyroll.com/i/spire1/6dc85bff282441835d9807ec70a88d5f1279147059_full.jpg,12,1201,4.69,comedy|slice of life,33,8,37,141,982,0,0,1,0,0,0,0,0,0,0,0,0,0,0,0,0,0,0,0,0,0,0,0,0,0,1,0,0,0
57,Re:ZERO -Starting Life in Another World-,https://www.crunchyroll.com/rezero-starting-life-in-another-world-,https://img1.ak.crunchyroll.com/i/spire2/4ea073a64ebabedc9a2d2d690659c8c01579337678_full.jpg,63,1164,4.55,action|adventure|comedy|drama|fantasy|isekai|romance,44,34,60,120,906,1,1,1,1,0,1,0,0,0,0,0,1,0,0,0,0,0,0,0,1,0,0,0,0,0,0,0,0,0
58,One Piece,https://www.crunchyroll.com/one-piece,https://img1.ak.crunchyroll.com/i/spire4/8056a82e973dde98ebb82abd39dc69731564519729_full.jpg,1135,1142,4.7,action|adventure|fantasy|shonen,42,15,35,63,987,1,1,0,0,0,1,0,0,0,0,0,0,0,0,0,0,0,0,0,0,0,0,0,0,1,0,0,0,0
59,A Dark Rabbit has Seven Lives,https://www.crunchyroll.com/a-dark-rabbit-has-seven-lives,https://img1.ak.crunchyroll.com/i/spire1/65d9ba376a2df8b74499550166ae1fa31310005744_full.jpg,12,1130,4.62,,24,25,49,157,875,0,0,0,0,0,0,0,0,0,0,0,0,0,0,0,0,0,0,0,0,0,0,0,0,0,0,0,0,0
60,Kono Aozora ni Yakusoku wo,https://www.crunchyroll.com/kono-aozora-ni-yakusoku-wo,https://img1.ak.crunchyroll.com/i/spire3/e36ef8cda32620a906bc784fb168f8961279145347_full.jpg,12,1119,4.6,drama|harem,37,14,59,144,865,0,0,0,1,0,0,0,1,0,0,0,0,0,0,0,0,0,0,0,0,0,0,0,0,0,0,0,0,0
61,Fate/Zero,https://www.crunchyroll.com/fatezero,https://img1.ak.crunchyroll.com/i/spire3/2ee05df6e44530437069955b71f09daf1317839234_full.jpg,25,1097,4.79,action|fantasy|supernatural|thriller,12,8,25,109,943,1,0,0,0,0,1,0,0,0,0,0,0,0,0,0,0,0,0,0,0,0,0,0,0,0,0,0,1,1
62,JoJo's Bizarre Adventure,https://www.crunchyroll.com/jojos-bizarre-adventure,https://img1.ak.crunchyroll.com/i/spire3/04b29833ccaaf2ee6bda1d08f2f02ecf1539039197_full.jpg,158,1074,4.87,action|adventure|shonen|supernatural,9,6,16,52,991,1,1,0,0,0,0,0,0,0,0,0,0,0,0,0,0,0,0,0,0,0,0,0,0,1,0,0,1,0
63,Chihayafuru,https://www.crunchyroll.com/chihayafuru,https://img1.ak.crunchyroll.com/i/spire1/3711c8d7170680a6f6fa3503b2ca7da31572467477_full.jpg,74,1054,4.83,drama|romance|slice of life|sports,9,4,21,90,930,0,0,0,1,0,0,0,0,0,0,0,0,0,0,0,0,0,0,0,1,0,0,0,0,0,1,1,0,0
64,My Hero Academia,https://www.crunchyroll.com/my-hero-academia,https://img1.ak.crunchyroll.com/i/spire2/cccce22d1dfaaf713284a617ee0b539a1572467883_full.jpg,86,1025,4.8,action|fantasy|shonen,16,10,23,63,913,1,0,0,0,0,1,0,0,0,0,0,0,0,0,0,0,0,0,0,0,0,0,0,0,1,0,0,0,0
65,Your lie in April,https://www.crunchyroll.com/your-lie-in-april,https://img1.ak.crunchyroll.com/i/spire3/40e6c04e05ce1efb08815b870a6d39331412797514_full.jpg,22,1014,4.85,drama|music|romance|shonen,8,7,25,53,921,0,0,0,1,0,0,0,0,0,0,0,0,0,0,0,0,1,0,0,1,0,0,0,0,1,0,0,0,0
66,Fairy Musketeers,https://www.crunchyroll.com/fairy-musketeers,https://img1.ak.crunchyroll.com/i/spire3/c50dddde547e8c8e64dd51abee3ea2921279145317_full.jpg,12,1001,4.77,fantasy|magical girls,20,3,25,94,859,0,0,0,0,0,1,0,0,0,0,0,0,0,1,0,0,0,0,0,0,0,0,0,0,0,0,0,0,0
67,Air Master,https://www.crunchyroll.com/air-master,https://img1.ak.crunchyroll.com/i/spire3/d2f7dc87bc7ff25c034396460d55cfab1273790662_full.jpg,12,973,4.5,seinen,42,9,70,148,704,0,0,0,0,0,0,0,0,0,0,0,0,0,0,0,0,0,0,0,0,0,1,0,0,0,0,0,0,0
68,Nogizaka Haruka no Himitsu - Purezza -,https://www.crunchyroll.com/nogizaka-haruka-no-himitsu-purezza-,https://img1.ak.crunchyroll.com/i/spire4/948bff2ae507a9102a8d8550fe1263ee1279146445_full.jpg,12,966,4.76,comedy|romance|slice of life,10,6,22,132,796,0,0,1,0,0,0,0,0,0,0,0,0,0,0,0,0,0,0,0,1,0,0,0,0,0,1,0,0,0
69,Hyakko,https://www.crunchyroll.com/hyakko,https://img1.ak.crunchyroll.com/i/spire2/76f3cb6b81dccd992916ea149220dfb41450743734_full.jpg,12,956,4.7,comedy,22,9,25,124,776,0,0,1,0,0,0,0,0,0,0,0,0,0,0,0,0,0,0,0,0,0,0,0,0,0,0,0,0,0
70,Is It Wrong to Try to Pick Up Girls in a Dungeon?,https://www.crunchyroll.com/is-it-wrong-to-try-to-pick-up-girls-in-a-dungeon,https://img1.ak.crunchyroll.com/i/spire4/316cad91725ebe89703b8306e95e9d941564075240_full.jpg,26,947,4.62,adventure|comedy|fantasy|harem|romance,26,25,41,100,755,0,1,1,0,0,1,0,1,0,0,0,0,0,0,0,0,0,0,0,1,0,0,0,0,0,0,0,0,0
71,DARLING in the FRANXX,https://www.crunchyroll.com/darling-in-the-franxx,https://img1.ak.crunchyroll.com/i/spire4/e8e3c09f8450c3d8a90a03e2198688f61515484130_full.jpg,50,946,4.34,action|drama|mecha|romance|sci-fi,52,49,83,101,661,1,0,0,1,0,0,0,0,0,0,0,0,0,0,0,1,0,0,0,1,1,0,0,0,0,0,0,0,0
72,"Listen to Me, Girls, I’m Your Father!",https://www.crunchyroll.com/listen-to-me-girls-im-your-father,https://img1.ak.crunchyroll.com/i/spire4/ab1040e21dceb2f4866d623507dcafdd1336684022_full.jpg,12,937,4.68,harem,17,6,41,131,742,0,0,0,0,0,0,0,1,0,0,0,0,0,0,0,0,0,0,0,0,0,0,0,0,0,0,0,0,0
73,BORUTO: NARUTO NEXT GENERATIONS,https://www.crunchyroll.com/boruto-naruto-next-generations,https://img1.ak.crunchyroll.com/i/spire1/ffe5a84ffeafce5f20693f7e9b6ff0151579221442_full.jpg,148,893,3.21,action|adventure|fantasy|shonen,237,127,80,111,338,1,1,0,0,0,1,0,0,0,0,0,0,0,0,0,0,0,0,0,0,0,0,0,0,1,0,0,0,0
74,Brave 10,https://www.crunchyroll.com/brave-10,https://img1.ak.crunchyroll.com/i/spire3/0ad95ed4fd62f25cf311c5c19d4198661325696546_full.jpg,12,892,4.64,historical,12,13,41,150,676,0,0,0,0,0,0,0,0,1,0,0,0,0,0,0,0,0,0,0,0,0,0,0,0,0,0,0,0,0
75,HEROMAN,https://www.crunchyroll.com/heroman,https://img1.ak.crunchyroll.com/i/spire4/553eb268c3b32b6228cc3f75b4a44a3e1279147038_full.jpg,12,891,4.55,mecha,18,9,58,187,619,0,0,0,0,0,0,0,0,0,0,0,0,0,0,0,1,0,0,0,0,0,0,0,0,0,0,0,0,0
76,Food Wars! Shokugeki no Soma,https://www.crunchyroll.com/food-wars-shokugeki-no-soma,https://img1.ak.crunchyroll.com/i/spire4/bdb7cd339117868cd6696dce922f318e1571270456_full.jpg,74,884,4.77,action|comedy|shonen,10,16,17,84,757,1,0,1,0,0,0,0,0,0,0,0,0,0,0,0,0,0,0,0,0,0,0,0,0,1,0,0,0,0
77,Miracle Train,https://www.crunchyroll.com/miracle-train,https://img1.ak.crunchyroll.com/i/spire2/af71aa0173370eb9b7053735ec1592fc1435081453_full.jpg,12,873,4.6,romance,20,15,47,132,659,0,0,0,0,0,0,0,0,0,0,0,0,0,0,0,0,0,0,0,1,0,0,0,0,0,0,0,0,0
78,Kanamemo,https://www.crunchyroll.com/kanamemo,https://img1.ak.crunchyroll.com/i/spire1/cccfaba0a20473634e3056e44966b4a21505349456_full.jpg,12,855,4.64,comedy|slice of life,19,5,35,144,652,0,0,1,0,0,0,0,0,0,0,0,0,0,0,0,0,0,0,0,0,0,0,0,0,0,1,0,0,0
79,Ristorante Paradiso,https://www.crunchyroll.com/ristorante-paradiso,https://img1.ak.crunchyroll.com/i/spire2/298c1dc60226f4e97e7355caff4b9e1f1450826623_full.jpg,12,846,4.62,drama|romance|slice of life,20,2,43,149,632,0,0,0,1,0,0,0,0,0,0,0,0,0,0,0,0,0,0,0,1,0,0,0,0,0,1,0,0,0
80,Black Jack,https://www.crunchyroll.com/black-jack,https://img1.ak.crunchyroll.com/i/spire3/4ae3ad8063e5dba770c2e39bfe01f6a11422326960_full.jpg,12,842,4.71,adventure|drama,26,8,15,83,710,0,1,0,1,0,0,0,0,0,0,0,0,0,0,0,0,0,0,0,0,0,0,0,0,0,0,0,0,0
81,Hanamaru Kindergarten,https://www.crunchyroll.com/hanamaru-kindergarten,https://img1.ak.crunchyroll.com/i/spire2/4cf51d9ef0398071bf43d087a62b3f831279147051_full.jpg,12,826,4.76,adventure|comedy|slice of life,6,3,26,111,680,0,1,1,0,0,0,0,0,0,0,0,0,0,0,0,0,0,0,0,0,0,0,0,0,0,1,0,0,0
82,Demon Slayer: Kimetsu no Yaiba,https://www.crunchyroll.com/demon-slayer-kimetsu-no-yaiba,https://img1.ak.crunchyroll.com/i/spire3/f1fe5c7a43cb2f38f4152a58f89479821554508873_full.jpg,26,820,4.87,action|drama|supernatural,3,7,18,35,757,1,0,0,1,0,0,0,0,0,0,0,0,0,0,0,0,0,0,0,0,0,0,0,0,0,0,0,1,0
83,GOBLIN SLAYER,https://www.crunchyroll.com/goblin-slayer,https://img1.ak.crunchyroll.com/i/spire4/0b07451e9b20be6c024833a762a2e6a81538837010_full.jpg,13,818,4.48,action|adventure|fantasy,50,27,33,78,630,1,1,0,0,0,1,0,0,0,0,0,0,0,0,0,0,0,0,0,0,0,0,0,0,0,0,0,0,0
84,Sound of the Sky,https://www.crunchyroll.com/sound-of-the-sky,https://img1.ak.crunchyroll.com/i/spire3/8261f2e111f9d0f92a385fd6e7d114f41279146478_full.jpg,12,817,4.74,adventure|drama|music|post-apocalyptic|slice of life,5,3,25,134,650,0,1,0,1,0,0,0,0,0,0,0,0,0,0,0,0,1,0,1,0,0,0,0,0,0,1,0,0,0
85,Shin Koihime Musou,https://www.crunchyroll.com/shin-koihime-musou,https://img1.ak.crunchyroll.com/i/spire2/66d8bbabb6e9e3e5c0368ee303e243961279146438_full.jpg,12,815,4.76,action,5,6,27,101,676,1,0,0,0,0,0,0,0,0,0,0,0,0,0,0,0,0,0,0,0,0,0,0,0,0,0,0,0,0
86,ERASED,https://www.crunchyroll.com/erased,https://img1.ak.crunchyroll.com/i/spire4/3727644b109279e2cb405ac89b0f293f1452549294_full.jpg,13,797,4.86,drama|mystery|thriller,8,6,7,50,726,0,0,0,1,0,0,0,0,0,0,0,0,0,0,0,0,0,1,0,0,0,0,0,0,0,0,0,0,1
87,Saint Seiya The Lost Canvas,https://www.crunchyroll.com/saint-seiya-the-lost-canvas,https://img1.ak.crunchyroll.com/i/spire3/37207b1afe3f78586159e0dedeb7cec21294189191_full.jpg,12,796,4.74,action|adventure|fantasy,5,2,28,124,637,1,1,0,0,0,1,0,0,0,0,0,0,0,0,0,0,0,0,0,0,0,0,0,0,0,0,0,0,0
88,Oreimo,https://www.crunchyroll.com/oreimo,https://img1.ak.crunchyroll.com/i/spire3/71fdb236017dcba7006a08fa67bedff91365924507_full.jpg,13,795,4.42,drama|romance|slice of life,31,35,52,130,547,0,0,0,1,0,0,0,0,0,0,0,0,0,0,0,0,0,0,0,1,0,0,0,0,0,1,0,0,0
89,Puella Magi Madoka Magica,https://www.crunchyroll.com/puella-magi-madoka-magica,https://img1.ak.crunchyroll.com/i/spire2/7facd20f5216202349ad2fc3119e2e5b1329936788_full.jpg,12,791,4.82,drama|fantasy|magical girls|thriller,7,4,17,68,695,0,0,0,1,0,1,0,0,0,0,0,0,0,1,0,0,0,0,0,0,0,0,0,0,0,0,0,0,1
90,Bodacious Space Pirates,https://www.crunchyroll.com/bodacious-space-pirates,https://img1.ak.crunchyroll.com/i/spire3/d8a4a69bb844d45f649b427bdd8cee981324617644_full.jpg,26,791,4.66,comedy,6,18,43,104,620,0,0,1,0,0,0,0,0,0,0,0,0,0,0,0,0,0,0,0,0,0,0,0,0,0,0,0,0,0
91,YuruYuri,https://www.crunchyroll.com/yuruyuri,https://img1.ak.crunchyroll.com/i/spire4/3780ca878ee756a73dfeba8b63b0aa761444072040_full.jpg,36,789,4.64,comedy|slice of life,12,5,46,128,598,0,0,1,0,0,0,0,0,0,0,0,0,0,0,0,0,0,0,0,0,0,0,0,0,0,1,0,0,0
92,No Game No Life,https://www.crunchyroll.com/no-game-no-life,https://img1.ak.crunchyroll.com/i/spire1/5a4525c6fc5508fa27f0ed229ad2cbde1396985147_full.jpg,12,788,4.7,adventure|comedy|fantasy|isekai|sci-fi,11,16,25,93,643,0,1,1,0,0,1,0,0,0,0,0,1,0,0,0,0,0,0,0,0,1,0,0,0,0,0,0,0,0
93,Pretty Cure,https://www.crunchyroll.com/pretty-cure,https://img1.ak.crunchyroll.com/i/spire3/2c2ddc52a3a60f868db0f4d1e98fadaf1449540985_full.jpg,12,777,4.56,magical girls,40,8,29,97,603,0,0,0,0,0,0,0,0,0,0,0,0,0,1,0,0,0,0,0,0,0,0,0,0,0,0,0,0,0
94,Akame ga Kill!,https://www.crunchyroll.com/akame-ga-kill,https://img1.ak.crunchyroll.com/i/spire3/4fe71ff4ce4cf1b0d13b814d42ba51bc1404629753_full.jpg,24,767,4.27,action|adventure|drama|fantasy,38,39,68,154,468,1,1,0,1,0,1,0,0,0,0,0,0,0,0,0,0,0,0,0,0,0,0,0,0,0,0,0,0,0
95,RWBY,https://www.crunchyroll.com/rwby,https://img1.ak.crunchyroll.com/i/spire4/3bbbf0e26ea56bf53b1f7158f2011d0a1561489064_full.jpg,102,761,4.03,,82,58,49,135,437,0,0,0,0,0,0,0,0,0,0,0,0,0,0,0,0,0,0,0,0,0,0,0,0,0,0,0,0,0
96,Gankutsuou,https://www.crunchyroll.com/gankutsuou,https://img1.ak.crunchyroll.com/i/spire4/8d1de125068d1f7f18dacab8c72b54741424476276_full.jpg,12,741,4.74,,11,10,17,81,622,0,0,0,0,0,0,0,0,0,0,0,0,0,0,0,0,0,0,0,0,0,0,0,0,0,0,0,0,0
97,Mysterious Girlfriend X,https://www.crunchyroll.com/mysterious-girlfriend-x,https://img1.ak.crunchyroll.com/i/spire3/69d6d92c68c58654465f62c1c903d9911505343039_full.jpg,13,733,4.69,comedy|romance,13,13,22,93,592,0,0,1,0,0,0,0,0,0,0,0,0,0,0,0,0,0,0,0,1,0,0,0,0,0,0,0,0,0
98,That Time I Got Reincarnated as a Slime,https://www.crunchyroll.com/that-time-i-got-reincarnated-as-a-slime,https://img1.ak.crunchyroll.com/i/spire4/15a59c8efa8ea6cccb53fff530c2f1921548272848_full.jpg,27,731,4.65,action|adventure|fantasy|isekai|slice of life,11,18,41,75,586,1,1,0,0,0,1,0,0,0,0,0,1,0,0,0,0,0,0,0,0,0,0,0,0,0,1,0,0,0
99,Sweet Blue Flowers,https://www.crunchyroll.com/sweet-blue-flowers,https://img1.ak.crunchyroll.com/i/spire1/36d06bbdde095f3bca2653eded52200d1450743786_full.jpg,12,730,4.68,drama|romance|slice of life,17,6,23,103,581,0,0,0,1,0,0,0,0,0,0,0,0,0,0,0,0,0,0,0,1,0,0,0,0,0,1,0,0,0
100,"We, Without Wings - under the innocent sky",https://www.crunchyroll.com/we-without-wings-under-the-innocent-sky,https://img1.ak.crunchyroll.com/i/spire4/2234934e7b220a58df2a02d72b69c8021301414782_full.jpg,12,730,4.51,harem|romance,17,19,49,132,513,0,0,0,0,0,0,0,1,0,0,0,0,0,0,0,0,0,0,0,1,0,0,0,0,0,0,0,0,0
101,Kiseijuu,https://www.crunchyroll.com/parasyte-the-maxim-,https://img1.ak.crunchyroll.com/i/spire2/7d31dfaf49397a8cc1e490ccedea04e21422401583_full.jpg,24,717,4.75,action|drama|sci-fi|seinen|thriller,6,7,21,91,592,1,0,0,1,0,0,0,0,0,0,0,0,0,0,0,0,0,0,0,0,1,1,0,0,0,0,0,0,1
102,Kamisama Dolls,https://www.crunchyroll.com/kamisama-dolls,https://img1.ak.crunchyroll.com/i/spire2/5b80f204841b686dca994f674c2fb3911310009898_full.jpg,12,705,4.58,action|drama|seinen|supernatural,6,7,39,172,481,1,0,0,1,0,0,0,0,0,0,0,0,0,0,0,0,0,0,0,0,0,1,0,0,0,0,0,1,0
103,NATSU NO ARASHI !,https://www.crunchyroll.com/natsu-no-arashi-,https://img1.ak.crunchyroll.com/i/spire2/4edbaac80ed0d53f0986c484e420fa7d1279147067_full.jpg,12,690,4.46,comedy|romance|supernatural,30,5,46,147,462,0,0,1,0,0,0,0,0,0,0,0,0,0,0,0,0,0,0,0,1,0,0,0,0,0,0,0,1,0
104,Toradora!,https://www.crunchyroll.com/toradora,https://img1.ak.crunchyroll.com/i/spire2/0c40842ee6753a33e292ab258eb901171406587958_full.jpg,25,689,4.82,comedy|drama|romance|slice of life,5,5,12,65,602,0,0,1,1,0,0,0,0,0,0,0,0,0,0,0,0,0,0,0,1,0,0,0,0,0,1,0,0,0
105,Ano Natsu de Matteru,https://www.crunchyroll.com/ano-natsu-de-matteru,https://img1.ak.crunchyroll.com/i/spire4/421d404c6a1cfb9f5e103b709cf364981325706809_full.jpg,12,685,4.69,drama|romance|slice of life,12,10,21,94,548,0,0,0,1,0,0,0,0,0,0,0,0,0,0,0,0,0,0,0,1,0,0,0,0,0,1,0,0,0
106,KILL la KILL,https://www.crunchyroll.com/kill-la-kill,https://img1.ak.crunchyroll.com/i/spire3/5142ab9ed5dd56153b731de52021ac5b1379547918_full.jpg,24,682,4.6,action|adventure|comedy|drama|mecha|post-apocalyptic|sci-fi|shonen,17,23,21,92,529,1,1,1,1,0,0,0,0,0,0,0,0,0,0,0,1,0,0,1,0,1,0,0,0,1,0,0,0,0
107,The Ancient Magus' Bride,https://www.crunchyroll.com/the-ancient-magus-bride,https://img1.ak.crunchyroll.com/i/spire2/fcd25c135faf173a4d8a67a82b3400b71507240910_full.jpg,54,681,4.79,adventure|drama|fantasy|romance|slice of life|supernatural,5,13,20,47,596,0,1,0,1,0,1,0,0,0,0,0,0,0,0,0,0,0,0,0,1,0,0,0,0,0,1,0,1,0
108,Mushi-Uta,https://www.crunchyroll.com/mushi-uta,https://img1.ak.crunchyroll.com/i/spire1/b73927f56c55406884a13d22d2fcf7c51289443377_full.jpg,12,679,4.73,action|fantasy|supernatural,10,6,26,72,565,1,0,0,0,0,1,0,0,0,0,0,0,0,0,0,0,0,0,0,0,0,0,0,0,0,0,0,1,0
109,Fairy Tail,https://www.crunchyroll.com/fairy-tail,https://img1.ak.crunchyroll.com/i/spire2/f4ca1a545a471a9ce6e43eef8e8d72541539734102_full.jpg,153,674,4.36,,37,36,47,81,473,0,0,0,0,0,0,0,0,0,0,0,0,0,0,0,0,0,0,0,0,0,0,0,0,0,0,0,0,0
110,Yuri!!! on ICE,https://www.crunchyroll.com/yuri-on-ice,https://img1.ak.crunchyroll.com/i/spire1/ef5256ff4c4090c9fd1440592f1a0a2e1500413854_full.jpg,12,673,4.83,drama|sports,10,4,11,41,607,0,0,0,1,0,0,0,0,0,0,0,0,0,0,0,0,0,0,0,0,0,0,0,0,0,0,1,0,0
111,Hourou Musuko Wandering Son,https://www.crunchyroll.com/hourou-musuko-wandering-son,https://img1.ak.crunchyroll.com/i/spire1/9c7927b063b3e7f70fb0a52d422e54851293496905_full.jpg,12,668,4.75,drama|romance|slice of life,8,2,20,86,552,0,0,0,1,0,0,0,0,0,0,0,0,0,0,0,0,0,0,0,1,0,0,0,0,0,1,0,0,0
112,Kuroko's Basketball,https://www.crunchyroll.com/kurokos-basketball,https://img1.ak.crunchyroll.com/i/spire1/be611b65eb36149005789b740efc7a361333664528_full.jpg,82,665,4.82,sports,4,5,18,51,587,0,0,0,0,0,0,0,0,0,0,0,0,0,0,0,0,0,0,0,0,0,0,0,0,0,0,1,0,0
113,Battle Girls - Time Paradox,https://www.crunchyroll.com/battle-girls-time-paradox,https://img1.ak.crunchyroll.com/i/spire1/f87223bb31cd0d77560f8503f3e58f761301595298_full.jpg,12,649,4.57,historical,10,6,42,134,457,0,0,0,0,0,0,0,0,1,0,0,0,0,0,0,0,0,0,0,0,0,0,0,0,0,0,0,0,0
114,Fist of the North Star,https://www.crunchyroll.com/fist-of-the-north-star,https://img1.ak.crunchyroll.com/i/spire3/3eba7becdfbb91a33b2086ba7c05481a1237311049_full.jpg,12,637,4.67,post-apocalyptic,22,1,23,74,517,0,0,0,0,0,0,0,0,0,0,0,0,0,0,0,0,0,0,1,0,0,0,0,0,0,0,0,0,0
115,Level E,https://www.crunchyroll.com/level-e,https://img1.ak.crunchyroll.com/i/spire1/205ca28fbb216ef83c82c422660298e01293489455_full.jpg,12,623,4.64,,3,7,30,134,449,0,0,0,0,0,0,0,0,0,0,0,0,0,0,0,0,0,0,0,0,0,0,0,0,0,0,0,0,0
116,RH Plus,https://www.crunchyroll.com/rh-plus,https://img1.ak.crunchyroll.com/i/spire3/25564a486ef76f238834f427ce86d0931273803742_full.jpg,12,623,4.63,action|horror|jdrama,10,11,30,96,476,1,0,0,0,0,0,0,0,0,1,0,0,1,0,0,0,0,0,0,0,0,0,0,0,0,0,0,0,0
117,"Say ""I love you.""",https://www.crunchyroll.com/say-i-love-you,https://img1.ak.crunchyroll.com/i/spire4/edbd0bb8d5722f91def4c4c8c45327431351191195_full.jpg,13,583,4.57,drama|romance|shojo|slice of life,6,14,35,113,415,0,0,0,1,0,0,0,0,0,0,0,0,0,0,0,0,0,0,0,1,0,0,0,1,0,1,0,0,0
118,Log Horizon,https://www.crunchyroll.com/log-horizon,https://img1.ak.crunchyroll.com/i/spire4/f39842bd473e2db08ea8a1d8849c93ae1412197326_full.jpg,50,576,4.55,action|adventure|drama|fantasy|sci-fi,12,13,35,104,412,1,1,0,1,0,1,0,0,0,0,0,0,0,0,0,0,0,0,0,0,1,0,0,0,0,0,0,0,0
119,Working!,https://www.crunchyroll.com/wagnaria,https://img1.ak.crunchyroll.com/i/spire1/89ac3ce291c61a1d812ea7313675275e1435186540_full.jpg,14,556,4.78,comedy|slice of life,5,7,11,61,472,0,0,1,0,0,0,0,0,0,0,0,0,0,0,0,0,0,0,0,0,0,0,0,0,0,1,0,0,0
120,Overlord,https://www.crunchyroll.com/overlord,https://img1.ak.crunchyroll.com/i/spire3/9e1a4846885dc3994414b608f80490781531935326_full.jpg,39,548,4.62,action|adventure|fantasy|isekai|supernatural,24,14,17,35,458,1,1,0,0,0,1,0,0,0,0,0,1,0,0,0,0,0,0,0,0,0,0,0,0,0,0,0,1,0
121,Rio Rainbow Gate,https://www.crunchyroll.com/rio-rainbow-gate,https://img1.ak.crunchyroll.com/i/spire3/eabab1f2f4e879b9b10414de3e5c0c071292889215_full.jpg,12,541,4.45,,24,12,32,101,372,0,0,0,0,0,0,0,0,0,0,0,0,0,0,0,0,0,0,0,0,0,0,0,0,0,0,0,0,0
122,Nisemonogatari,https://www.crunchyroll.com/nisemonogatari,https://img1.ak.crunchyroll.com/i/spire1/784a57c4503428d301fdfc5745b2f0fd1326142127_full.jpg,12,540,4.67,action|comedy|drama|fantasy|harem|mystery|seinen|supernatural,15,9,19,52,445,1,0,1,1,0,1,0,1,0,0,0,0,0,0,0,0,0,1,0,0,0,1,0,0,0,0,0,1,0
123,HAIKYU!!,https://www.crunchyroll.com/haikyu,https://img1.ak.crunchyroll.com/i/spire4/a9c1f36167964b81371db1bde94087861580166621_full.jpg,75,530,4.95,shonen|slice of life|sports,2,0,0,17,511,0,0,0,0,0,0,0,0,0,0,0,0,0,0,0,0,0,0,0,0,0,0,0,0,1,1,1,0,0
124,My Little Monster,https://www.crunchyroll.com/my-little-monster,https://img1.ak.crunchyroll.com/i/spire1/53b073cb3b5876204ee79af4f6c451ee1349212607_full.jpg,13,524,4.53,comedy|romance|shojo,6,9,42,113,354,0,0,1,0,0,0,0,0,0,0,0,0,0,0,0,0,0,0,0,1,0,0,0,1,0,0,0,0,0
125,Angel Beats,https://www.crunchyroll.com/angel-beats,https://img1.ak.crunchyroll.com/i/spire2/d9a8fbeb4b5b9e2f2a0085d5d20c63df1337895779_full.jpg,13,521,4.69,action|comedy|drama|fantasy|romance,4,7,26,75,409,1,0,1,1,0,1,0,0,0,0,0,0,0,0,0,0,0,0,0,1,0,0,0,0,0,0,0,0,0
126,KONOSUBA -God's blessing on this wonderful world!,https://www.crunchyroll.com/konosuba-gods-blessing-on-this-wonderful-world,https://img1.ak.crunchyroll.com/i/spire3/7ba81b1709a87f5ca8930229b10029a61484092235_full.jpg,44,519,4.65,adventure|comedy|fantasy|isekai|supernatural,9,13,22,62,413,0,1,1,0,0,1,0,0,0,0,0,1,0,0,0,0,0,0,0,0,0,0,0,0,0,0,0,1,0
127,Golden Time,https://www.crunchyroll.com/golden-time,https://img1.ak.crunchyroll.com/i/spire4/fc8938a7d556f9068bb8ed327c6c56351380569594_full.jpg,24,519,4.61,comedy|drama|romance|slice of life,11,16,23,66,403,0,0,1,1,0,0,0,0,0,0,0,0,0,0,0,0,0,0,0,1,0,0,0,0,0,1,0,0,0
128,Diabolik Lovers,https://www.crunchyroll.com/diabolik-lovers,https://img1.ak.crunchyroll.com/i/spire4/6792970dea24081392ab45d083fc10791443978202_full.jpg,12,517,2.99,drama|harem|romance|supernatural,169,58,60,71,159,0,0,0,1,0,0,0,1,0,0,0,0,0,0,0,0,0,0,0,1,0,0,0,0,0,0,0,1,0
129,Dr. STONE,https://www.crunchyroll.com/dr-stone,https://img1.ak.crunchyroll.com/i/spire3/cd61320a82ff1c1ff30f08f464a97f3f1571635066_full.jpg,25,516,4.65,action|adventure|comedy|drama|post-apocalyptic|sci-fi|shonen,15,11,29,28,433,1,1,1,1,0,0,0,0,0,0,0,0,0,0,0,0,0,0,1,0,1,0,0,0,1,0,0,0,0
130,Seitokai No Ichizon - Student Councils Discretion,https://www.crunchyroll.com/seitokai-no-ichizon-student-councils-discretion,https://img1.ak.crunchyroll.com/i/spire1/2dfe950df96a5bfef1e4db583fa69f851357250092_full.jpg,12,514,4.75,comedy|harem|slice of life,3,3,17,73,418,0,0,1,0,0,0,0,1,0,0,0,0,0,0,0,0,0,0,0,0,0,0,0,0,0,1,0,0,0
131,Horizon in the Middle of Nowhere,https://www.crunchyroll.com/horizon-in-the-middle-of-nowhere,https://img1.ak.crunchyroll.com/i/spire1/34f01cb55a3f004bd9d29a5c452ed4e81343867370_full.jpg,12,505,4.44,,23,21,31,67,363,0,0,0,0,0,0,0,0,0,0,0,0,0,0,0,0,0,0,0,0,0,0,0,0,0,0,0,0,0
132,Berserk,https://www.crunchyroll.com/berserk,https://img1.ak.crunchyroll.com/i/spire3/43ea3545f4cd269d77ab1459b32c23921493158315_full.jpg,26,505,3.51,action|fantasy|seinen|supernatural,104,50,48,88,215,1,0,0,0,0,1,0,0,0,0,0,0,0,0,0,0,0,0,0,0,0,1,0,0,0,0,0,1,0
133,The Place Promised In Our Early Days,https://www.crunchyroll.com/the-place-promised-in-our-early-days,https://img1.ak.crunchyroll.com/i/spire1/083a17f889dbcd5a2d5f9b9870a829901237060646_full.jpg,12,503,4.84,drama|romance|sci-fi,6,1,7,41,448,0,0,0,1,0,0,0,0,0,0,0,0,0,0,0,0,0,0,0,1,1,0,0,0,0,0,0,0,0
134,Mob Psycho 100,https://www.crunchyroll.com/mob-psycho-100,https://img1.ak.crunchyroll.com/i/spire4/24452933dd3f9282b32e49f0ce5fdc5b1546985597_full.jpg,54,501,4.82,action|comedy|fantasy|supernatural,4,6,7,44,440,1,0,1,0,0,1,0,0,0,0,0,0,0,0,0,0,0,0,0,0,0,0,0,0,0,0,0,1,0
135,In Another World With My Smartphone,https://www.crunchyroll.com/in-another-world-with-my-smartphone,https://img1.ak.crunchyroll.com/i/spire3/d13ced1c661c61c8f70ad6e33245c46d1522875200_full.jpg,24,500,3.46,action|adventure,94,65,55,90,196,1,1,0,0,0,0,0,0,0,0,0,0,0,0,0,0,0,0,0,0,0,0,0,0,0,0,0,0,0
136,Shin Koihime Musou - Otome Tairan,https://www.crunchyroll.com/shin-koihime-musou-otome-tairan,https://img1.ak.crunchyroll.com/i/spire3/782667a99be2ec0f14e72d3a404490eb1279147111_full.jpg,12,493,4.77,action,2,6,17,53,415,1,0,0,0,0,0,0,0,0,0,0,0,0,0,0,0,0,0,0,0,0,0,0,0,0,0,0,0,0
137,Un-Go,https://www.crunchyroll.com/un-go,https://img1.ak.crunchyroll.com/i/spire3/6861c749e6e7211b7bffe1aa34331a4c1318509515_full.jpg,12,491,4.66,mystery|sci-fi,5,7,21,83,375,0,0,0,0,0,0,0,0,0,0,0,0,0,0,0,0,0,1,0,0,1,0,0,0,0,0,0,0,0
138,Yona of the Dawn,https://www.crunchyroll.com/yona-of-the-dawn,https://img1.ak.crunchyroll.com/i/spire1/a624f140a1c8be841889d3fcca597f5a1414524144_full.jpg,24,486,4.79,adventure|fantasy|romance|shojo|supernatural,3,4,14,51,414,0,1,0,0,0,1,0,0,0,0,0,0,0,0,0,0,0,0,0,1,0,0,0,1,0,0,0,1,0
139,GATE,https://www.crunchyroll.com/gate,https://img1.ak.crunchyroll.com/i/spire2/08918192d87bc1718efd977c683187031452280865_full.jpg,24,479,4.33,action|adventure|fantasy|seinen,20,29,39,74,317,1,1,0,0,0,1,0,0,0,0,0,0,0,0,0,0,0,0,0,0,0,1,0,0,0,0,0,0,0
140,Dragon Ball Super,https://www.crunchyroll.com/dragon-ball-super,https://img1.ak.crunchyroll.com/i/spire3/98ea4207e23a2ea3e3af39ad641d88001533322009_full.jpg,131,479,4.24,action|fantasy|sci-fi|shonen,40,28,32,58,321,1,0,0,0,0,1,0,0,0,0,0,0,0,0,0,0,0,0,0,0,1,0,0,0,1,0,0,0,0
141,Anohana: The Flower We Saw That Day,https://www.crunchyroll.com/anohana-the-flower-we-saw-that-day,https://img1.ak.crunchyroll.com/i/spire4/75d87960c388efc544be093603b8e9f01406669874_full.jpg,11,477,4.82,drama|romance|slice of life|supernatural,5,4,9,36,423,0,0,0,1,0,0,0,0,0,0,0,0,0,0,0,0,0,0,0,1,0,0,0,0,0,1,0,1,0
142,Rascal Does Not Dream of Bunny Girl Senpai,https://www.crunchyroll.com/rascal-does-not-dream-of-bunny-girl-senpai,https://img1.ak.crunchyroll.com/i/spire2/9f8894f961340ccdd9464a53b14ca3bd1538572740_full.jpg,13,476,4.88,comedy|romance|slice of life|supernatural,3,3,6,26,438,0,0,1,0,0,0,0,0,0,0,0,0,0,0,0,0,0,0,0,1,0,0,0,0,0,1,0,1,0
143,Free! Iwatobi Swim Club,https://www.crunchyroll.com/free-iwatobi-swim-club,https://img1.ak.crunchyroll.com/i/spire3/5a459acf31a0be6fffb6207af1a9ca611532022569_full.jpg,49,474,4.64,drama|sports,10,8,12,81,363,0,0,0,1,0,0,0,0,0,0,0,0,0,0,0,0,0,0,0,0,0,0,0,0,0,0,1,0,0
144,Voices of a Distant Star,https://www.crunchyroll.com/voices-of-a-distant-star,https://img1.ak.crunchyroll.com/i/spire3/b10fcea5778f8610e6f1df33ba3205921362703119_full.jpg,12,471,4.69,drama|mecha|post-apocalyptic|romance|sci-fi,9,8,15,54,385,0,0,0,1,0,0,0,0,0,0,0,0,0,0,0,1,0,0,1,1,1,0,0,0,0,0,0,0,0
145,ReLIFE,https://www.crunchyroll.com/relife,https://img1.ak.crunchyroll.com/i/spire4/06f2c7030f794acf0bfdd34e5735bd191465708255_full.jpg,17,467,4.85,drama|romance|seinen|slice of life,1,3,8,40,415,0,0,0,1,0,0,0,0,0,0,0,0,0,0,0,0,0,0,0,1,0,1,0,0,0,1,0,0,0
146,Kids on the Slope,https://www.crunchyroll.com/kids-on-the-slope,https://img1.ak.crunchyroll.com/i/spire1/349e3b9e27f7b3e3044d4c91fb4d38f61336683938_full.jpg,12,466,4.88,,1,3,5,31,426,0,0,0,0,0,0,0,0,0,0,0,0,0,0,0,0,0,0,0,0,0,0,0,0,0,0,0,0,0
147,Sailor Moon Crystal,https://www.crunchyroll.com/sailor-moon-crystal,https://img1.ak.crunchyroll.com/i/spire2/743b1abd76bc4fbe9b6df5427a0d08fb1459904360_full.jpg,39,457,4.45,action|magical girls|romance|shojo,15,27,31,48,336,1,0,0,0,0,0,0,0,0,0,0,0,0,1,0,0,0,0,0,1,0,0,0,1,0,0,0,0,0
148,Familiar of Zero F,https://www.crunchyroll.com/familiar-of-zero-f,https://img1.ak.crunchyroll.com/i/spire2/ccae1d7841b45b15b2436425af2d35301328571578_full.jpg,12,448,4.6,adventure|comedy|drama|fantasy|harem|isekai|romance,12,5,19,76,336,0,1,1,1,0,1,0,1,0,0,0,1,0,0,0,0,0,0,0,1,0,0,0,0,0,0,0,0,0
149,Isekai Cheat Magician,https://www.crunchyroll.com/isekai-cheat-magician,https://img1.ak.crunchyroll.com/i/spire1/27ee54e7e9ec05447cc2d971c99fbe9b1562751577_full.jpg,12,446,2.13,adventure|fantasy|isekai,237,66,52,28,63,0,1,0,0,0,1,0,0,0,0,0,1,0,0,0,0,0,0,0,0,0,0,0,0,0,0,0,0,0
150,The Irregular at Magic High School,https://www.crunchyroll.com/the-irregular-at-magic-high-school,https://img1.ak.crunchyroll.com/i/spire3/f2ccbd8ea20320fda0f49b23bb43d2d21396649462_full.jpg,26,441,4.18,action|fantasy|sci-fi|supernatural,24,35,48,66,268,1,0,0,0,0,1,0,0,0,0,0,0,0,0,0,0,0,0,0,0,1,0,0,0,0,0,0,1,0
151,Mashiroiro Symphony,https://www.crunchyroll.com/mashiroiro-symphony,https://img1.ak.crunchyroll.com/i/spire4/9dba241249120a6fa7c172e7ced477cd1319149572_full.jpg,12,439,4.67,drama|harem|romance,3,12,19,60,345,0,0,0,1,0,0,0,1,0,0,0,0,0,0,0,0,0,0,0,1,0,0,0,0,0,0,0,0,0
152,THE PROMISED NEVERLAND,https://www.crunchyroll.com/the-promised-neverland,https://img1.ak.crunchyroll.com/i/spire2/07f56cb3c9220952600b0975a883b0f91546997210_full.jpg,12,433,4.91,action|drama|fantasy|mystery|post-apocalyptic|sci-fi|shonen|thriller,3,1,5,16,408,1,0,0,1,0,1,0,0,0,0,0,0,0,0,0,0,0,1,1,0,1,0,0,0,1,0,0,0,1
153,Miss Kobayashi's Dragon Maid,https://www.crunchyroll.com/miss-kobayashis-dragon-maid,https://img1.ak.crunchyroll.com/i/spire1/c4cf4a91a0bca77f1a0954ddd48a2e8c1532552925_full.jpg,28,428,4.72,comedy|fantasy|romance|slice of life,5,4,9,68,342,0,0,1,0,0,1,0,0,0,0,0,0,0,0,0,0,0,0,0,1,0,0,0,0,0,1,0,0,0
154,Hiiro no Kakera,https://www.crunchyroll.com/hiiro-no-kakera,https://img1.ak.crunchyroll.com/i/spire2/c005ccb42734352e840f3e6dea6dd4b11330716708_full.jpg,12,426,4.19,fantasy|romance,22,35,44,63,262,0,0,0,0,0,1,0,0,0,0,0,0,0,0,0,0,0,0,0,1,0,0,0,0,0,0,0,0,0
155,You and Me,https://www.crunchyroll.com/you-and-me,https://img1.ak.crunchyroll.com/i/spire3/e7fb30f36753544de0691c836fa006291317839169_full.jpg,13,420,4.64,slice of life,12,3,20,53,332,0,0,0,0,0,0,0,0,0,0,0,0,0,0,0,0,0,0,0,0,0,0,0,0,0,1,0,0,0
156,Rokka no Yuusha,https://www.crunchyroll.com/rokka-braves-of-the-six-flowers-,https://img1.ak.crunchyroll.com/i/spire4/413329a7fe4baf3e48eec89117881f611436317729_full.jpg,24,417,3.91,action|adventure|fantasy|mystery|thriller,31,45,52,90,199,1,1,0,0,0,1,0,0,0,0,0,0,0,0,0,0,0,1,0,0,0,0,0,0,0,0,0,0,1
157,The Prince of Tennis II,https://www.crunchyroll.com/the-prince-of-tennis-ii,https://img1.ak.crunchyroll.com/i/spire4/4f1d962e1762d4009536245ba8ff21311324617556_full.jpg,20,414,4.71,sports,5,8,16,42,343,0,0,0,0,0,0,0,0,0,0,0,0,0,0,0,0,0,0,0,0,0,0,0,0,0,0,1,0,0
158,Saga of Tanya the Evil,https://www.crunchyroll.com/saga-of-tanya-the-evil,https://img1.ak.crunchyroll.com/i/spire1/b6cb5d2061b72df2e04e6b9678acfa631483619277_full.jpg,27,404,4.53,action|adventure|fantasy|historical,16,13,14,59,302,1,1,0,0,0,1,0,0,1,0,0,0,0,0,0,0,0,0,0,0,0,0,0,0,0,0,0,0,0
159,Aldnoah.Zero,https://www.crunchyroll.com/aldnoahzero,https://img1.ak.crunchyroll.com/i/spire3/1ee8628337834531f6427a97248129871420484061_full.jpg,25,395,4.01,action|drama|mecha|sci-fi,21,33,61,86,194,1,0,0,1,0,0,0,0,0,0,0,0,0,0,0,1,0,0,0,0,1,0,0,0,0,0,0,0,0
160,Recorder and Randsell,https://www.crunchyroll.com/recorder-and-randsell,https://img1.ak.crunchyroll.com/i/spire2/e1f468b81edfa6254ae35e7a0b856ffa1529355959_full.jpg,39,392,4.31,comedy|slice of life,16,21,33,76,246,0,0,1,0,0,0,0,0,0,0,0,0,0,0,0,0,0,0,0,0,0,0,0,0,0,1,0,0,0
161,My Love Story!!,https://www.crunchyroll.com/my-love-story,https://img1.ak.crunchyroll.com/i/spire2/5d50aa025d0e1b17999ea760a3c7d9401428519808_full.jpg,24,388,4.88,comedy|drama|romance|slice of life,1,1,9,23,354,0,0,1,1,0,0,0,0,0,0,0,0,0,0,0,0,0,0,0,1,0,0,0,0,0,1,0,0,0
162,Natsume Yuujinchou 4,https://www.crunchyroll.com/natsume-yujin-cho-4,https://img1.ak.crunchyroll.com/i/spire1/e14b0ca99c865bda94c0a491476096091327531053_full.jpg,13,385,4.91,drama|fantasy|slice of life,1,1,2,23,358,0,0,0,1,0,1,0,0,0,0,0,0,0,0,0,0,0,0,0,0,0,0,0,0,0,1,0,0,0
163,Dusk Maiden of Amnesia,https://www.crunchyroll.com/dusk-maiden-of-amnesia,https://img1.ak.crunchyroll.com/i/spire3/5d5be299f4a1cc32e19dab711b2c1efa1334333859_full.jpg,12,378,4.69,mystery|romance|supernatural,1,3,21,63,290,0,0,0,0,0,0,0,0,0,0,0,0,0,0,0,0,0,1,0,1,0,0,0,0,0,0,0,1,0
164,Charlotte,https://www.crunchyroll.com/charlotte,https://img1.ak.crunchyroll.com/i/spire2/f67a9d25f1a79891bd8cc9e68bf6021c1435186459_full.jpg,13,378,4.51,comedy|drama|romance,12,11,23,57,275,0,0,1,1,0,0,0,0,0,0,0,0,0,0,0,0,0,0,0,1,0,0,0,0,0,0,0,0,0
165,Star Driver,https://www.crunchyroll.com/star-driver,https://img1.ak.crunchyroll.com/i/spire1/4a85b73040df15f6bb0b08911aa59a081313543934_full.jpg,12,373,4.61,action,8,7,21,52,285,1,0,0,0,0,0,0,0,0,0,0,0,0,0,0,0,0,0,0,0,0,0,0,0,0,0,0,0,0
166,How Not to Summon a Demon Lord,https://www.crunchyroll.com/how-not-to-summon-a-demon-lord,https://img1.ak.crunchyroll.com/i/spire2/0af3e3b13d3b9371c338a66878cff6151530795404_full.jpg,12,371,4.04,action|fantasy|harem|romance,29,25,40,85,192,1,0,0,0,0,1,0,1,0,0,0,0,0,0,0,0,0,0,0,1,0,0,0,0,0,0,0,0,0
167,NARUTO Spin-Off: Rock Lee & His Ninja Pals,https://www.crunchyroll.com/naruto-spin-off-rock-lee-his-ninja-pals,https://img1.ak.crunchyroll.com/i/spire3/759dd20c7d5ca3cc630e2d27e2a7f63e1333392499_full.jpg,51,369,4.1,,44,14,34,46,231,0,0,0,0,0,0,0,0,0,0,0,0,0,0,0,0,0,0,0,0,0,0,0,0,0,0,0,0,0
168,Plastic Memories,https://www.crunchyroll.com/plastic-memories,https://img1.ak.crunchyroll.com/i/spire2/ad2b0b48b9f93920299b014bd70f24ed1428100037_full.jpg,13,364,4.63,drama|romance|sci-fi,7,7,25,37,288,0,0,0,1,0,0,0,0,0,0,0,0,0,0,0,0,0,0,0,1,1,0,0,0,0,0,0,0,0
169,Nyarko-san: Another Crawling Chaos,https://www.crunchyroll.com/nyarko-san-another-crawling-chaos,https://img1.ak.crunchyroll.com/i/spire4/48091c328bcf5be14d5153efedc783af1365015656_full.jpg,45,364,4.47,comedy|romance,16,8,28,48,264,0,0,1,0,0,0,0,0,0,0,0,0,0,0,0,0,0,0,0,1,0,0,0,0,0,0,0,0,0
170,Galaxy Express 999,https://www.crunchyroll.com/galaxy-express-999,https://img1.ak.crunchyroll.com/i/spire4/149d215a67f3fdc611b1d58c0027ebd91237060340_full.jpg,12,363,4.7,,12,2,9,38,302,0,0,0,0,0,0,0,0,0,0,0,0,0,0,0,0,0,0,0,0,0,0,0,0,0,0,0,0,0
171,The Pet Girl of Sakurasou,https://www.crunchyroll.com/the-pet-girl-of-sakurasou,https://img1.ak.crunchyroll.com/i/spire2/6d03416fb5953f33d81e07e9f1b121f31350591324_full.jpg,12,359,4.79,comedy|drama|romance|seinen,3,8,6,29,313,0,0,1,1,0,0,0,0,0,0,0,0,0,0,0,0,0,0,0,1,0,1,0,0,0,0,0,0,0
172,Death March to the Parallel World Rhapsody,https://www.crunchyroll.com/death-march-to-the-parallel-world-rhapsody,https://img1.ak.crunchyroll.com/i/spire3/3b63ca8429c5bed4b645000eab5208921515627980_full.jpg,24,358,3.77,adventure|fantasy|harem|isekai|romance|slice of life,40,45,41,63,169,0,1,0,0,0,1,0,1,0,0,0,1,0,0,0,0,0,0,0,1,0,0,0,0,0,1,0,0,0
173,Demonbane,https://www.crunchyroll.com/demonbane,https://img1.ak.crunchyroll.com/i/spire4/e6ad41b0de7dce89aacf0d0bf9f8b2571289442348_full.jpg,12,350,4.5,mecha,8,5,25,77,235,0,0,0,0,0,0,0,0,0,0,0,0,0,0,0,1,0,0,0,0,0,0,0,0,0,0,0,0,0
174,Mizu no Kotoba,https://www.crunchyroll.com/mizu-no-kotoba,https://img1.ak.crunchyroll.com/i/spire1/55047431e14daa0fbf62c4d4f9b121e61279148254_full.jpg,12,349,4.69,drama,4,2,12,62,269,0,0,0,1,0,0,0,0,0,0,0,0,0,0,0,0,0,0,0,0,0,0,0,0,0,0,0,0,0
175,White Album,https://www.crunchyroll.com/white-album,https://img1.ak.crunchyroll.com/i/spire4/73f9f47c165bd01f0e6550cfb81d23cc1279148246_full.jpg,12,348,4.3,drama|harem|music|romance|seinen,23,11,27,65,222,0,0,0,1,0,0,0,1,0,0,0,0,0,0,0,0,1,0,0,1,0,1,0,0,0,0,0,0,0
176,The Idol Master,https://www.crunchyroll.com/the-idol-master,https://img1.ak.crunchyroll.com/i/spire2/6b3b9443ccb89ef959b8404e2e9957911311206564_full.png,12,342,4.65,music,4,8,12,55,263,0,0,0,0,0,0,0,0,0,0,0,0,0,0,0,0,1,0,0,0,0,0,0,0,0,0,0,0,0
177,Space Brothers,https://www.crunchyroll.com/space-brothers,https://img1.ak.crunchyroll.com/i/spire2/9b11916ae9d5d8e53323ea072fd6157e1343265507_full.jpg,99,340,4.82,drama|sci-fi|slice of life,0,2,10,36,292,0,0,0,1,0,0,0,0,0,0,0,0,0,0,0,0,0,0,0,0,1,0,0,0,0,1,0,0,0
178,From The New World,https://www.crunchyroll.com/shin-sekai-yori-from-the-new-world,https://img1.ak.crunchyroll.com/i/spire3/b4befa6e58687a64462a3511062bbfe11348858764_full.jpg,25,339,4.66,drama|post-apocalyptic|sci-fi|supernatural|thriller,7,8,11,42,271,0,0,0,1,0,0,0,0,0,0,0,0,0,0,0,0,0,0,1,0,1,0,0,0,0,0,0,1,1
179,Gurren Lagann,https://www.crunchyroll.com/gurren-lagann,https://img1.ak.crunchyroll.com/i/spire4/cf99ba5895abff9fa6fc7230a5c6d1b91367626926_full.jpg,12,326,4.85,action|comedy|mecha|post-apocalyptic|sci-fi,3,2,6,18,297,1,0,1,0,0,0,0,0,0,0,0,0,0,0,0,1,0,0,1,0,1,0,0,0,0,0,0,0,0
180,Fullmetal Alchemist: Brotherhood,https://www.crunchyroll.com/fullmetal-alchemist-brotherhood,https://img1.ak.crunchyroll.com/i/spire4/fabddf1040abbd18948b9aacc18011b31475523493_full.jpg,64,319,4.93,action|adventure|drama|fantasy|shonen|thriller,1,0,2,15,301,1,1,0,1,0,1,0,0,0,0,0,0,0,0,0,0,0,0,0,0,0,0,0,0,1,0,0,0,1
181,citrus,https://www.crunchyroll.com/citrus,https://img1.ak.crunchyroll.com/i/spire1/26b65bd12651ad9588731727fae840fc1515112511_full.jpg,12,319,4.24,drama|romance,19,20,24,57,199,0,0,0,1,0,0,0,0,0,0,0,0,0,0,0,0,0,0,0,1,0,0,0,0,0,0,0,0,0
182,Black Bullet,https://www.crunchyroll.com/black-bullet,https://img1.ak.crunchyroll.com/i/spire2/893a35d45c053eb2171051fc591c07bc1396898246_full.jpg,13,319,4.11,action|mystery|post-apocalyptic|sci-fi,17,19,41,78,164,1,0,0,0,0,0,0,0,0,0,0,0,0,0,0,0,0,1,1,0,1,0,0,0,0,0,0,0,0
183,Gargantia on the Verdurous Planet,https://www.crunchyroll.com/gargantia-on-the-verdurous-planet,https://img1.ak.crunchyroll.com/i/spire4/bc6a6632d9a1cbf1f8b0d233c26f14901365195220_full.jpg,17,317,4.57,action|adventure|drama|fantasy|mecha|sci-fi,2,4,25,65,221,1,1,0,1,0,1,0,0,0,0,0,0,0,0,0,1,0,0,0,0,1,0,0,0,0,0,0,0,0
184,Twin Star Exorcists,https://www.crunchyroll.com/twin-star-exorcists,https://img1.ak.crunchyroll.com/i/spire2/0d9b4b1ea1fa85abd0472c0d1314c2601459549637_full.jpg,50,317,3.88,action|adventure|fantasy|romance|shonen|supernatural,22,39,49,53,154,1,1,0,0,0,1,0,0,0,0,0,0,0,0,0,0,0,0,0,1,0,0,0,0,1,0,0,1,0
185,Moritasan wa Mukuchi,https://www.crunchyroll.com/moritasan-wa-mukuchi,https://img1.ak.crunchyroll.com/i/spire4/fba7a8bf755e2dedf872ee680eb02ce31529355831_full.jpg,12,314,4.51,comedy|seinen,7,8,22,59,218,0,0,1,0,0,0,0,0,0,0,0,0,0,0,0,0,0,0,0,0,0,1,0,0,0,0,0,0,0
186,The Asterisk War,https://www.crunchyroll.com/the-asterisk-war,https://img1.ak.crunchyroll.com/i/spire2/533750c9078ac64f7606abdbb5e62a5e1444872589_full.jpg,24,312,3.64,action|adventure|fantasy|harem|sci-fi,52,20,46,65,129,1,1,0,0,0,1,0,1,0,0,0,0,0,0,0,0,0,0,0,0,1,0,0,0,0,0,0,0,0
187,Recovery of a MMO Junkie,https://www.crunchyroll.com/recovery-of-an-mmo-junkie,https://img1.ak.crunchyroll.com/i/spire1/f543f3ac08acc24bfebe28ac2e8ac9231507245129_full.jpg,23,308,4.72,drama|romance|seinen|slice of life,2,3,9,52,242,0,0,0,1,0,0,0,0,0,0,0,0,0,0,0,0,0,0,0,1,0,1,0,0,0,1,0,0,0
188,Tsuritama,https://www.crunchyroll.com/tsuritama,https://img1.ak.crunchyroll.com/i/spire2/81768983b78e9d34c69ba21997f396e11335926055_full.jpg,12,302,4.74,comedy|slice of life,2,3,7,47,243,0,0,1,0,0,0,0,0,0,0,0,0,0,0,0,0,0,0,0,0,0,0,0,0,0,1,0,0,0
189,Web Ghosts PiPoPa,https://www.crunchyroll.com/web-ghosts-pipopa,https://img1.ak.crunchyroll.com/i/spire4/2d68574ae56ea5f475edbd18607aab1c1279148282_full.jpg,12,301,4.59,action|adventure|comedy|fantasy|supernatural,15,4,9,32,241,1,1,1,0,0,1,0,0,0,0,0,0,0,0,0,0,0,0,0,0,0,0,0,0,0,0,0,1,0
190,My Teen Romantic Comedy SNAFU,https://www.crunchyroll.com/my-teen-romantic-comedy-snafu,https://img1.ak.crunchyroll.com/i/spire2/320673efcacdbdb0d6222156f8d797ce1504216291_full.jpg,12,300,4.65,comedy|drama|romance|slice of life,4,4,15,48,229,0,0,1,1,0,0,0,0,0,0,0,0,0,0,0,0,0,0,0,1,0,0,0,0,0,1,0,0,0
191,Fate/stay night [Unlimited Blade Works],https://www.crunchyroll.com/fatestay-night,https://img1.ak.crunchyroll.com/i/spire2/fd6f801d77097e20eb5ffb9232de14d01430173031_full.jpg,26,300,4.51,action|drama|fantasy|supernatural,11,9,19,37,224,1,0,0,1,0,1,0,0,0,0,0,0,0,0,0,0,0,0,0,0,0,0,0,0,0,0,0,1,0
192,Magi,https://www.crunchyroll.com/magi,https://img1.ak.crunchyroll.com/i/spire1/b699c3de88d10a8fe9e62febcae5a3731349386143_full.jpg,25,298,4.69,action|adventure|fantasy|shonen,1,8,15,35,239,1,1,0,0,0,1,0,0,0,0,0,0,0,0,0,0,0,0,0,0,0,0,0,0,1,0,0,0,0
193,Classroom of the Elite,https://www.crunchyroll.com/classroom-of-the-elite,https://img1.ak.crunchyroll.com/i/spire3/3f44a6efc0ab35d49cfa1a9344f7f8841499831762_full.jpg,12,297,4.47,drama|seinen|slice of life|thriller,10,14,16,44,213,0,0,0,1,0,0,0,0,0,0,0,0,0,0,0,0,0,0,0,0,0,1,0,0,0,1,0,0,1
194,TERRAFORMARS,https://www.crunchyroll.com/terraformars,https://img1.ak.crunchyroll.com/i/spire4/016bf790d8da3bc62597f79c7141be391459210713_full.jpg,39,296,3.31,action|sci-fi|seinen|thriller,74,30,36,42,114,1,0,0,0,0,0,0,0,0,0,0,0,0,0,0,0,0,0,0,0,1,1,0,0,0,0,0,0,1
195,Nisekoi,https://www.crunchyroll.com/nisekoi,https://img1.ak.crunchyroll.com/i/spire1/0cf2bb1d8613e37f7b8913b0cc85065b1389123747_full.jpg,33,293,4.28,comedy|romance|shonen|slice of life,12,14,31,60,176,0,0,1,0,0,0,0,0,0,0,0,0,0,0,0,0,0,0,0,1,0,0,0,0,1,1,0,0,0
196,Cat God,https://www.crunchyroll.com/cat-god,https://img1.ak.crunchyroll.com/i/spire3/96ca06764b3a96bdf508ffa8e832d1781309977235_full.jpg,12,292,4.4,comedy|fantasy|seinen|supernatural,5,10,27,70,180,0,0,1,0,0,1,0,0,0,0,0,0,0,0,0,0,0,0,0,0,0,1,0,0,0,0,0,1,0
197,Poyopoyo,https://www.crunchyroll.com/poyopoyo,https://img1.ak.crunchyroll.com/i/spire2/b2ecad9b4e66b71ade0a11e357f6d9c71326174184_full.jpg,52,291,4.76,comedy|slice of life,3,1,8,39,240,0,0,1,0,0,0,0,0,0,0,0,0,0,0,0,0,0,0,0,0,0,0,0,0,0,1,0,0,0
198,MONSTER MUSUME EVERYDAY LIFE WITH MONSTER GIRLS,https://www.crunchyroll.com/monster-musume-everyday-life-with-monster-girls,https://img1.ak.crunchyroll.com/i/spire4/6fc4e475a391d3f1293c123c650ce5571441402678_full.jpg,12,289,4.39,comedy|fantasy|harem,17,9,18,46,199,0,0,1,0,0,1,0,1,0,0,0,0,0,0,0,0,0,0,0,0,0,0,0,0,0,0,0,0,0
199,Ramen Fighter Miki,https://www.crunchyroll.com/ramen-fighter-miki,https://img1.ak.crunchyroll.com/i/spire3/a314f89efc41a04d7d20813c98b77f211279148268_full.jpg,12,277,4.6,action|comedy,7,1,17,47,205,1,0,1,0,0,0,0,0,0,0,0,0,0,0,0,0,0,0,0,0,0,0,0,0,0,0,0,0,0
200,World Trigger,https://www.crunchyroll.com/world-trigger,https://img1.ak.crunchyroll.com/i/spire1/4bcfa1957b6785289d711849033f01b71449288307_full.jpg,73,268,4.37,action|fantasy|sci-fi|shonen|supernatural,7,18,25,38,180,1,0,0,0,0,1,0,0,0,0,0,0,0,0,0,0,0,0,0,0,1,0,0,0,1,0,0,1,0
201,Wise Man's Grandchild,https://www.crunchyroll.com/wise-mans-grandchild,https://img1.ak.crunchyroll.com/i/spire3/dbde2d81b808667b8596d87a5be08fa81555952474_full.jpg,12,267,3.65,adventure|fantasy|isekai|romance|seinen,39,38,30,30,130,0,1,0,0,0,1,0,0,0,0,0,1,0,0,0,0,0,0,0,1,0,1,0,0,0,0,0,0,0
202,Bungo Stray Dogs,https://www.crunchyroll.com/bungo-stray-dogs,https://img1.ak.crunchyroll.com/i/spire2/c33592b4651e7cccf7ec66244e0f8ee81555537663_full.jpg,63,265,4.63,action|comedy|drama|historical|seinen|supernatural,3,8,16,31,207,1,0,1,1,0,0,0,0,1,0,0,0,0,0,0,0,0,0,0,0,0,1,0,0,0,0,0,1,0
203,Nagi no Asukara (Nagi-Asu: A Lull in the Sea),https://www.crunchyroll.com/nagi-no-asukara-nagi-asu-a-lull-in-the-sea,https://img1.ak.crunchyroll.com/i/spire1/ab1ed5aaaee7561e30843a287f5f7e7f1380849418_full.jpg,12,259,4.72,drama|fantasy|romance|slice of life,3,2,12,31,211,0,0,0,1,0,1,0,0,0,0,0,0,0,0,0,0,0,0,0,1,0,0,0,0,0,1,0,0,0
204,Kokoro Connect,https://www.crunchyroll.com/kokoro-connect,https://img1.ak.crunchyroll.com/i/spire1/3cc2a02548c242c19f668d88aa72a1ac1341524886_full.jpg,13,259,4.47,drama|romance|slice of life,7,5,22,50,175,0,0,0,1,0,0,0,0,0,0,0,0,0,0,0,0,0,0,0,1,0,0,0,0,0,1,0,0,0
205,GAMERS!,https://www.crunchyroll.com/gamers,https://img1.ak.crunchyroll.com/i/spire4/8f61d08e713fc25ad54cf12079836b5f1499856494_full.jpg,12,259,3.83,comedy|romance|slice of life,18,33,42,49,117,0,0,1,0,0,0,0,0,0,0,0,0,0,0,0,0,0,0,0,1,0,0,0,0,0,1,0,0,0
206,Monthly Girls' Nozaki-kun,https://www.crunchyroll.com/monthly-girls-nozaki-kun,https://img1.ak.crunchyroll.com/i/spire4/49060cb7e02dd3d338273d2530e4888f1404663731_full.jpg,12,258,4.8,comedy|romance,0,6,6,22,224,0,0,1,0,0,0,0,0,0,0,0,0,0,0,0,0,0,0,0,1,0,0,0,0,0,0,0,0,0
207,Captain Harlock,https://www.crunchyroll.com/captain-harlock,https://img1.ak.crunchyroll.com/i/spire1/47cc4e9d26d596ba7c3c389aa02903371449885718_full.jpg,12,255,4.61,action|drama,11,3,5,37,199,1,0,0,1,0,0,0,0,0,0,0,0,0,0,0,0,0,0,0,0,0,0,0,0,0,0,0,0,0
208,Beyond the Boundary,https://www.crunchyroll.com/beyond-the-boundary,https://img1.ak.crunchyroll.com/i/spire3/49057c8a0c251290717949e4b5ca9ae81380661754_full.jpg,12,255,4.35,comedy|drama|fantasy|supernatural,7,9,26,59,154,0,0,1,1,0,1,0,0,0,0,0,0,0,0,0,0,0,0,0,0,0,0,0,0,0,0,0,1,0
209,Orange,https://www.crunchyroll.com/orange,https://img1.ak.crunchyroll.com/i/spire3/4052cb0ee15e76c3795319b0a08c1ecb1467466859_full.jpg,26,253,4.55,drama|romance|shojo|supernatural,7,6,14,40,186,0,0,0,1,0,0,0,0,0,0,0,0,0,0,0,0,0,0,0,1,0,0,0,1,0,0,0,1,0
210,Yonna in the Solitary Fortress,https://www.crunchyroll.com/yonna-in-the-solitary-fortress,https://img1.ak.crunchyroll.com/i/spire2/83421c3acdccb77aea327b236524d45d1505348403_full.jpg,12,245,3.83,adventure|fantasy,27,11,50,45,112,0,1,0,0,0,1,0,0,0,0,0,0,0,0,0,0,0,0,0,0,0,0,0,0,0,0,0,0,0
211,AMNESIA,https://www.crunchyroll.com/amnesia,https://img1.ak.crunchyroll.com/i/spire3/ee0d385e20e9d9ca78ba3ca372fecfe61357577656_full.jpg,12,244,3.5,drama|mystery|romance,25,42,49,42,86,0,0,0,1,0,0,0,0,0,0,0,0,0,0,0,0,0,1,0,1,0,0,0,0,0,0,0,0,0
212,Chance Pop Session,https://www.crunchyroll.com/chance-pop-session,https://img1.ak.crunchyroll.com/i/spire3/81c8cd7a15693b0441b4559b85c7e5ad1237059684_full.jpg,12,243,4.69,drama,4,2,10,33,194,0,0,0,1,0,0,0,0,0,0,0,0,0,0,0,0,0,0,0,0,0,0,0,0,0,0,0,0,0
213,Akashic Records of Bastard Magic Instructor,https://www.crunchyroll.com/akashic-records-of-bastard-magic-instructor,https://img1.ak.crunchyroll.com/i/spire2/691011d134b441ab95ca1bc0ac85095e1493152833_full.jpg,24,243,4.1,action|adventure|fantasy,12,13,35,61,122,1,1,0,0,0,1,0,0,0,0,0,0,0,0,0,0,0,0,0,0,0,0,0,0,0,0,0,0,0
214,MEGALOBOX,https://www.crunchyroll.com/megalobox,https://img1.ak.crunchyroll.com/i/spire1/75c8ff7a84bac94f275d2a1c0c8f05601522906376_full.jpg,13,242,4.79,drama|sci-fi|sports,3,2,8,16,213,0,0,0,1,0,0,0,0,0,0,0,0,0,0,0,0,0,0,0,0,1,0,0,0,0,0,1,0,0
215,The Melody of Oblivion,https://www.crunchyroll.com/the-melody-of-oblivion,https://img1.ak.crunchyroll.com/i/spire2/4d2b0f20525a3e6eeaa78f6d18e460cc1289443876_full.jpg,12,241,4.23,mecha|romance|supernatural,17,8,20,53,143,0,0,0,0,0,0,0,0,0,0,0,0,0,0,0,1,0,0,0,1,0,0,0,0,0,0,0,1,0
216,STRIKE THE BLOOD,https://www.crunchyroll.com/strike-the-blood,https://img1.ak.crunchyroll.com/i/spire4/83fd66cede2723d350243459e2b241ce1380849787_full.jpg,12,241,3.91,action|fantasy|harem|supernatural,13,23,46,49,110,1,0,0,0,0,1,0,1,0,0,0,0,0,0,0,0,0,0,0,0,0,0,0,0,0,0,0,1,0
217,Canvas 2: Niji Iro no Sketch,https://www.crunchyroll.com/canvas-2-niji-iro-no-sketch,https://img1.ak.crunchyroll.com/i/spire2/e6b78d9d125b7bcf1796d1557ada35211289441722_full.jpg,12,235,4.58,harem,8,1,10,43,173,0,0,0,0,0,0,0,1,0,0,0,0,0,0,0,0,0,0,0,0,0,0,0,0,0,0,0,0,0
218,A Place Further Than the Universe,https://www.crunchyroll.com/a-place-further-than-the-universe,https://img1.ak.crunchyroll.com/i/spire2/660c6764c4cad0ee1c344a2dc2190a031514329409_full.jpg,13,234,4.9,adventure|seinen|slice of life,2,1,1,11,219,0,1,0,0,0,0,0,0,0,0,0,0,0,0,0,0,0,0,0,0,0,1,0,0,0,1,0,0,0
219,King's Game,https://www.crunchyroll.com/kings-game,https://img1.ak.crunchyroll.com/i/spire3/f93fed24fab3b7e9a4b23cb375e7eac51507190163_full.jpg,12,233,2.04,drama|mystery|supernatural|thriller,133,33,18,22,27,0,0,0,1,0,0,0,0,0,0,0,0,0,0,0,0,0,1,0,0,0,0,0,0,0,0,0,1,1
220,Keijo!!!!!!!!,https://www.crunchyroll.com/keijo,https://img1.ak.crunchyroll.com/i/spire3/02efb5862c8f76d2d9239913c3c323d71475742970_full.jpg,12,231,4.06,action|sports,26,11,20,40,134,1,0,0,0,0,0,0,0,0,0,0,0,0,0,0,0,0,0,0,0,0,0,0,0,0,0,1,0,0
221,Polar Bear Cafe,https://www.crunchyroll.com/polar-bear-cafe,https://img1.ak.crunchyroll.com/i/spire1/20c0f597a7017bd01c64711f49cac3e31333478264_full.jpg,50,228,4.62,comedy|slice of life,3,6,12,33,174,0,0,1,0,0,0,0,0,0,0,0,0,0,0,0,0,0,0,0,0,0,0,0,0,0,1,0,0,0
222,Mobile Suit GUNDAM Iron Blooded Orphans,https://www.crunchyroll.com/mobile-suit-gundam-iron-blooded-orphans,https://img1.ak.crunchyroll.com/i/spire3/e9724d06d964d91e937874b67ccab1791481589502_full.jpg,50,228,4.57,action|mecha|sci-fi,6,10,8,28,176,1,0,0,0,0,0,0,0,0,0,0,0,0,0,0,1,0,0,0,0,1,0,0,0,0,0,0,0,0
223,Upotte!!,https://www.crunchyroll.com/upotte,https://img1.ak.crunchyroll.com/i/spire3/d6f1d1a2e17e22c87063bcebe41b25731333490143_full.jpg,10,228,4.14,comedy|seinen,17,8,28,47,128,0,0,1,0,0,0,0,0,0,0,0,0,0,0,0,0,0,0,0,0,0,1,0,0,0,0,0,0,0
224,Blast of Tempest,https://www.crunchyroll.com/blast-of-tempest,https://img1.ak.crunchyroll.com/i/spire2/5fed5c5ec8dc3d09ef8697317d2592ef1349120133_full.jpg,12,226,4.48,action|adventure|fantasy|mystery|shonen,2,10,17,45,152,1,1,0,0,0,1,0,0,0,0,0,0,0,0,0,0,0,1,0,0,0,0,0,0,1,0,0,0,0
225,Yamada-kun and the Seven Witches,https://www.crunchyroll.com/yamada-kun-and-the-seven-witches,https://img1.ak.crunchyroll.com/i/spire3/f5a1c70df13361b1ffcab4f01f3628f41428603548_full.jpg,24,222,4.71,comedy|drama|fantasy|harem|romance|slice of life|supernatural,0,4,10,33,175,0,0,1,1,0,1,0,1,0,0,0,0,0,0,0,0,0,0,0,1,0,0,0,0,0,1,0,1,0
226,Lady Death,https://www.crunchyroll.com/lady-death,https://img1.ak.crunchyroll.com/i/spire1/08132008/6/a/c/0/6ac0d6ebebf8e0_full.jpg,12,222,3.78,action|supernatural,23,17,34,59,89,1,0,0,0,0,0,0,0,0,0,0,0,0,0,0,0,0,0,0,0,0,0,0,0,0,0,0,1,0
227,"WATAMOTE ~No Matter How I Look at It, It’s You Guys Fault I’m Not Popular!~",https://www.crunchyroll.com/watamote-no-matter-how-i-look-at-it-its-you-guys-fault-im-not-popular,https://img1.ak.crunchyroll.com/i/spire2/bf33fea2830c6b2eb25de7e2ba1ad6931374105898_full.jpg,12,220,4.42,comedy|shonen|slice of life,8,11,10,43,148,0,0,1,0,0,0,0,0,0,0,0,0,0,0,0,0,0,0,0,0,0,0,0,0,1,1,0,0,0
228,KIZNAIVER,https://www.crunchyroll.com/kiznaiver,https://img1.ak.crunchyroll.com/i/spire2/5b05d3b35d57f3ee1e676b2b1c2561941459523366_full.jpg,12,219,4.17,drama|romance|sci-fi,9,16,22,54,118,0,0,0,1,0,0,0,0,0,0,0,0,0,0,0,0,0,0,0,1,1,0,0,0,0,0,0,0,0
229,Kite Liberator,https://www.crunchyroll.com/kite-liberator,https://img1.ak.crunchyroll.com/i/spire3/7c0b6aa992ebe1f22561dbeb2a63bbd71548367191_full.jpg,12,217,4.35,action,15,2,15,44,141,1,0,0,0,0,0,0,0,0,0,0,0,0,0,0,0,0,0,0,0,0,0,0,0,0,0,0,0,0
230,The Master of Ragnarok & Blesser of Einherjar,https://www.crunchyroll.com/the-master-of-ragnarok-blesser-of-einherjar,https://img1.ak.crunchyroll.com/i/spire3/cf2965b2c053e2edc9b8b24e4c190f381530980453_full.jpg,12,217,2.3,adventure|fantasy|harem|isekai,99,36,30,21,31,0,1,0,0,0,1,0,1,0,0,0,1,0,0,0,0,0,0,0,0,0,0,0,0,0,0,0,0,0
231,Love Live!,https://www.crunchyroll.com/love-live-school-idol-project,https://img1.ak.crunchyroll.com/i/spire3/deaf323b7654b1e9d6a63b9dfb1ae8cc1532553708_full.jpg,13,216,4.64,drama|idols|music|slice of life,3,3,13,31,166,0,0,0,1,0,0,0,0,0,0,1,0,0,0,0,0,1,0,0,0,0,0,0,0,0,1,0,0,0
232,Tono to Issho,https://www.crunchyroll.com/tono-to-issho,https://img1.ak.crunchyroll.com/i/spire1/6b2a60cec9e3d3556b4153e9ad819c281278453677_full.jpg,12,213,4.25,comedy|historical,17,5,15,46,130,0,0,1,0,0,0,0,0,1,0,0,0,0,0,0,0,0,0,0,0,0,0,0,0,0,0,0,0,0
233,Domestic Girlfriend,https://www.crunchyroll.com/domestic-girlfriend,https://img1.ak.crunchyroll.com/i/spire4/e9d06c4b49db6a61f50d15d22056001f1549334227_full.jpg,12,211,4.4,drama|romance,11,6,20,24,150,0,0,0,1,0,0,0,0,0,0,0,0,0,0,0,0,0,0,0,1,0,0,0,0,0,0,0,0,0
234,Record of Grancrest War,https://www.crunchyroll.com/record-of-grancrest-war,https://img1.ak.crunchyroll.com/i/spire3/322ad2bbe085d7ad53beea371af5e76f1515179616_full.jpg,25,211,3.59,action|drama|fantasy|romance,21,36,34,38,82,1,0,0,1,0,1,0,0,0,0,0,0,0,0,0,0,0,0,0,1,0,0,0,0,0,0,0,0,0
235,JUNI TAISEN: ZODIAC WAR,https://www.crunchyroll.com/juni-taisenzodiac-war,https://img1.ak.crunchyroll.com/i/spire3/5e0959a46056750b55a3da344f9800a21509568283_full.jpg,12,208,3.29,action|fantasy|shonen|supernatural,29,44,35,38,62,1,0,0,0,0,1,0,0,0,0,0,0,0,0,0,0,0,0,0,0,0,0,0,0,1,0,0,1,0
236,Love Stage!!,https://www.crunchyroll.com/love-stage,https://img1.ak.crunchyroll.com/i/spire1/d095879534187c6f57546b2aafb8b5361404912213_full.jpg,10,207,4.72,romance|slice of life,4,3,3,26,171,0,0,0,0,0,0,0,0,0,0,0,0,0,0,0,0,0,0,0,1,0,0,0,0,0,1,0,0,0
237,KAGUYA-SAMA: LOVE IS WAR,https://www.crunchyroll.com/kaguya-sama-love-is-war,https://img1.ak.crunchyroll.com/i/spire4/faa002ac9675024246d94d4b8f4133561547263949_full.jpg,12,204,4.83,comedy|romance|seinen,2,2,3,14,183,0,0,1,0,0,0,0,0,0,0,0,0,0,0,0,0,0,0,0,1,0,1,0,0,0,0,0,0,0
238,Leiji Matsumoto's OZMA,https://www.crunchyroll.com/leiji-matsumotos-ozma,https://img1.ak.crunchyroll.com/i/spire3/68ce9afef020943e33944a0a75e571c91331943843_full.jpg,6,203,4.07,,9,11,28,64,91,0,0,0,0,0,0,0,0,0,0,0,0,0,0,0,0,0,0,0,0,0,0,0,0,0,0,0,0,0
239,Medaka Box,https://www.crunchyroll.com/medaka-box,https://img1.ak.crunchyroll.com/i/spire4/f51d374e523942b3a25aaeccb8ebae5c1349376953_full.jpg,12,200,4.56,romance,2,7,12,36,143,0,0,0,0,0,0,0,0,0,0,0,0,0,0,0,0,0,0,0,1,0,0,0,0,0,0,0,0,0
240,TRINITY SEVEN,https://www.crunchyroll.com/trinity-seven,https://img1.ak.crunchyroll.com/i/spire4/981211045a13bf64782730e577d399cd1412621473_full.jpg,14,199,4.25,action|comedy|fantasy|harem|romance|shonen|supernatural,9,10,22,40,118,1,0,1,0,0,1,0,1,0,0,0,0,0,0,0,0,0,0,0,1,0,0,0,0,1,0,0,1,0
241,Fire Force,https://www.crunchyroll.com/fire-force,https://img1.ak.crunchyroll.com/i/spire2/d9541544a1473c6702f8848cfe9c7f071570815754_full.jpg,12,199,4.18,action|shonen|supernatural,19,13,17,15,135,1,0,0,0,0,0,0,0,0,0,0,0,0,0,0,0,0,0,0,0,0,0,0,0,1,0,0,1,0
242,Eromanga Sensei,https://www.crunchyroll.com/eromanga-sensei,https://img1.ak.crunchyroll.com/i/spire2/6fd1a6719108981ae2d04125f0768b3d1491614015_full.jpg,12,197,3.79,harem|romance,33,12,16,39,97,0,0,0,0,0,0,0,1,0,0,0,0,0,0,0,0,0,0,0,1,0,0,0,0,0,0,0,0,0
243,Himouto! Umaru-chan,https://www.crunchyroll.com/himouto-umaru-chan,https://img1.ak.crunchyroll.com/i/spire3/ab21e2b37d995124ea4a77f51f81becc1436371805_full.jpg,12,196,4.54,comedy|slice of life,5,6,12,28,145,0,0,1,0,0,0,0,0,0,0,0,0,0,0,0,0,0,0,0,0,0,0,0,0,0,1,0,0,0
244,Ace of the Diamond,https://www.crunchyroll.com/ace-of-the-diamond,https://img1.ak.crunchyroll.com/i/spire4/0147a7268ae1c79b111c8fd62fbe8fbe1433796778_full.jpg,176,195,4.63,shonen|slice of life|sports,3,7,8,24,153,0,0,0,0,0,0,0,0,0,0,0,0,0,0,0,0,0,0,0,0,0,0,0,0,1,1,1,0,0
245,School-Live!,https://www.crunchyroll.com/school-live,https://img1.ak.crunchyroll.com/i/spire4/b7ce4b859fb5081ac27a54fe89ee67171446083640_full.jpg,12,195,4.52,comedy|drama|mystery|post-apocalyptic|slice of life|thriller,4,6,13,33,139,0,0,1,1,0,0,0,0,0,0,0,0,0,0,0,0,0,1,1,0,0,0,0,0,0,1,0,0,1
246,BTOOOM!,https://www.crunchyroll.com/btooom,https://img1.ak.crunchyroll.com/i/spire3/fd16e4a8ada302acc780fcdc453838201349203837_full.jpg,12,191,4.39,action|drama|mystery|sci-fi|seinen,6,4,16,48,117,1,0,0,1,0,0,0,0,0,0,0,0,0,0,0,0,0,1,0,0,1,1,0,0,0,0,0,0,0
247,High School Prodigies Have It Easy Even In Another World,https://www.crunchyroll.com/high-school-prodigies-have-it-easy-even-in-another-world,https://img1.ak.crunchyroll.com/i/spire1/ebc3cee0d3d66bc61c79c6a3bf4f3d2b1569965179_full.jpg,12,189,3.16,action|adventure|fantasy|isekai,53,19,24,31,62,1,1,0,0,0,1,0,0,0,0,0,1,0,0,0,0,0,0,0,0,0,0,0,0,0,0,0,0,0
248,Digimon Adventure tri.,https://www.crunchyroll.com/digimon-adventure-tri,https://img1.ak.crunchyroll.com/i/spire1/b02e8e0d9f590d92c7ad3fd791fe0d2c1512769874_full.jpg,26,188,4.32,adventure|drama|sci-fi,10,13,13,23,129,0,1,0,1,0,0,0,0,0,0,0,0,0,0,0,0,0,0,0,0,1,0,0,0,0,0,0,0,0
249,Kimi ni Todoke - From Me To You,https://www.crunchyroll.com/kimi-ni-todoke-from-me-to-you,https://img1.ak.crunchyroll.com/i/spire1/30fc6bf31dd77e6ffd536dd9f226d9171350608350_full.jpg,12,187,4.61,shojo,3,6,10,22,146,0,0,0,0,0,0,0,0,0,0,0,0,0,0,0,0,0,0,0,0,0,0,0,1,0,0,0,0,0
250,Tsukigakirei,https://www.crunchyroll.com/tsukigakirei,https://img1.ak.crunchyroll.com/i/spire3/af334aeaa3a5401d604d7333a40d9ccb1493161743_full.jpg,13,186,4.82,drama|romance|slice of life,1,1,2,23,159,0,0,0,1,0,0,0,0,0,0,0,0,0,0,0,0,0,0,0,1,0,0,0,0,0,1,0,0,0
251,Masamune-kun's Revenge,https://www.crunchyroll.com/masamune-kuns-revenge,https://img1.ak.crunchyroll.com/i/spire4/e2ee07328be2ad91eb1325a4310799091532553339_full.jpg,13,186,3.61,comedy|drama|romance,19,26,35,35,71,0,0,1,1,0,0,0,0,0,0,0,0,0,0,0,0,0,0,0,1,0,0,0,0,0,0,0,0,0
252,Do You Love Your Mom and Her Two-Hit Multi-Target Attacks?,https://www.crunchyroll.com/do-you-love-your-mom-and-her-two-hit-multi-target-attacks,https://img1.ak.crunchyroll.com/i/spire3/08dc0b300fca1be155cb7d6252fd3c0f1562792915_full.jpg,12,186,2.84,,70,20,21,19,56,0,0,0,0,0,0,0,0,0,0,0,0,0,0,0,0,0,0,0,0,0,0,0,0,0,0,0,0,0
253,Kotoura-san,https://www.crunchyroll.com/kotoura-san,https://img1.ak.crunchyroll.com/i/spire1/b888c171fc749d4951e5711992960e6b1533939080_full.jpg,12,182,4.58,comedy|drama|romance|supernatural,1,5,13,31,132,0,0,1,1,0,0,0,0,0,0,0,0,0,0,0,0,0,0,0,1,0,0,0,0,0,0,0,1,0
254,Sword Art Online Alternative: Gun Gale Online,https://www.crunchyroll.com/sword-art-online-alternative-gun-gale-online,https://img1.ak.crunchyroll.com/i/spire4/88fd796020664ac4cfa103891a487e2f1523056672_full.jpg,13,182,3.73,action|adventure|drama|isekai|sci-fi,26,13,25,39,79,1,1,0,1,0,0,0,0,0,0,0,1,0,0,0,0,0,0,0,0,1,0,0,0,0,0,0,0,0
255,ZOMBIE LAND SAGA,https://www.crunchyroll.com/zombie-land-saga,https://img1.ak.crunchyroll.com/i/spire4/fa152294500d068e6a0c19086dc000b21538634514_full.jpg,12,181,4.5,comedy|drama|idols|music|supernatural,6,8,6,30,131,0,0,1,1,0,0,0,0,0,0,1,0,0,0,0,0,1,0,0,0,0,0,0,0,0,0,0,1,0
256,I Can't Understand What My Husband Is Saying,https://www.crunchyroll.com/i-cant-understand-what-my-husband-is-saying,https://img1.ak.crunchyroll.com/i/spire2/f6f7c9535c942abd78d2e79d4930054b1427742235_full.jpg,26,180,4.65,comedy|romance|seinen|slice of life,2,1,8,36,133,0,0,1,0,0,0,0,0,0,0,0,0,0,0,0,0,0,0,0,1,0,1,0,0,0,1,0,0,0
257,My Mental Choices are Completely Interfering with my School Romantic Comedy,https://www.crunchyroll.com/my-mental-choices-are-completely-interfering-with-my-school-romantic-comedy,https://img1.ak.crunchyroll.com/i/spire4/b37a1cfc55bd1bbbbe406686b102dff71381182918_full.jpg,10,179,4.37,comedy|harem|romance|slice of life,3,6,19,45,106,0,0,1,0,0,0,0,1,0,0,0,0,0,0,0,0,0,0,0,1,0,0,0,0,0,1,0,0,0
258,Total Eclipse,https://www.crunchyroll.com/total-eclipse,https://img1.ak.crunchyroll.com/i/spire3/9c6f496c9bf1d83a9ca879bf90e975ff1339620971_full.jpg,25,179,3.68,action|adventure|mecha,22,24,23,31,79,1,1,0,0,0,0,0,0,0,0,0,0,0,0,0,1,0,0,0,0,0,0,0,0,0,0,0,0,0
259,ASSASSINS PRIDE,https://www.crunchyroll.com/assassins-pride,https://img1.ak.crunchyroll.com/i/spire3/cc63e8a94f2028ff91b9c451e023e10a1570487820_full.jpg,12,179,3.17,action|fantasy,43,22,30,29,55,1,0,0,0,0,1,0,0,0,0,0,0,0,0,0,0,0,0,0,0,0,0,0,0,0,0,0,0,0
260,Os Cavaleiros do Zodíaco - Ômega,https://www.crunchyroll.com/saint-seiya-omega,https://img1.ak.crunchyroll.com/i/spire1/80314f46c97f61248c6d945e76a06ca61333396790_full.jpg,97,177,4.05,,16,10,23,29,99,0,0,0,0,0,0,0,0,0,0,0,0,0,0,0,0,0,0,0,0,0,0,0,0,0,0,0,0,0
261,Hundred,https://www.crunchyroll.com/hundred,https://img1.ak.crunchyroll.com/i/spire2/7fdc1bac364cad4b9c864561e3e6813b1529088203_full.jpg,12,177,3.05,action|comedy|fantasy|harem|romance|sci-fi,48,26,25,25,53,1,0,1,0,0,1,0,1,0,0,0,0,0,0,0,0,0,0,0,1,1,0,0,0,0,0,0,0,0
262,My First Girlfriend is a Gal,https://www.crunchyroll.com/my-first-girlfriend-is-a-gal,https://img1.ak.crunchyroll.com/i/spire1/873c27e421082f024bb235c590bd35fd1499834799_full.jpg,10,175,3.42,comedy|harem|romance|slice of life,33,16,22,53,51,0,0,1,0,0,0,0,1,0,0,0,0,0,0,0,0,0,0,0,1,0,0,0,0,0,1,0,0,0
263,Laid-Back Camp,https://www.crunchyroll.com/laid-back-camp,https://img1.ak.crunchyroll.com/i/spire4/5ac5fff410cb66c57ce0d2ea2617d08d1515076527_full.jpg,12,174,4.84,adventure|comedy|slice of life,2,1,4,8,159,0,1,1,0,0,0,0,0,0,0,0,0,0,0,0,0,0,0,0,0,0,0,0,0,0,1,0,0,0
264,NEW GAME!,https://www.crunchyroll.com/new-game,https://img1.ak.crunchyroll.com/i/spire1/68af8ecae409291f8d6278a82cbf9b491499909337_full.jpg,24,174,4.5,comedy|slice of life,2,7,9,40,116,0,0,1,0,0,0,0,0,0,0,0,0,0,0,0,0,0,0,0,0,0,0,0,0,0,1,0,0,0
265,Restaurant to Another World,https://www.crunchyroll.com/restaurant-to-another-world,https://img1.ak.crunchyroll.com/i/spire2/10b117017d07aa836665f0608ef46ad11498717948_full.jpg,12,174,4.49,drama|fantasy|isekai|seinen|slice of life,7,6,10,23,128,0,0,0,1,0,1,0,0,0,0,0,1,0,0,0,0,0,0,0,0,0,1,0,0,0,1,0,0,0
266,Cells at Work!,https://www.crunchyroll.com/cells-at-work,https://img1.ak.crunchyroll.com/i/spire3/62efd37b4358eb2302a4f3c94bb85aa91530946368_full.jpg,14,172,4.76,comedy,2,2,4,19,145,0,0,1,0,0,0,0,0,0,0,0,0,0,0,0,0,0,0,0,0,0,0,0,0,0,0,0,0,0
267,Knight’s & Magic,https://www.crunchyroll.com/knights-magic,https://img1.ak.crunchyroll.com/i/spire4/ca81ded75159b3eba12bdc433184abab1500918988_full.jpg,13,172,3.97,action|adventure|isekai|mecha|sci-fi,7,15,32,41,77,1,1,0,0,0,0,0,0,0,0,0,1,0,0,0,1,0,0,0,0,1,0,0,0,0,0,0,0,0
268,Cowboy Bebop,https://www.crunchyroll.com/cowboy-bebop,https://img1.ak.crunchyroll.com/i/spire2/127db1f9004cc0e4a515790475d9e2631473191104_full.jpg,12,171,4.93,action|drama|sci-fi,0,0,4,4,163,1,0,0,1,0,0,0,0,0,0,0,0,0,0,0,0,0,0,0,0,1,0,0,0,0,0,0,0,0
269,The World is Still Beautiful,https://www.crunchyroll.com/the-world-is-still-beautiful,https://img1.ak.crunchyroll.com/i/spire2/f584f1a1c42a9d60d96b7b899c950a901396569315_full.jpg,12,171,4.65,adventure|fantasy|romance|shojo,3,4,9,18,137,0,1,0,0,0,1,0,0,0,0,0,0,0,0,0,0,0,0,0,1,0,0,0,1,0,0,0,0,0
270,Wolf Girl and Black Prince,https://www.crunchyroll.com/wolf-girl-and-black-prince,https://img1.ak.crunchyroll.com/i/spire2/294147950163234facd7bde3366d142b1412462203_full.jpg,12,170,3.95,comedy|romance|shojo|slice of life,12,22,12,41,83,0,0,1,0,0,0,0,0,0,0,0,0,0,0,0,0,0,0,0,1,0,0,0,1,0,1,0,0,0
271,Run with the Wind,https://www.crunchyroll.com/run-with-the-wind,https://img1.ak.crunchyroll.com/i/spire3/cabfcbdfb646e8a96e4c2418cac38ce81538453543_full.jpg,23,168,4.95,drama|shonen|slice of life|sports,0,0,1,7,160,0,0,0,1,0,0,0,0,0,0,0,0,0,0,0,0,0,0,0,0,0,0,0,0,1,1,1,0,0
272,Angels of Death,https://www.crunchyroll.com/angels-of-death,https://img1.ak.crunchyroll.com/i/spire1/8f4360f3e165b0356a5f9859f57bda4b1530856755_full.jpg,16,167,3.89,mystery,17,16,21,27,86,0,0,0,0,0,0,0,0,0,0,0,0,0,0,0,0,0,1,0,0,0,0,0,0,0,0,0,0,0
273,Mushishi,https://www.crunchyroll.com/mushi-shi,https://img1.ak.crunchyroll.com/i/spire2/3cc855b30696ef70482ccf0ed345e1921388181894_full.jpg,22,166,4.88,adventure|fantasy|seinen|slice of life|supernatural,1,1,0,13,151,0,1,0,0,0,1,0,0,0,0,0,0,0,0,0,0,0,0,0,0,0,1,0,0,0,1,0,1,0
274,Uta no Prince Sama,https://www.crunchyroll.com/uta-no-prince-sama,https://img1.ak.crunchyroll.com/i/spire1/eb574ad8eca9c73a41a5e08b9b4264e51431481219_full.jpg,39,166,4.42,drama|harem|music|romance,2,11,16,23,114,0,0,0,1,0,0,0,1,0,0,0,0,0,0,0,0,1,0,0,1,0,0,0,0,0,0,0,0,0
275,"Problem Children are Coming from Another World, aren't they?",https://www.crunchyroll.com/problem-children-are-coming-from-another-world-arent-they,https://img1.ak.crunchyroll.com/i/spire4/5e5a8d0f46487186e64687b046e0eb691357673527_full.jpg,10,165,4.6,action|comedy|fantasy|isekai,1,3,15,23,123,1,0,1,0,0,1,0,0,0,0,0,1,0,0,0,0,0,0,0,0,0,0,0,0,0,0,0,0,0
276,Alderamin on the Sky,https://www.crunchyroll.com/alderamin-on-the-sky,https://img1.ak.crunchyroll.com/i/spire2/2a560a83c5ba6eefb87200bc4a03ddad1467930221_full.jpg,13,165,4.54,action|adventure|drama|fantasy,3,4,10,32,116,1,1,0,1,0,1,0,0,0,0,0,0,0,0,0,0,0,0,0,0,0,0,0,0,0,0,0,0,0
277,Arpeggio of Blue Steel,https://www.crunchyroll.com/arpeggio-of-blue-steel,https://img1.ak.crunchyroll.com/i/spire3/19a3e0820714a21744fe66f691e1f3411381181724_full.jpg,12,165,4.44,action|adventure|drama|sci-fi|seinen,1,7,17,33,107,1,1,0,1,0,0,0,0,0,0,0,0,0,0,0,0,0,0,0,0,1,1,0,0,0,0,0,0,0
278,Blue Spring Ride,https://www.crunchyroll.com/blue-spring-ride,https://img1.ak.crunchyroll.com/i/spire3/509fe806cb6a2984a44886f8d90849591405547999_full.jpg,12,164,4.67,comedy|drama|romance,2,2,11,18,131,0,0,1,1,0,0,0,0,0,0,0,0,0,0,0,0,0,0,0,1,0,0,0,0,0,0,0,0,0
279,91 Days,https://www.crunchyroll.com/91-days,https://img1.ak.crunchyroll.com/i/spire3/e91939a4f48ac442425e1ded03ba36731467927131_full.jpg,14,163,4.72,action|drama|historical|seinen,0,1,12,18,132,1,0,0,1,0,0,0,0,1,0,0,0,0,0,0,0,0,0,0,0,0,1,0,0,0,0,0,0,0
280,RADIANT,https://www.crunchyroll.com/radiant,https://img1.ak.crunchyroll.com/i/spire2/e75203df3d9fbee76d042cb172994f1d1571271082_full.jpg,42,162,3.77,action|adventure|fantasy|shonen,19,15,24,31,73,1,1,0,0,0,1,0,0,0,0,0,0,0,0,0,0,0,0,0,0,0,0,0,0,1,0,0,0,0
281,Magical Warfare,https://www.crunchyroll.com/magical-warfare,https://img1.ak.crunchyroll.com/i/spire3/fd1995f61ffa3737058a75c56ec2c2501389397450_full.jpg,12,162,2.72,action|fantasy,46,35,28,24,29,1,0,0,0,0,1,0,0,0,0,0,0,0,0,0,0,0,0,0,0,0,0,0,0,0,0,0,0,0
282,Fruits Basket,https://www.crunchyroll.com/fruits-basket,https://img1.ak.crunchyroll.com/i/spire3/113723dbe198372b4cbede38898083991554421405_full.jpg,12,161,4.91,comedy|drama|shojo|slice of life|supernatural,0,0,3,9,149,0,0,1,1,0,0,0,0,0,0,0,0,0,0,0,0,0,0,0,0,0,0,0,1,0,1,0,1,0
283,Phantom Thief Reinya,https://www.crunchyroll.com/phantom-thief-reinya,https://img1.ak.crunchyroll.com/i/spire4/1269d49b704e147c3b8d6328e0cdaa4e1273800172_full.jpg,12,161,4.44,comedy,8,3,9,31,110,0,0,1,0,0,0,0,0,0,0,0,0,0,0,0,0,0,0,0,0,0,0,0,0,0,0,0,0,0
284,The Fruit of Grisaia,https://www.crunchyroll.com/the-fruit-of-grisaia,https://img1.ak.crunchyroll.com/i/spire1/b55af73258d22994da6763bf921dd3981411851215_full.jpg,24,161,4.41,drama|romance|thriller,3,7,15,32,104,0,0,0,1,0,0,0,0,0,0,0,0,0,0,0,0,0,0,0,1,0,0,0,0,0,0,0,0,1
285,GOD EATER,https://www.crunchyroll.com/god-eater,https://img1.ak.crunchyroll.com/i/spire4/fd241d37083abbc9adb3ad008167ba9b1438800120_full.jpg,13,161,4.0,action|post-apocalyptic|sci-fi,14,13,15,36,83,1,0,0,0,0,0,0,0,0,0,0,0,0,0,0,0,0,0,1,0,1,0,0,0,0,0,0,0,0
286,Welcome to Demon School! Iruma-kun,https://www.crunchyroll.com/welcome-to-demon-school-iruma-kun,https://img1.ak.crunchyroll.com/i/spire4/1b8bbdf3fa604e61cbf760cd93a6ab901570139985_full.jpg,23,158,4.79,comedy|supernatural,2,1,6,10,139,0,0,1,0,0,0,0,0,0,0,0,0,0,0,0,0,0,0,0,0,0,0,0,0,0,0,0,1,0
287,Kamigami no Asobi,https://www.crunchyroll.com/kamigami-no-asobi,https://img1.ak.crunchyroll.com/i/spire1/b841d550e4e8b37f78860b9d12091e921402512685_full.jpg,12,158,4.36,harem|romance|supernatural,5,8,17,23,105,0,0,0,0,0,0,0,1,0,0,0,0,0,0,0,0,0,0,0,1,0,0,0,0,0,0,0,1,0
288,The Quintessential Quintuplets,https://www.crunchyroll.com/the-quintessential-quintuplets,https://img1.ak.crunchyroll.com/i/spire1/a2b8d11869efab5a512a1199ce81548a1547076276_full.jpg,12,157,4.56,comedy|harem|romance|slice of life,1,6,8,31,111,0,0,1,0,0,0,0,1,0,0,0,0,0,0,0,0,0,0,0,1,0,0,0,0,0,1,0,0,0
289,GIRLS und PANZER,https://www.crunchyroll.com/girls-und-panzer,https://img1.ak.crunchyroll.com/i/spire2/fcc618e79bb56e87e456a6604040fe451351543013_full.jpg,12,157,4.5,action|slice of life|sports,5,4,5,36,107,1,0,0,0,0,0,0,0,0,0,0,0,0,0,0,0,0,0,0,0,0,0,0,0,0,1,1,0,0
290,Maoyu,https://www.crunchyroll.com/maoyu,https://img1.ak.crunchyroll.com/i/spire3/f8fac7a1c5cef184eeaff834fc98bcfb1357156029_full.jpg,12,157,4.35,adventure|fantasy|romance,2,7,14,45,89,0,1,0,0,0,1,0,0,0,0,0,0,0,0,0,0,0,0,0,1,0,0,0,0,0,0,0,0,0
291,WorldEnd: What do you do at the end of the world? Are you busy? Will you save us,https://www.crunchyroll.com/worldend-what-do-you-do-at-the-end-of-the-world-are-you-busy-will-you-save-us,https://img1.ak.crunchyroll.com/i/spire1/fe604ed8734e831ceeb0e827c45815971492038534_full.jpg,12,156,4.64,drama|fantasy|romance|sci-fi|seinen,2,4,7,22,121,0,0,0,1,0,1,0,0,0,0,0,0,0,0,0,0,0,0,0,1,1,1,0,0,0,0,0,0,0
292,GLASSLIP,https://www.crunchyroll.com/glasslip,https://img1.ak.crunchyroll.com/i/spire1/93f86790998560f5a3dfe2d17fb5ff3b1403820617_full.jpg,13,155,2.83,drama|romance|slice of life,29,48,28,20,30,0,0,0,1,0,0,0,0,0,0,0,0,0,0,0,0,0,0,0,1,0,0,0,0,0,1,0,0,0
293,Rozen Maiden Zurückspulen,https://www.crunchyroll.com/rozen-maiden-zurckspulen,https://img1.ak.crunchyroll.com/i/spire1/a1bd6226fa984c2224c6ba7e35d849c21372797575_full.jpg,12,155,1.66,drama|fantasy|supernatural,121,6,5,6,17,0,0,0,1,0,1,0,0,0,0,0,0,0,0,0,0,0,0,0,0,0,0,0,0,0,0,0,1,0
294,Witch Craft Works,https://www.crunchyroll.com/witch-craft-works,https://img1.ak.crunchyroll.com/i/spire3/3361a8826a8a95ec98e320b64962b3541505347682_full.jpg,12,153,4.33,action|fantasy|seinen|supernatural,3,7,18,34,91,1,0,0,0,0,1,0,0,0,0,0,0,0,0,0,0,0,0,0,0,0,1,0,0,0,0,0,1,0
295,Flowers of Evil,https://www.crunchyroll.com/flowers-of-evil,https://img1.ak.crunchyroll.com/i/spire2/81b089af2d4affb17c7e01cbf20638561365212516_full.jpg,13,151,4.24,drama|romance|shonen|thriller,14,4,8,31,94,0,0,0,1,0,0,0,0,0,0,0,0,0,0,0,0,0,0,0,1,0,0,0,0,1,0,0,0,1
296,given,https://www.crunchyroll.com/given,https://img1.ak.crunchyroll.com/i/spire2/b0ccaf974df65b4a74c0b84f3696ecd41562788869_full.jpg,11,149,4.85,drama|music|romance,2,1,2,7,137,0,0,0,1,0,0,0,0,0,0,0,0,0,0,0,0,1,0,0,1,0,0,0,0,0,0,0,0,0
297,KARAKAI JOZU NO TAKAGI-SAN,https://www.crunchyroll.com/karakai-jozu-no-takagi-san,https://img1.ak.crunchyroll.com/i/spire1/0ecc80ed74ddb2c26df3c0c8711cda671515201557_full.jpg,12,149,4.82,comedy|romance|slice of life,1,1,0,20,127,0,0,1,0,0,0,0,0,0,0,0,0,0,0,0,0,0,0,0,1,0,0,0,0,0,1,0,0,0
298,Interviews with Monster Girls,https://www.crunchyroll.com/interviews-with-monster-girls,https://img1.ak.crunchyroll.com/i/spire1/bf00bb9314272a29b058894cf331d6ed1483790667_full.jpg,26,149,4.66,comedy|seinen|slice of life|supernatural,1,1,8,27,112,0,0,1,0,0,0,0,0,0,0,0,0,0,0,0,0,0,0,0,0,0,1,0,0,0,1,0,1,0
299,Sunday Without God,https://www.crunchyroll.com/sunday-without-god,https://img1.ak.crunchyroll.com/i/spire1/d4e0f7bb37eb53e7c79a355c948d665b1373186751_full.jpg,12,148,4.44,adventure|drama|fantasy|mystery|post-apocalyptic|supernatural,2,5,17,26,98,0,1,0,1,0,1,0,0,0,0,0,0,0,0,0,0,0,1,1,0,0,0,0,0,0,0,0,1,0
300,The Lost Village,https://www.crunchyroll.com/the-lost-village,https://img1.ak.crunchyroll.com/i/spire1/0c7a446d4b906b325acf65f78cbe4bd41459543054_full.jpg,12,148,3.09,comedy|mystery|supernatural|thriller,23,27,33,43,22,0,0,1,0,0,0,0,0,0,0,0,0,0,0,0,0,0,1,0,0,0,0,0,0,0,0,0,1,1
301,Taboo Tattoo,https://www.crunchyroll.com/taboo-tattoo,https://img1.ak.crunchyroll.com/i/spire2/7b0a1af7b3edf481daff9666590f96a41467608461_full.jpg,12,148,2.24,action|fantasy|sci-fi,62,35,22,12,17,1,0,0,0,0,1,0,0,0,0,0,0,0,0,0,0,0,0,0,0,1,0,0,0,0,0,0,0,0
302,March comes in like a lion,https://www.crunchyroll.com/march-comes-in-like-a-lion,https://img1.ak.crunchyroll.com/i/spire4/6d28a93bd474e377db459f05021f25ff1507942227_full.jpg,45,146,4.79,drama|romance,2,4,1,8,131,0,0,0,1,0,0,0,0,0,0,0,0,0,0,0,0,0,0,0,1,0,0,0,0,0,0,0,0,0
303,HINAMATSURI,https://www.crunchyroll.com/hinamatsuri,https://img1.ak.crunchyroll.com/i/spire3/a96c256019920b13cff748e473228d351522977218_full.jpg,12,146,4.79,comedy|drama|slice of life|supernatural,1,3,3,11,128,0,0,1,1,0,0,0,0,0,0,0,0,0,0,0,0,0,0,0,0,0,0,0,0,0,1,0,1,0
304,Haven’t You Heard? I’m Sakamoto,https://www.crunchyroll.com/havent-you-heard-im-sakamoto,https://img1.ak.crunchyroll.com/i/spire3/c836efd49dded6ba59d4aa9e162222c61531953960_full.jpg,13,145,4.57,comedy|seinen|slice of life,3,4,7,24,107,0,0,1,0,0,0,0,0,0,0,0,0,0,0,0,0,0,0,0,0,0,1,0,0,0,1,0,0,0
305,The Ambition of Oda Nobuna,https://www.crunchyroll.com/the-ambition-of-oda-nobuna,https://img1.ak.crunchyroll.com/i/spire3/630663a7141eab297e4e4f91daf2345b1339706264_full.jpg,12,145,4.56,action|fantasy|historical,3,2,9,28,103,1,0,0,0,0,1,0,0,1,0,0,0,0,0,0,0,0,0,0,0,0,0,0,0,0,0,0,0,0
306,BLEND-S,https://www.crunchyroll.com/blend-s,https://img1.ak.crunchyroll.com/i/spire4/c15e58f7beaf54646c1ad0bcbb4886ff1507336620_full.jpg,12,144,4.53,comedy|slice of life,1,2,18,22,101,0,0,1,0,0,0,0,0,0,0,0,0,0,0,0,0,0,0,0,0,0,0,0,0,0,1,0,0,0
307,Didn't I say to make my abilities average in the next life,https://www.crunchyroll.com/didnt-i-say-to-make-my-abilities-average-in-the-next-life,https://img1.ak.crunchyroll.com/i/spire3/89f652de5eeea32c66b1ce8b8ed321fd1570055637_full.jpg,12,144,3.81,comedy|fantasy|isekai,13,17,17,35,62,0,0,1,0,0,1,0,0,0,0,0,1,0,0,0,0,0,0,0,0,0,0,0,0,0,0,0,0,0
308,Tonari no Seki-kun: The Master of Killing Time,https://www.crunchyroll.com/tonari-no-seki-kun-the-master-of-killing-time,https://img1.ak.crunchyroll.com/i/spire1/38bb57dd62113be9d617e3444caa27d51388427345_full.jpg,21,143,4.7,comedy|romance|seinen|slice of life,1,0,7,25,110,0,0,1,0,0,0,0,0,0,0,0,0,0,0,0,0,0,0,0,1,0,1,0,0,0,1,0,0,0
309,Magical Girl Raising Project,https://www.crunchyroll.com/magical-girl-raising-project,https://img1.ak.crunchyroll.com/i/spire2/5e2d98db4c41c552f373441c7ab34de61483472913_full.jpg,12,143,3.6,action|drama|fantasy|seinen,20,14,21,36,52,1,0,0,1,0,1,0,0,0,0,0,0,0,0,0,0,0,0,0,0,0,1,0,0,0,0,0,0,0
310,MEKAKUCITY ACTORS,https://www.crunchyroll.com/mekakucity-actors,https://img1.ak.crunchyroll.com/i/spire4/65bf061d56748adb0057e96f3b6221ac1397156105_full.jpg,12,142,4.07,action|music|romance|sci-fi,5,13,19,35,70,1,0,0,0,0,0,0,0,0,0,0,0,0,0,0,0,1,0,0,1,1,0,0,0,0,0,0,0,0
311,ORESUKI Are you the only one who loves me?,https://www.crunchyroll.com/oresuki-are-you-the-only-one-who-loves-me,https://img1.ak.crunchyroll.com/i/spire2/d207626e8baa71938e43965f2fdf9b841569978229_full.jpg,13,141,4.68,romance,3,2,6,15,115,0,0,0,0,0,0,0,0,0,0,0,0,0,0,0,0,0,0,0,1,0,0,0,0,0,0,0,0,0
312,Sound! Euphonium,https://www.crunchyroll.com/sound-euphonium,https://img1.ak.crunchyroll.com/i/spire3/6f75a04362fadee1a5890e8d413d722b1477942259_full.jpg,27,141,4.65,drama|music|romance|slice of life,2,1,5,29,104,0,0,0,1,0,0,0,0,0,0,0,0,0,0,0,0,1,0,0,1,0,0,0,0,0,1,0,0,0
313,Ushio and Tora,https://www.crunchyroll.com/ushio-and-tora,https://img1.ak.crunchyroll.com/i/spire1/153485f765efc8131b7ddc924538d0bd1459362513_full.jpg,39,141,4.57,action|adventure|fantasy|shonen|supernatural,1,3,13,22,102,1,1,0,0,0,1,0,0,0,0,0,0,0,0,0,0,0,0,0,0,0,0,0,0,1,0,0,1,0
314,Flying Witch,https://www.crunchyroll.com/flying-witch,https://img1.ak.crunchyroll.com/i/spire3/71db9b8dbcbd69284df73b4c1e6ef3df1460066070_full.jpg,12,139,4.69,comedy|fantasy|shonen|slice of life|supernatural,2,3,4,18,112,0,0,1,0,0,1,0,0,0,0,0,0,0,0,0,0,0,0,0,0,0,0,0,0,1,1,0,1,0
315,Campione!,https://www.crunchyroll.com/campione,https://img1.ak.crunchyroll.com/i/spire3/b875e1859893863a735e70051743c7f61532555393_full.jpg,13,139,4.37,fantasy|harem|romance,5,6,16,18,94,0,0,0,0,0,1,0,1,0,0,0,0,0,0,0,0,0,0,0,1,0,0,0,0,0,0,0,0,0
316,Brynhildr in the Darkness,https://www.crunchyroll.com/brynhildr-in-the-darkness,https://img1.ak.crunchyroll.com/i/spire4/bcf91aca242a6121922a362ad6077bea1396738971_full.jpg,13,139,3.91,action|drama|fantasy|mystery|romance,5,19,19,36,60,1,0,0,1,0,1,0,0,0,0,0,0,0,0,0,0,0,1,0,1,0,0,0,0,0,0,0,0,0
317,Blade and Soul,https://www.crunchyroll.com/blade-and-soul,https://img1.ak.crunchyroll.com/i/spire4/14b8893e3a46ba0bc9038150be10b4da1396550597_full.jpg,13,138,3.02,action|adventure|fantasy,24,32,29,23,30,1,1,0,0,0,1,0,0,0,0,0,0,0,0,0,0,0,0,0,0,0,0,0,0,0,0,0,0,0
318,Silver Spoon,https://www.crunchyroll.com/silver-spoon,https://img1.ak.crunchyroll.com/i/spire4/797ee6f4f0b43b1a1f96aa380d8fce4d1373187155_full.jpg,22,136,4.91,comedy|romance|shonen|slice of life,0,0,1,10,125,0,0,1,0,0,0,0,0,0,0,0,0,0,0,0,0,0,0,0,1,0,0,0,0,1,1,0,0,0
319,You and Me 2,https://www.crunchyroll.com/you-and-me-2,https://img1.ak.crunchyroll.com/i/spire2/9668d567f0eac7c864db0dff024a34271333122773_full.jpg,13,136,4.73,slice of life,4,2,3,9,118,0,0,0,0,0,0,0,0,0,0,0,0,0,0,0,0,0,0,0,0,0,0,0,0,0,1,0,0,0
320,Kino no Tabi -the Beautiful World- the Animated Series,https://www.crunchyroll.com/kinos-journey-the-beautiful-world-the-animated-series,https://img1.ak.crunchyroll.com/i/spire3/2dea28d9e1164f3dc918df0bff7c4cd41507268536_full.jpg,12,136,4.54,action|adventure|drama|fantasy|mystery|seinen|slice of life,3,5,7,22,99,1,1,0,1,0,1,0,0,0,0,0,0,0,0,0,0,0,1,0,0,0,1,0,0,0,1,0,0,0
321,Bakemonogatari,https://www.crunchyroll.com/bakemonogatari,https://img1.ak.crunchyroll.com/i/spire3/2298cd3152d723592023777d5157a5d11347307796_full.jpg,12,135,4.44,action|comedy|drama|harem|mystery|seinen|supernatural,8,2,9,20,96,1,0,1,1,0,0,0,1,0,0,0,0,0,0,0,0,0,1,0,0,0,1,0,0,0,0,0,1,0
322,DRAMAtical Murder,https://www.crunchyroll.com/dramatical-murder,https://img1.ak.crunchyroll.com/i/spire1/91c3c07b001931bcdb342bb21b711c581404631762_full.jpg,12,135,3.99,action|drama|romance|sci-fi,8,10,20,35,62,1,0,0,1,0,0,0,0,0,0,0,0,0,0,0,0,0,0,0,1,1,0,0,0,0,0,0,0,0
323,Ace Attorney,https://www.crunchyroll.com/ace-attorney,https://img1.ak.crunchyroll.com/i/spire1/be9da4b43d277a66dc4d6b30b0fc66451539039605_full.jpg,47,134,3.78,comedy|drama|mystery,20,12,12,24,66,0,0,1,1,0,0,0,0,0,0,0,0,0,0,0,0,0,1,0,0,0,0,0,0,0,0,0,0,0
324,Yowamushi Pedal,https://www.crunchyroll.com/yowamushi-pedal,https://img1.ak.crunchyroll.com/i/spire1/7a36b97db217210884787b989c48b9eb1412362077_full.jpg,65,133,4.79,action|drama|shonen|sports,1,1,1,19,111,1,0,0,1,0,0,0,0,0,0,0,0,0,0,0,0,0,0,0,0,0,0,0,0,1,0,1,0,0
325,Biyou Shounen Celebrity,https://www.crunchyroll.com/biyou-shounen-celebrity,https://img1.ak.crunchyroll.com/i/spire4/811ebf0418542826665e66723f676be31273796248_full.jpg,12,133,4.77,comedy|jdrama,3,0,5,9,116,0,0,1,0,0,0,0,0,0,0,0,0,1,0,0,0,0,0,0,0,0,0,0,0,0,0,0,0,0
326,"If It's for My Daughter, I'd Even Defeat a Demon Lord",https://www.crunchyroll.com/if-its-for-my-daughter-id-even-defeat-a-demon-lord,https://img1.ak.crunchyroll.com/i/spire1/51e9283b8ebb3d798076c1860a561e9f1562249422_full.jpg,12,133,4.03,fantasy|slice of life,18,6,8,23,78,0,0,0,0,0,1,0,0,0,0,0,0,0,0,0,0,0,0,0,0,0,0,0,0,0,1,0,0,0
327,Tsuredure Children,https://www.crunchyroll.com/tsuredure-children,https://img1.ak.crunchyroll.com/i/spire3/f9f6337b02f4cd45d88036aeeda724781532553378_full.jpg,12,132,4.61,comedy|drama|romance|shonen|slice of life,1,2,4,33,92,0,0,1,1,0,0,0,0,0,0,0,0,0,0,0,0,0,0,0,1,0,0,0,0,1,1,0,0,0
328,Fuuka,https://www.crunchyroll.com/fuuka,https://img1.ak.crunchyroll.com/i/spire2/3b86bbf3ad40f36f86df634e138837ca1484112439_full.jpg,12,132,3.4,drama|music|romance|shonen,21,22,21,19,49,0,0,0,1,0,0,0,0,0,0,0,0,0,0,0,0,1,0,0,1,0,0,0,0,1,0,0,0,0
329,Phi Brain,https://www.crunchyroll.com/phi-brain,https://img1.ak.crunchyroll.com/i/spire1/17cf628e3cc4ce6cda4eb7bf873911e91334963586_full.jpg,12,131,4.44,,4,5,11,21,90,0,0,0,0,0,0,0,0,0,0,0,0,0,0,0,0,0,0,0,0,0,0,0,0,0,0,0,0,0
330,One-Punch Man,https://www.crunchyroll.com/one-punch-man,https://img1.ak.crunchyroll.com/i/spire2/486f88e5889422c72ab7b12a58f794721554828665_full.jpg,25,127,4.22,action|comedy|shonen,9,9,9,18,82,1,0,1,0,0,0,0,0,0,0,0,0,0,0,0,0,0,0,0,0,0,0,0,0,1,0,0,0,0
331,World Break: Aria of Curse for a Holy Swordsman,https://www.crunchyroll.com/world-break-aria-of-curse-for-a-holy-swordsman,https://img1.ak.crunchyroll.com/i/spire1/a36fca80fc4921ae3526be21f4ae20361420839553_full.jpg,12,125,3.5,action|fantasy|harem|romance|seinen,15,18,25,23,44,1,0,0,0,0,1,0,1,0,0,0,0,0,0,0,0,0,0,0,1,0,1,0,0,0,0,0,0,0
332,Non Non Biyori,https://www.crunchyroll.com/non-non-biyori,https://img1.ak.crunchyroll.com/i/spire1/f24f103a10fd45daab2d4754d2e384b71437527434_full.jpg,24,124,4.77,comedy|seinen|slice of life,1,1,4,13,105,0,0,1,0,0,0,0,0,0,0,0,0,0,0,0,0,0,0,0,0,0,1,0,0,0,1,0,0,0
333,"Kiss Him, Not Me",https://www.crunchyroll.com/kiss-him-not-me,https://img1.ak.crunchyroll.com/i/spire3/d34e93dbf1f415f97abc6d0bcf9530441475826495_full.jpg,12,123,4.48,comedy|harem|romance|shojo,3,4,7,26,83,0,0,1,0,0,0,0,1,0,0,0,0,0,0,0,0,0,0,0,1,0,0,0,1,0,0,0,0,0
334,A Sister's All You Need.,https://www.crunchyroll.com/a-sisters-all-you-need,https://img1.ak.crunchyroll.com/i/spire2/280373cfd5d6c270ca614b21b883362c1507939705_full.jpg,12,122,4.31,comedy|drama|harem|romance|slice of life,10,2,5,28,77,0,0,1,1,0,0,0,1,0,0,0,0,0,0,0,0,0,0,0,1,0,0,0,0,0,1,0,0,0
335,PUNCH LINE,https://www.crunchyroll.com/punch-line,https://img1.ak.crunchyroll.com/i/spire4/32364c0341343859046ed51f004216b41428009679_full.jpg,12,122,4.26,action|comedy|sci-fi|supernatural,7,5,11,25,74,1,0,1,0,0,0,0,0,0,0,0,0,0,0,0,0,0,0,0,0,1,0,0,0,0,0,0,1,0
336,Sengoku Collection (Parallel World Samurai),https://www.crunchyroll.com/sengoku-collection-parallel-world-samurai,https://img1.ak.crunchyroll.com/i/spire3/f8e77ffccd87f92a284f83b780c1fd301333469169_full.jpg,26,122,4.21,comedy|fantasy|historical,2,6,20,30,64,0,0,1,0,0,1,0,0,1,0,0,0,0,0,0,0,0,0,0,0,0,0,0,0,0,0,0,0,0
337,SHELTER,https://www.crunchyroll.com/shelter,https://img1.ak.crunchyroll.com/i/spire3/3f1ecebbe01737eafee3e861a0e4201e1476790440_full.jpg,12,121,4.83,adventure|drama|music|post-apocalyptic|sci-fi,3,0,1,6,111,0,1,0,1,0,0,0,0,0,0,0,0,0,0,0,0,1,0,1,0,1,0,0,0,0,0,0,0,0
338,sweetness & lightning,https://www.crunchyroll.com/sweetness-lightning,https://img1.ak.crunchyroll.com/i/spire3/adeebec82242cd8f432f4e244af81a061467608954_full.jpg,12,121,4.7,comedy|drama|seinen|slice of life,2,1,3,19,96,0,0,1,1,0,0,0,0,0,0,0,0,0,0,0,0,0,0,0,0,0,1,0,0,0,1,0,0,0
339,Peeping Life,https://www.crunchyroll.com/peeping-life,https://img1.ak.crunchyroll.com/i/spire4/a11f11364d259b90b280c98b3acf91041279149401_full.jpg,12,121,3.97,comedy|slice of life,14,8,7,31,61,0,0,1,0,0,0,0,0,0,0,0,0,0,0,0,0,0,0,0,0,0,0,0,0,0,1,0,0,0
340,Asobi Asobase - workshop of fun -,https://www.crunchyroll.com/asobi-asobase-workshop-of-fun-,https://img1.ak.crunchyroll.com/i/spire2/6c109728160434e952a2e4ddfec1844c1531041569_full.jpg,12,120,4.81,comedy|slice of life,3,1,1,6,109,0,0,1,0,0,0,0,0,0,0,0,0,0,0,0,0,0,0,0,0,0,0,0,0,0,1,0,0,0
341,Myriad Colors Phantom World,https://www.crunchyroll.com/myriad-colors-phantom-world,https://img1.ak.crunchyroll.com/i/spire3/961d72f6b3825bca53b772996d47eae91452021340_full.jpg,13,120,3.88,fantasy|slice of life,7,12,18,34,49,0,0,0,0,0,1,0,0,0,0,0,0,0,0,0,0,0,0,0,0,0,0,0,0,0,1,0,0,0
342,Ascendance of a Bookworm,https://www.crunchyroll.com/ascendance-of-a-bookworm,https://img1.ak.crunchyroll.com/i/spire1/abb59102f88dba0b083e225db4421ee01569893751_full.jpg,16,119,4.71,adventure|fantasy|isekai,2,3,4,9,101,0,1,0,0,0,1,0,0,0,0,0,1,0,0,0,0,0,0,0,0,0,0,0,0,0,0,0,0,0
343,Saekano -How to Raise a Boring Girlfriend-,https://www.crunchyroll.com/saekano-how-to-raise-a-boring-girlfriend-,https://img1.ak.crunchyroll.com/i/spire4/30eb07003c901066a9db027399c77ad41420598162_full.jpg,13,119,4.31,comedy|drama|harem|romance|slice of life,3,7,8,33,68,0,0,1,1,0,0,0,1,0,0,0,0,0,0,0,0,0,0,0,1,0,0,0,0,0,1,0,0,0
344,Tanaka-kun is Always Listless,https://www.crunchyroll.com/tanaka-kun-is-always-listless,https://img1.ak.crunchyroll.com/i/spire4/83f81ae9ac9b3ff32f03e259cbce3d741460065974_full.jpg,12,118,4.73,comedy|shonen|slice of life,0,4,1,18,95,0,0,1,0,0,0,0,0,0,0,0,0,0,0,0,0,0,0,0,0,0,0,0,0,1,1,0,0,0
345,How to Keep a Mummy,https://www.crunchyroll.com/how-to-keep-a-mummy,https://img1.ak.crunchyroll.com/i/spire3/7f430180701beef5a7456e15f8dfb3401515660254_full.jpg,12,117,4.77,comedy|slice of life|supernatural,0,3,3,12,99,0,0,1,0,0,0,0,0,0,0,0,0,0,0,0,0,0,0,0,0,0,0,0,0,0,1,0,1,0
346,Love Tyrant,https://www.crunchyroll.com/love-tyrant,https://img1.ak.crunchyroll.com/i/spire1/709f009f655cd4f3e45fe22d5f23b8231491460185_full.jpg,12,117,3.84,comedy|fantasy|harem|romance|supernatural,11,11,17,25,53,0,0,1,0,0,1,0,1,0,0,0,0,0,0,0,0,0,0,0,1,0,0,0,0,0,0,0,1,0
347,Drifters,https://www.crunchyroll.com/drifters,https://img1.ak.crunchyroll.com/i/spire4/726d45e25fc2f239ccdd753a16742efb1475824870_full.jpg,12,115,4.61,action|drama|fantasy|historical|isekai,4,3,4,12,92,1,0,0,1,0,1,0,0,1,0,0,1,0,0,0,0,0,0,0,0,0,0,0,0,0,0,0,0,0
348,SHIROBAKO,https://www.crunchyroll.com/shirobako,https://img1.ak.crunchyroll.com/i/spire4/eec93e750b6b873f13e04a2c77d57dca1412806442_full.jpg,24,111,4.85,,0,0,2,13,96,0,0,0,0,0,0,0,0,0,0,0,0,0,0,0,0,0,0,0,0,0,0,0,0,0,0,0,0,0
349,Digimon Xros Wars - The Young Hunters Who Leapt Through Time,https://www.crunchyroll.com/digimon-xros-wars-the-young-hunters-who-leapt-through-time,https://img1.ak.crunchyroll.com/i/spire4/fa32794cd3d9fe3fc9420cf0c13aea461321566661_full.jpg,12,111,4.64,,1,4,5,14,87,0,0,0,0,0,0,0,0,0,0,0,0,0,0,0,0,0,0,0,0,0,0,0,0,0,0,0,0,0
350,Izetta: The Last Witch,https://www.crunchyroll.com/izetta-the-last-witch,https://img1.ak.crunchyroll.com/i/spire2/abcc6053c4fdcdab998997a8aaa2708f1475018758_full.jpg,12,111,4.03,action|drama|fantasy|historical|romance|supernatural,3,7,23,29,49,1,0,0,1,0,1,0,0,1,0,0,0,0,0,0,0,0,0,0,1,0,0,0,0,0,0,0,1,0
351,La storia della Arcana Famiglia,https://www.crunchyroll.com/la-storia-della-arcana-famiglia,https://img1.ak.crunchyroll.com/i/spire4/fb245b43a27e980deb4d22344f6c9ee81341524726_full.jpg,12,110,3.31,,20,17,22,11,40,0,0,0,0,0,0,0,0,0,0,0,0,0,0,0,0,0,0,0,0,0,0,0,0,0,0,0,0,0
352,My Roommate is a Cat,https://www.crunchyroll.com/my-roommate-is-a-cat,https://img1.ak.crunchyroll.com/i/spire1/f2e9101be6f96bf61ad3dd7c59cf95151547049778_full.jpg,12,109,4.79,comedy|drama|slice of life,0,1,3,14,91,0,0,1,1,0,0,0,0,0,0,0,0,0,0,0,0,0,0,0,0,0,0,0,0,0,1,0,0,0
353,Magical Play,https://www.crunchyroll.com/magical-play,https://img1.ak.crunchyroll.com/i/spire3/a29af40b2235aaf307f71c6ea4f3b8671238689689_full.jpg,12,109,4.34,magical girls,7,2,6,26,68,0,0,0,0,0,0,0,0,0,0,0,0,0,1,0,0,0,0,0,0,0,0,0,0,0,0,0,0,0
354,White Album 2,https://www.crunchyroll.com/white-album-2,https://img1.ak.crunchyroll.com/i/spire3/eb8e031b31c11a2dc86f67356c3b33fe1380822049_full.jpg,13,109,4.3,drama|harem|idols|music|romance|slice of life,4,5,11,23,66,0,0,0,1,0,0,0,1,0,0,1,0,0,0,0,0,1,0,0,1,0,0,0,0,0,1,0,0,0
355,GA Geijutsuka Art Design Class,https://www.crunchyroll.com/ga-geijutsuka-art-design-class,https://img1.ak.crunchyroll.com/i/spire4/ccc236ed0a14593699b7276640c2337d1300830384_full.jpg,12,108,4.59,comedy|seinen|slice of life,3,1,6,17,81,0,0,1,0,0,0,0,0,0,0,0,0,0,0,0,0,0,0,0,0,0,1,0,0,0,1,0,0,0
356,Beautiful Bones -Sakurako's Investigation-,https://www.crunchyroll.com/beautiful-bones-sakurakos-investigation-,https://img1.ak.crunchyroll.com/i/spire1/cc524e45cf051cc9aedf2865e92440161444328430_full.jpg,12,108,4.56,drama|mystery|thriller,0,1,9,27,71,0,0,0,1,0,0,0,0,0,0,0,0,0,0,0,0,0,1,0,0,0,0,0,0,0,0,0,0,1
357,Pop Team Epic,https://www.crunchyroll.com/pop-team-epic,https://img1.ak.crunchyroll.com/i/spire4/bb673c0b1d84bd936c5819ed2b1e36701515252231_full.jpg,16,108,3.92,action|comedy,20,4,6,13,65,1,0,1,0,0,0,0,0,0,0,0,0,0,0,0,0,0,0,0,0,0,0,0,0,0,0,0,0,0
358,"Love, Chunibyo & Other Delusions",https://www.crunchyroll.com/love-chunibyo-other-delusions,https://img1.ak.crunchyroll.com/i/spire3/d6ee37b791b46c7c66cda8af1e72298b1392243736_full.jpg,12,107,4.83,comedy|drama|romance|slice of life,0,0,0,18,89,0,0,1,1,0,0,0,0,0,0,0,0,0,0,0,0,0,0,0,1,0,0,0,0,0,1,0,0,0
359,AHO-GIRL,https://www.crunchyroll.com/aho-girl,https://img1.ak.crunchyroll.com/i/spire1/38529679dfcb6e71142fd496087a7cfe1532553227_full.jpg,12,107,4.24,comedy|slice of life,6,6,9,21,65,0,0,1,0,0,0,0,0,0,0,0,0,0,0,0,0,0,0,0,0,0,0,0,0,0,1,0,0,0
360,Spiritpact,https://www.crunchyroll.com/spiritpact,https://img1.ak.crunchyroll.com/i/spire1/7b30e330965dd4b3dfb464baa6116e571519666590_full.jpg,22,107,3.75,action|adventure|drama|seinen|supernatural,20,6,10,16,55,1,1,0,1,0,0,0,0,0,0,0,0,0,0,0,0,0,0,0,0,0,1,0,0,0,0,0,1,0
361,Showa Genroku Rakugo Shinju,https://www.crunchyroll.com/showa-genroku-rakugo-shinju,https://img1.ak.crunchyroll.com/i/spire4/1a5cf74930e3f840d1e4722a243ba2c61452284006_full.jpg,25,106,4.91,drama|historical|romance,0,0,2,6,98,0,0,0,1,0,0,0,0,1,0,0,0,0,0,0,0,0,0,0,1,0,0,0,0,0,0,0,0,0
362,HENNEKO – The Hentai Prince and the Stony Cat -,https://www.crunchyroll.com/henneko-the-hentai-prince-and-the-stony-cat-,https://img1.ak.crunchyroll.com/i/spire2/eae7a3123a59fe382b3f37b36417a6d51365787722_full.jpg,12,106,4.58,drama|romance|supernatural,1,3,7,17,78,0,0,0,1,0,0,0,0,0,0,0,0,0,0,0,0,0,0,0,1,0,0,0,0,0,0,0,1,0
363,Noblesse: Awakening,https://www.crunchyroll.com/noblesse-awakening,https://img1.ak.crunchyroll.com/i/spire4/2e37aa89ba3bca2be2265ee39557ef331454568861_full.jpg,12,105,4.63,action|supernatural|thriller,1,5,4,12,83,1,0,0,0,0,0,0,0,0,0,0,0,0,0,0,0,0,0,0,0,0,0,0,0,0,0,0,1,1
364,Cute High Earth Defense Club LOVE!,https://www.crunchyroll.com/cute-high-earth-defense-club-love,https://img1.ak.crunchyroll.com/i/spire3/b320cf05482edabddc2737bd427acd041420480756_full.jpg,37,105,4.35,comedy|slice of life,3,5,8,25,64,0,0,1,0,0,0,0,0,0,0,0,0,0,0,0,0,0,0,0,0,0,0,0,0,0,1,0,0,0
365,Twin Angel: Twinkle Paradise,https://www.crunchyroll.com/twin-angel-twinkle-paradise,https://img1.ak.crunchyroll.com/i/spire2/f796118c10c73cadd0b43df78ca7de921310005894_full.jpg,12,105,3.95,magical girls,12,6,14,16,57,0,0,0,0,0,0,0,0,0,0,0,0,0,1,0,0,0,0,0,0,0,0,0,0,0,0,0,0,0
366,Samurai Flamenco,https://www.crunchyroll.com/samurai-flamenco,https://img1.ak.crunchyroll.com/i/spire1/7c71e58f419c920cc6eb4bba744d283c1380932808_full.jpg,22,105,3.81,action|comedy|sci-fi|supernatural,12,10,13,21,49,1,0,1,0,0,0,0,0,0,0,0,0,0,0,0,0,0,0,0,0,1,0,0,0,0,0,0,1,0
367,KADO: The Right Answer,https://www.crunchyroll.com/kado-the-right-answer,https://img1.ak.crunchyroll.com/i/spire4/ac6d2494650531e9a04a904c644bb8781491428941_full.jpg,14,104,3.85,drama|sci-fi|seinen,7,15,14,19,49,0,0,0,1,0,0,0,0,0,0,0,0,0,0,0,0,0,0,0,0,1,1,0,0,0,0,0,0,0
368,Hakkenden: Eight Dogs of the East,https://www.crunchyroll.com/hakkenden-eight-dogs-of-the-east,https://img1.ak.crunchyroll.com/i/spire1/5fb9c1054b6ecd601122f540a2caf5a91372922899_full.jpg,26,103,4.64,action|fantasy|shojo|supernatural,2,1,6,14,80,1,0,0,0,0,1,0,0,0,0,0,0,0,0,0,0,0,0,0,0,0,0,0,1,0,0,0,1,0
369,Sherlock Hound,https://www.crunchyroll.com/sherlock-hound,https://img1.ak.crunchyroll.com/i/spire3/d249c61445c786348372f6a1da8b8d411456263627_full.jpg,12,103,4.56,action|adventure|mystery,3,2,4,19,75,1,1,0,0,0,0,0,0,0,0,0,0,0,0,0,0,0,1,0,0,0,0,0,0,0,0,0,0,0
370,Chaika –The Coffin Princess-,https://www.crunchyroll.com/chaika-the-coffin-princess-,https://img1.ak.crunchyroll.com/i/spire2/23298af0a3c30f54877fcabaaeaf06481396999865_full.jpg,22,103,4.29,action|adventure|fantasy|supernatural,1,3,14,32,53,1,1,0,0,0,1,0,0,0,0,0,0,0,0,0,0,0,0,0,0,0,0,0,0,0,0,0,1,0
371,Ixion Saga DT,https://www.crunchyroll.com/ixion-saga-dt,https://img1.ak.crunchyroll.com/i/spire1/e47aa95a73f0b007bc1bece79ed05b981349127209_full.jpg,25,103,3.77,action|fantasy,20,5,8,16,54,1,0,0,0,0,1,0,0,0,0,0,0,0,0,0,0,0,0,0,0,0,0,0,0,0,0,0,0,0
372,A Certain Magical Index,https://www.crunchyroll.com/a-certain-magical-index,https://img1.ak.crunchyroll.com/i/spire4/036c94886386a9dd8d7390d0b1cdbc5d1542154530_full.jpg,26,103,3.55,action|fantasy|sci-fi,12,13,16,30,32,1,0,0,0,0,1,0,0,0,0,0,0,0,0,0,0,0,0,0,0,1,0,0,0,0,0,0,0,0
373,Rozen Maiden,https://www.crunchyroll.com/rozen-maiden,https://img1.ak.crunchyroll.com/i/spire4/6b58d3908d89df63dca294e320a1407b1377306630_full.jpg,12,102,4.94,drama|fantasy|supernatural,0,0,3,0,99,0,0,0,1,0,1,0,0,0,0,0,0,0,0,0,0,0,0,0,0,0,0,0,0,0,0,0,1,0
374,Kakuriyo -Bed & Breakfast for Spirits-,https://www.crunchyroll.com/kakuriyo-bed-breakfast-for-spirits-,https://img1.ak.crunchyroll.com/i/spire2/23ace54d89856767f992b960861168d51532552641_full.jpg,12,102,4.85,drama|romance|supernatural,0,0,3,9,90,0,0,0,1,0,0,0,0,0,0,0,0,0,0,0,0,0,0,0,1,0,0,0,0,0,0,0,1,0
375,Infinite Stratos,https://www.crunchyroll.com/infinite-stratos,https://img1.ak.crunchyroll.com/i/spire1/32e197e3e787775827368b613079297c1380740116_full.jpg,12,102,3.52,action|harem|mecha|romance|sci-fi,11,20,14,19,38,1,0,0,0,0,0,0,1,0,0,0,0,0,0,0,1,0,0,0,1,1,0,0,0,0,0,0,0,0
376,BIG ORDER,https://www.crunchyroll.com/big-order,https://img1.ak.crunchyroll.com/i/spire4/97bf9cd2af93d6f5ffedd66e561afb871460068269_full.jpg,10,102,2.43,action|drama|mystery|post-apocalyptic|thriller,41,14,23,10,14,1,0,0,1,0,0,0,0,0,0,0,0,0,0,0,0,0,1,1,0,0,0,0,0,0,0,0,0,1
377,NANBAKA,https://www.crunchyroll.com/nanbaka,https://img1.ak.crunchyroll.com/i/spire4/8118cdb372b59fc25e687e9a281ec5b51487017969_full.jpg,26,101,4.44,comedy|slice of life,4,4,5,19,69,0,0,1,0,0,0,0,0,0,0,0,0,0,0,0,0,0,0,0,0,0,0,0,0,0,1,0,0,0
378,Gabriel DropOut,https://www.crunchyroll.com/gabriel-dropout,https://img1.ak.crunchyroll.com/i/spire3/361c7be62685d032771ebde63c53f2381483178237_full.jpg,12,101,4.32,comedy|shonen|slice of life|supernatural,3,5,12,18,63,0,0,1,0,0,0,0,0,0,0,0,0,0,0,0,0,0,0,0,0,0,0,0,0,1,1,0,1,0
379,Natsuyuki Rendezvous,https://www.crunchyroll.com/natsuyuki-rendezvous,https://img1.ak.crunchyroll.com/i/spire1/b3cbc66760753a90dba97d5acdac5b6a1341526085_full.jpg,12,101,4.0,romance|supernatural,4,5,21,28,43,0,0,0,0,0,0,0,0,0,0,0,0,0,0,0,0,0,0,0,1,0,0,0,0,0,0,0,1,0
380,Rurouni Kenshin,https://www.crunchyroll.com/rurouni-kenshin,https://img1.ak.crunchyroll.com/i/spire4/f815d2aef3fbef83f1d01579ab344b361441838941_full.jpg,12,100,4.8,action|adventure|historical|romance|shonen,0,0,6,8,86,1,1,0,0,0,0,0,0,1,0,0,0,0,0,0,0,0,0,0,1,0,0,0,0,1,0,0,0,0
381,Anti-Magic Academy: The 35th Test Platoon,https://www.crunchyroll.com/anti-magic-academy-the-35th-test-platoon,https://img1.ak.crunchyroll.com/i/spire3/117f221a9dd3d3a26d9273bc9cca47b71444308191_full.jpg,12,100,3.52,action|drama|fantasy,5,21,20,25,29,1,0,0,1,0,1,0,0,0,0,0,0,0,0,0,0,0,0,0,0,0,0,0,0,0,0,0,0,0
382,Gatchaman Crowds,https://www.crunchyroll.com/gatchaman-crowds,https://img1.ak.crunchyroll.com/i/spire2/55215a441ad7aa6e1f1d1c95062f25831436469807_full.jpg,13,99,4.15,action|sci-fi,5,7,13,17,57,1,0,0,0,0,0,0,0,0,0,0,0,0,0,0,0,0,0,0,0,1,0,0,0,0,0,0,0,0
383,Schwarzes Marken,https://www.crunchyroll.com/schwarzes-marken,https://img1.ak.crunchyroll.com/i/spire2/849d51d5304ca8f1350bf6c4ea1108891452032224_full.jpg,24,99,3.98,action|drama|historical|mecha|post-apocalyptic|sci-fi,6,6,14,31,42,1,0,0,1,0,0,0,0,1,0,0,0,0,0,0,1,0,0,1,0,1,0,0,0,0,0,0,0,0
384,Bladedance of Elementalers,https://www.crunchyroll.com/bladedance-of-elementalers,https://img1.ak.crunchyroll.com/i/spire2/ae33dd128ae23ad1be9d65438f00141c1405097747_full.jpg,12,99,3.63,action|comedy|fantasy|harem|romance,17,9,10,21,42,1,0,1,0,0,1,0,1,0,0,0,0,0,0,0,0,0,0,0,1,0,0,0,0,0,0,0,0,0
385,Saki Episode of Side A,https://www.crunchyroll.com/saki-episode-of-side-a,https://img1.ak.crunchyroll.com/i/spire2/2436bb3a69b352f936a1ee35352382851356120260_full.jpg,16,98,4.48,slice of life|sports,1,3,10,18,66,0,0,0,0,0,0,0,0,0,0,0,0,0,0,0,0,0,0,0,0,0,0,0,0,0,1,1,0,0
386,Valerian and Laureline,https://www.crunchyroll.com/valerian-and-laureline,https://img1.ak.crunchyroll.com/i/spire3/54cf04719194c108583d93cfb69956541277156988_full.jpg,12,98,4.46,adventure|drama|romance|sci-fi,4,0,8,21,65,0,1,0,1,0,0,0,0,0,0,0,0,0,0,0,0,0,0,0,1,1,0,0,0,0,0,0,0,0
387,Fox Spirit Matchmaker,https://www.crunchyroll.com/fox-spirit-matchmaker,https://img1.ak.crunchyroll.com/i/spire3/b773092e4b340bf70af3483320f62aea1498686548_full.jpg,24,98,3.78,comedy|fantasy|romance,18,6,4,22,48,0,0,1,0,0,1,0,0,0,0,0,0,0,0,0,0,0,0,0,1,0,0,0,0,0,0,0,0,0
388,Hand Shakers,https://www.crunchyroll.com/hand-shakers,https://img1.ak.crunchyroll.com/i/spire1/032245ab62bb06c16aa8a789f5e3c0a01483481129_full.jpg,12,98,2.78,action|sci-fi,37,12,10,14,25,1,0,0,0,0,0,0,0,0,0,0,0,0,0,0,0,0,0,0,0,1,0,0,0,0,0,0,0,0
389,Case Closed,https://www.crunchyroll.com/case-closed,https://img1.ak.crunchyroll.com/i/spire1/9a7a5344da62f8ef696654e5ec363b6c1413505831_full.jpg,12,97,4.92,adventure|drama|mystery|thriller,0,0,0,8,89,0,1,0,1,0,0,0,0,0,0,0,0,0,0,0,0,0,1,0,0,0,0,0,0,0,0,0,0,1
390,Oreshura,https://www.crunchyroll.com/oreshura,https://img1.ak.crunchyroll.com/i/spire4/84d66337f5a9da0e55eb27a4b55632cd1357155566_full.jpg,12,97,4.25,comedy|harem|romance|slice of life,2,6,11,25,53,0,0,1,0,0,0,0,1,0,0,0,0,0,0,0,0,0,0,0,1,0,0,0,0,0,1,0,0,0
391,Conception,https://www.crunchyroll.com/conception,https://img1.ak.crunchyroll.com/i/spire4/94eac17b8d3ebe2ee6bc350e1ef5d01c1542152655_full.jpg,12,97,2.32,action|adventure|drama|fantasy|romance|sci-fi,51,12,6,8,20,1,1,0,1,0,1,0,0,0,0,0,0,0,0,0,0,0,0,0,1,1,0,0,0,0,0,0,0,0
392,Thunderbolt Fantasy,https://www.crunchyroll.com/thunderbolt-fantasy,https://img1.ak.crunchyroll.com/i/spire3/c1ef2a351a6961cafdf525c2542f53f31539039252_full.jpg,12,95,4.68,action|drama|fantasy|historical,4,0,1,12,78,1,0,0,1,0,1,0,0,1,0,0,0,0,0,0,0,0,0,0,0,0,0,0,0,0,0,0,0,0
393,Yamishibai,https://www.crunchyroll.com/yamishibai-japanese-ghost-stories,https://img1.ak.crunchyroll.com/i/spire4/31da37d7c4bd05f26a7a725c8644ddd01563476725_full.jpg,91,95,4.38,mystery|supernatural|thriller,2,4,4,31,54,0,0,0,0,0,0,0,0,0,0,0,0,0,0,0,0,0,1,0,0,0,0,0,0,0,0,0,1,1
394,gen:LOCK,https://www.crunchyroll.com/genlock,https://img1.ak.crunchyroll.com/i/spire2/8f29f3c9831e154b5710c404f054e1ee1552422805_full.jpg,8,95,4.0,action|mecha|sci-fi,7,8,11,21,48,1,0,0,0,0,0,0,0,0,0,0,0,0,0,0,1,0,0,0,0,1,0,0,0,0,0,0,0,0
395,Folktales from Japan,https://www.crunchyroll.com/folktales-from-japan,https://img1.ak.crunchyroll.com/i/spire3/684ad6c99f577b7b5787182336683e531333392267_full.jpg,300,94,4.77,historical,1,0,2,14,77,0,0,0,0,0,0,0,0,1,0,0,0,0,0,0,0,0,0,0,0,0,0,0,0,0,0,0,0,0
396,DAKAICHI -I'm being harassed by the sexiest man of the year-,https://www.crunchyroll.com/dakaichi-im-being-harassed-by-the-sexiest-man-of-the-year-,https://img1.ak.crunchyroll.com/i/spire4/79f68cf5a484fd76a8541402219008bf1538685129_full.jpg,13,94,4.3,romance,12,3,2,5,72,0,0,0,0,0,0,0,0,0,0,0,0,0,0,0,0,0,0,0,1,0,0,0,0,0,0,0,0,0
397,Bloodivores,https://www.crunchyroll.com/bloodivores,https://img1.ak.crunchyroll.com/i/spire4/aec845d8085ccec1cc79b20efc0d58c51475290253_full.jpg,12,94,2.41,action|supernatural,42,11,13,16,12,1,0,0,0,0,0,0,0,0,0,0,0,0,0,0,0,0,0,0,0,0,0,0,0,0,0,0,1,0
398,Humanity Has Declined,https://www.crunchyroll.com/humanity-has-declined,https://img1.ak.crunchyroll.com/i/spire4/1ef4549fcc8dac99124c88762dbc8fa61341866033_full.jpg,12,93,4.43,comedy,3,3,4,24,59,0,0,1,0,0,0,0,0,0,0,0,0,0,0,0,0,0,0,0,0,0,0,0,0,0,0,0,0,0
399,Hamatora,https://www.crunchyroll.com/hamatora,https://img1.ak.crunchyroll.com/i/spire3/61849030ff063efbe3db1967e784cca81403722479_full.jpg,24,93,4.17,action|comedy|drama|mystery|supernatural,2,7,15,18,51,1,0,1,1,0,0,0,0,0,0,0,0,0,0,0,0,0,1,0,0,0,0,0,0,0,0,0,1,0
400,The Silver Guardian,https://www.crunchyroll.com/the-silver-guardian,https://img1.ak.crunchyroll.com/i/spire4/698978eb7949bd7ff17fc24bc5507ed01517265381_full.jpg,18,93,2.9,action|fantasy|isekai|sci-fi|supernatural,28,19,10,6,30,1,0,0,0,0,1,0,0,0,0,0,1,0,0,0,0,0,0,0,0,1,0,0,0,0,0,0,1,0
401,Go Lion,https://www.crunchyroll.com/go-lion,https://img1.ak.crunchyroll.com/i/spire1/f107980f84a28ff94d4a260e92ff61501290032742_full.jpg,12,92,4.65,action|adventure|mecha|sci-fi,1,1,4,17,69,1,1,0,0,0,0,0,0,0,0,0,0,0,0,0,1,0,0,0,0,1,0,0,0,0,0,0,0,0
402,Tari Tari,https://www.crunchyroll.com/tari-tari,https://img1.ak.crunchyroll.com/i/spire2/52d65473bbb3562fca333ccf4480c6281341524657_full.jpg,12,91,4.76,drama|music|slice of life,0,0,2,18,71,0,0,0,1,0,0,0,0,0,0,0,0,0,0,0,0,1,0,0,0,0,0,0,0,0,1,0,0,0
403,Dog & Scissors,https://www.crunchyroll.com/dog-scissors,https://img1.ak.crunchyroll.com/i/spire1/11a62f3a994a5141b676a5143f446cab1372351901_full.jpg,12,91,3.93,comedy|supernatural,7,8,14,17,45,0,0,1,0,0,0,0,0,0,0,0,0,0,0,0,0,0,0,0,0,0,0,0,0,0,0,0,1,0
404,GTO - The Animation,https://www.crunchyroll.com/gto-the-animation,https://img1.ak.crunchyroll.com/i/spire4/427663c5467a47bba8920b42b0d914601421362319_full.jpg,43,90,4.91,comedy|drama|shonen|slice of life,1,0,1,2,86,0,0,1,1,0,0,0,0,0,0,0,0,0,0,0,0,0,0,0,0,0,0,0,0,1,1,0,0,0
405,Dog Days,https://www.crunchyroll.com/dog-days,https://img1.ak.crunchyroll.com/i/spire4/40e69e936b635582fcc06d2d7c511f521341873931_full.jpg,26,90,4.3,action|comedy,6,4,7,13,60,1,0,1,0,0,0,0,0,0,0,0,0,0,0,0,0,0,0,0,0,0,0,0,0,0,0,0,0,0
406,Death Note (Drama),https://www.crunchyroll.com/death-note-drama,https://img1.ak.crunchyroll.com/i/spire1/3999468c85d84fec48ef4e9285126cdc1435357508_full.jpg,11,90,4.21,,7,2,5,27,49,0,0,0,0,0,0,0,0,0,0,0,0,0,0,0,0,0,0,0,0,0,0,0,0,0,0,0,0,0
407,Ulysses: Jeanne d'Arc and the Alchemist Knight,https://www.crunchyroll.com/ulysses-jeanne-darc-and-the-alchemist-knight,https://img1.ak.crunchyroll.com/i/spire4/931233b5ec5d927627fc2befd3de82c51538905668_full.jpg,12,90,2.11,action|fantasy|historical,46,19,8,3,14,1,0,0,0,0,1,0,0,1,0,0,0,0,0,0,0,0,0,0,0,0,0,0,0,0,0,0,0,0
408,Mr. Osomatsu,https://www.crunchyroll.com/mr-osomatsu,https://img1.ak.crunchyroll.com/i/spire2/41b73fd37f07c16d00e5f95fe65fd6d01507070357_full.jpg,58,89,4.71,comedy|slice of life,3,2,1,6,77,0,0,1,0,0,0,0,0,0,0,0,0,0,0,0,0,0,0,0,0,0,0,0,0,0,1,0,0,0
409,One Week Friends,https://www.crunchyroll.com/one-week-friends,https://img1.ak.crunchyroll.com/i/spire2/64bd99ca04ccb65172dd229470ea7db61396545272_full.jpg,12,89,4.67,drama|romance|slice of life,1,0,6,13,69,0,0,0,1,0,0,0,0,0,0,0,0,0,0,0,0,0,0,0,1,0,0,0,0,0,1,0,0,0
410,"Love, Chunibyo & Other Delusions - Heart Throb -",https://www.crunchyroll.com/love-chunibyo-other-delusions-heart-throb-,https://img1.ak.crunchyroll.com/i/spire2/bd95eeb756c8238b1be483af65b612e91390513213_full.jpg,12,89,4.54,comedy|drama|romance|slice of life,1,2,9,13,64,0,0,1,1,0,0,0,0,0,0,0,0,0,0,0,0,0,0,0,1,0,0,0,0,0,1,0,0,0
411,When Supernatural Battles Became Commonplace,https://www.crunchyroll.com/when-supernatural-battles-became-commonplace,https://img1.ak.crunchyroll.com/i/spire4/343fbff5bc29e9d0ef8fe736befe4f4d1412188972_full.jpg,12,89,4.16,action|comedy|harem|romance|slice of life|supernatural,6,1,15,18,49,1,0,1,0,0,0,0,1,0,0,0,0,0,0,0,0,0,0,0,1,0,0,0,0,0,1,0,1,0
412,PERSONA5 the Animation,https://www.crunchyroll.com/persona5-the-animation,https://img1.ak.crunchyroll.com/i/spire1/1ac5964acca6075b83c1dd8329ce76661523323666_full.jpg,28,89,3.94,action|mystery|supernatural|thriller,7,8,12,18,44,1,0,0,0,0,0,0,0,0,0,0,0,0,0,0,0,0,1,0,0,0,0,0,0,0,0,0,1,1
413,FLIP FLAPPERS,https://www.crunchyroll.com/flip-flappers,https://img1.ak.crunchyroll.com/i/spire3/bfc0dcf6dfb992e804d93ac901b58f121475743603_full.jpg,13,88,4.74,adventure|comedy|fantasy|magical girls,1,1,3,10,73,0,1,1,0,0,1,0,0,0,0,0,0,0,1,0,0,0,0,0,0,0,0,0,0,0,0,0,0,0
414,Keep Your Hands Off Eizouken!,https://www.crunchyroll.com/keep-your-hands-off-eizouken,https://img1.ak.crunchyroll.com/i/spire4/5f9d50bdd044a1579c4cd4abd27052741578512245_full.jpg,11,88,4.69,adventure|comedy|drama|slice of life,2,3,3,4,76,0,1,1,1,0,0,0,0,0,0,0,0,0,0,0,0,0,0,0,0,0,0,0,0,0,1,0,0,0
415,We Never Learn: BOKUBEN,https://www.crunchyroll.com/we-never-learn-bokuben,https://img1.ak.crunchyroll.com/i/spire1/81d7ab94ac21c379f1bda02b727d5f581570827991_full.jpg,26,87,4.56,comedy|harem|romance|shonen|slice of life,0,0,12,14,61,0,0,1,0,0,0,0,1,0,0,0,0,0,0,0,0,0,0,0,1,0,0,0,0,1,1,0,0,0
416,Interlude,https://www.crunchyroll.com/interlude,https://img1.ak.crunchyroll.com/i/spire2/23e6ed34dac38f9c26770e0789e648af1302654603_full.jpg,12,87,4.16,mystery,3,5,11,24,44,0,0,0,0,0,0,0,0,0,0,0,0,0,0,0,0,0,1,0,0,0,0,0,0,0,0,0,0,0
417,Love is Like a Cocktail,https://www.crunchyroll.com/love-is-like-a-cocktail,https://img1.ak.crunchyroll.com/i/spire2/10087727231e15280b95f55cd689738e1506994552_full.jpg,13,87,4.11,comedy|romance|seinen|slice of life,4,3,10,32,38,0,0,1,0,0,0,0,0,0,0,0,0,0,0,0,0,0,0,0,1,0,1,0,0,0,1,0,0,0
418,Fate/kaleid liner PRISMA ILLYA,https://www.crunchyroll.com/fatekaleid-liner-prisma-illya,https://img1.ak.crunchyroll.com/i/spire4/0596d472c2d22364f518b189a84698e51469651323_full.jpg,42,87,4.09,action|fantasy|magical girls|supernatural,10,4,6,15,52,1,0,0,0,0,1,0,0,0,0,0,0,0,1,0,0,0,0,0,0,0,0,0,0,0,0,0,1,0
419,Majestic Prince,https://www.crunchyroll.com/majestic-prince,https://img1.ak.crunchyroll.com/i/spire4/3de041c6d82a9a21b331b73c5175f5941372730036_full.jpg,12,87,4.07,action|mecha|sci-fi,5,6,11,21,44,1,0,0,0,0,0,0,0,0,0,0,0,0,0,0,1,0,0,0,0,1,0,0,0,0,0,0,0,0
420,Hitori No Shita - The Outcast,https://www.crunchyroll.com/hitori-no-shita-the-outcast,https://img1.ak.crunchyroll.com/i/spire3/bf48884c9a037c2a99be2f879ef4ac201517264115_full.jpg,37,87,3.91,action|supernatural,9,6,12,17,43,1,0,0,0,0,0,0,0,0,0,0,0,0,0,0,0,0,0,0,0,0,0,0,0,0,0,0,1,0
421,School Babysitters,https://www.crunchyroll.com/school-babysitters,https://img1.ak.crunchyroll.com/i/spire2/9623d4b3535916a4289390665ad31b481514496828_full.jpg,13,86,4.8,comedy|drama|shojo|slice of life,1,1,2,6,76,0,0,1,1,0,0,0,0,0,0,0,0,0,0,0,0,0,0,0,0,0,0,0,1,0,1,0,0,0
422,Aoharu x Machinegun,https://www.crunchyroll.com/aoharu-x-machinegun,https://img1.ak.crunchyroll.com/i/spire3/e522be6e0f7e1ca53877cf3998e3d9cc1531953939_full.jpg,12,86,4.45,action|comedy|drama,2,3,8,14,59,1,0,1,1,0,0,0,0,0,0,0,0,0,0,0,0,0,0,0,0,0,0,0,0,0,0,0,0,0
423,Orenchi no Furo Jijo,https://www.crunchyroll.com/orenchi-no-furo-jijo,https://img1.ak.crunchyroll.com/i/spire4/47302e9f9128349dfecb0190e8e13a8f1412101098_full.jpg,13,86,4.35,comedy|fantasy|romance|shojo|slice of life,1,5,6,25,49,0,0,1,0,0,1,0,0,0,0,0,0,0,0,0,0,0,0,0,1,0,0,0,1,0,1,0,0,0
424,The Kawai Complex Guide to Manors and Hostel Behavior,https://www.crunchyroll.com/the-kawai-complex-guide-to-manors-and-hostel-behavior,https://img1.ak.crunchyroll.com/i/spire3/78a04d45d94ed9077e7f9c585d23238c1396644224_full.jpg,12,85,4.59,comedy|romance|seinen|slice of life,2,1,5,14,63,0,0,1,0,0,0,0,0,0,0,0,0,0,0,0,0,0,0,0,1,0,1,0,0,0,1,0,0,0
425,In/Spectre,https://www.crunchyroll.com/inspectre,https://img1.ak.crunchyroll.com/i/spire2/db091db10d71a19dc8ea5ba3e45513371582643783_full.jpg,11,85,3.85,action|drama|fantasy|mystery|romance|supernatural|thriller,4,15,11,15,40,1,0,0,1,0,1,0,0,0,0,0,0,0,0,0,0,0,1,0,1,0,0,0,0,0,0,0,1,1
426,BLACKFOX,https://www.crunchyroll.com/blackfox,https://img1.ak.crunchyroll.com/i/spire1/661555d55d71750ccb387d03b9ddb2431569527335_full.jpg,1,85,3.79,action|sci-fi,6,10,15,19,35,1,0,0,0,0,0,0,0,0,0,0,0,0,0,0,0,0,0,0,0,1,0,0,0,0,0,0,0,0
427,Naked Wolves,https://www.crunchyroll.com/naked-wolves,https://img1.ak.crunchyroll.com/i/spire3/007c61b482558d80d291b0675805b2831273802130_full.jpg,12,85,2.6,comedy|sports,44,2,9,4,26,0,0,1,0,0,0,0,0,0,0,0,0,0,0,0,0,0,0,0,0,0,0,0,0,0,0,1,0,0
428,Barakamon,https://www.crunchyroll.com/barakamon,https://img1.ak.crunchyroll.com/i/spire4/4a8c46825fb857e6cac650e950c740821404591101_full.jpg,12,84,4.85,comedy|seinen|slice of life,0,0,1,11,72,0,0,1,0,0,0,0,0,0,0,0,0,0,0,0,0,0,0,0,0,0,1,0,0,0,1,0,0,0
429,Nobunaga Concerto,https://www.crunchyroll.com/nobunaga-concerto,https://img1.ak.crunchyroll.com/i/spire3/5d15b54851219a0146da0f60259c9a411405544841_full.jpg,10,84,4.79,adventure|comedy|historical|romance|shonen,1,1,1,9,72,0,1,1,0,0,0,0,0,1,0,0,0,0,0,0,0,0,0,0,1,0,0,0,0,1,0,0,0,0
430,PandoraHearts,https://www.crunchyroll.com/pandorahearts,https://img1.ak.crunchyroll.com/i/spire2/971861dc4a91fc34f27b0be16ff816d11350347971_full.jpg,12,84,4.5,action|adventure|fantasy|mystery|shonen|thriller,1,1,8,19,55,1,1,0,0,0,1,0,0,0,0,0,0,0,0,0,0,0,1,0,0,0,0,0,0,1,0,0,0,1
431,Blood Blockade Battlefront,https://www.crunchyroll.com/blood-blockade-battlefront,https://img1.ak.crunchyroll.com/i/spire2/7cf782a4e1b370ca33b36b33560c65421492725920_full.jpg,24,83,4.61,action|drama|sci-fi|supernatural,2,3,3,9,66,1,0,0,1,0,0,0,0,0,0,0,0,0,0,0,0,0,0,0,0,1,0,0,0,0,0,0,1,0
432,Is the Order a Rabbit?,https://www.crunchyroll.com/is-the-order-a-rabbit,https://img1.ak.crunchyroll.com/i/spire1/eb7240c98ed971b547c24d00c6753dfa1502320432_full.jpg,24,82,4.73,comedy|slice of life,0,0,4,14,64,0,0,1,0,0,0,0,0,0,0,0,0,0,0,0,0,0,0,0,0,0,0,0,0,0,1,0,0,0
433,Golden Kamuy,https://www.crunchyroll.com/golden-kamuy,https://img1.ak.crunchyroll.com/i/spire2/7943e146610905c512671cf3dfc2a4371539039331_full.jpg,24,82,4.68,action|adventure|drama|historical|mystery|seinen|slice of life,2,0,3,12,65,1,1,0,1,0,0,0,0,1,0,0,0,0,0,0,0,0,1,0,0,0,1,0,0,0,1,0,0,0
434,Os Cavaleiros do Zodíaco - Saintia Sho,https://www.crunchyroll.com/saint-seiya-saintia-sho,https://img1.ak.crunchyroll.com/i/spire3/c918317a05a05ae850dcf1e832d41db21544441181_full.jpg,10,82,3.78,action|fantasy|sci-fi|shonen,16,1,11,11,43,1,0,0,0,0,1,0,0,0,0,0,0,0,0,0,0,0,0,0,0,1,0,0,0,1,0,0,0,0
435,Servant x Service,https://www.crunchyroll.com/servant-x-service,https://img1.ak.crunchyroll.com/i/spire3/1b7b13d547ab551edd381dd21e52c5c31372367873_full.jpg,13,81,4.7,comedy|romance|seinen|slice of life,0,1,4,13,63,0,0,1,0,0,0,0,0,0,0,0,0,0,0,0,0,0,0,0,1,0,1,0,0,0,1,0,0,0
436,Hakata Tonkotsu Ramens,https://www.crunchyroll.com/hakata-tonkotsu-ramens,https://img1.ak.crunchyroll.com/i/spire4/a76da2cd5cf2f8ad5ff7f65bcdf7f9341515720475_full.jpg,12,81,4.68,action|drama|mystery,1,0,3,16,61,1,0,0,1,0,0,0,0,0,0,0,0,0,0,0,0,0,1,0,0,0,0,0,0,0,0,0,0,0
437,Steins;Gate 0,https://www.crunchyroll.com/steinsgate-0,https://img1.ak.crunchyroll.com/i/spire2/26cab01d95a04956bd5a1a2994d231ea1523422286_full.jpg,12,81,4.63,drama|mystery|post-apocalyptic|sci-fi|thriller,3,3,4,1,70,0,0,0,1,0,0,0,0,0,0,0,0,0,0,0,0,0,1,1,0,1,0,0,0,0,0,0,0,1
438,Kyousougiga,https://www.crunchyroll.com/kyousougiga,https://img1.ak.crunchyroll.com/i/spire2/e662d743356aca32519bfb8c097f14d21533940075_full.jpg,13,80,4.78,action|fantasy|sci-fi|slice of life|supernatural,0,1,3,9,67,1,0,0,0,0,1,0,0,0,0,0,0,0,0,0,0,0,0,0,0,1,0,0,0,0,1,0,1,0
439,Magical Sempai,https://www.crunchyroll.com/magical-sempai,https://img1.ak.crunchyroll.com/i/spire2/27bef5a4d1d0832d5a57d61edb37dcc21562025344_full.jpg,12,80,4.25,comedy,7,2,6,14,51,0,0,1,0,0,0,0,0,0,0,0,0,0,0,0,0,0,0,0,0,0,0,0,0,0,0,0,0,0
440,"Actually, I Am",https://www.crunchyroll.com/actually-i-am,https://img1.ak.crunchyroll.com/i/spire2/0fd1082ae518bbe2d8f86bbb5b363a4b1569972548_full.jpg,13,80,4.2,comedy|romance|supernatural,3,4,10,20,43,0,0,1,0,0,0,0,0,0,0,0,0,0,0,0,0,0,0,0,1,0,0,0,0,0,0,0,1,0
441,AKB0048,https://www.crunchyroll.com/akb0048,https://img1.ak.crunchyroll.com/i/spire4/678a58d26a711c162379022cf8636d071357755177_full.jpg,26,78,4.68,action|adventure|drama|fantasy|idols|music|sci-fi,2,1,4,6,65,1,1,0,1,0,1,0,0,0,0,1,0,0,0,0,0,1,0,0,0,1,0,0,0,0,0,0,0,0
442,Senyu.,https://www.crunchyroll.com/senyu,https://img1.ak.crunchyroll.com/i/spire2/137dacec22706566786f389c169e7c631357592135_full.jpg,26,78,4.35,action|comedy|fantasy|shonen,4,2,6,17,49,1,0,1,0,0,1,0,0,0,0,0,0,0,0,0,0,0,0,0,0,0,0,0,0,1,0,0,0,0
443,Jingai-san no Yome,https://www.crunchyroll.com/jingai-san-no-yome,https://img1.ak.crunchyroll.com/i/spire4/d1c600997b5989b43618c0e9571a379a1538454455_full.jpg,12,78,3.44,comedy|romance|slice of life,12,16,9,8,33,0,0,1,0,0,0,0,0,0,0,0,0,0,0,0,0,0,0,0,1,0,0,0,0,0,1,0,0,0
444,Cardcaptor Sakura,https://www.crunchyroll.com/cardcaptor-sakura,https://img1.ak.crunchyroll.com/i/spire2/a3d51f0142b3376815ddea3b060f5ac41407779079_full.jpg,12,77,4.77,action|adventure|comedy|fantasy|shojo,1,1,2,7,66,1,1,1,0,0,1,0,0,0,0,0,0,0,0,0,0,0,0,0,0,0,0,0,1,0,0,0,0,0
445,Sarazanmai,https://www.crunchyroll.com/sarazanmai,https://img1.ak.crunchyroll.com/i/spire1/6ac75ffc09bdc81c6df78697793026191554851245_full.jpg,11,77,4.44,drama|mystery|supernatural|thriller,6,2,3,7,59,0,0,0,1,0,0,0,0,0,0,0,0,0,0,0,0,0,1,0,0,0,0,0,0,0,0,0,1,1
446,Outbreak Company,https://www.crunchyroll.com/outbreak-company,https://img1.ak.crunchyroll.com/i/spire3/01050df625fab464da296e330d9f83631380733553_full.jpg,12,77,4.42,action|adventure|comedy|fantasy|harem|isekai|romance,0,5,6,18,48,1,1,1,0,0,1,0,1,0,0,0,1,0,0,0,0,0,0,0,1,0,0,0,0,0,0,0,0,0
447,Little Busters!,https://www.crunchyroll.com/little-busters,https://img1.ak.crunchyroll.com/i/spire4/d95dc1eac5edc0d4358c0f7722d813931533944538_full.jpg,12,77,4.39,comedy|drama|slice of life,4,4,2,15,52,0,0,1,1,0,0,0,0,0,0,0,0,0,0,0,0,0,0,0,0,0,0,0,0,0,1,0,0,0
448,GRANBLUE FANTASY: The Animation,https://www.crunchyroll.com/granblue-fantasy-the-animation,https://img1.ak.crunchyroll.com/i/spire1/9a5a627d7b7e3ab596c5ad7ee90a3b6b1574294753_full.jpg,26,77,3.84,adventure|fantasy,5,6,17,17,32,0,1,0,0,0,1,0,0,0,0,0,0,0,0,0,0,0,0,0,0,0,0,0,0,0,0,0,0,0
449,She and Her Cat -Everything Flows-,https://www.crunchyroll.com/she-and-her-cat-everything-flows-,https://img1.ak.crunchyroll.com/i/spire1/b22619782b3d839792a268aa5ee3963e1456969538_full.jpg,4,76,4.67,drama|fantasy|seinen|slice of life,1,1,4,10,60,0,0,0,1,0,1,0,0,0,0,0,0,0,0,0,0,0,0,0,0,0,1,0,0,0,1,0,0,0
450,Sakura Trick,https://www.crunchyroll.com/sakura-trick,https://img1.ak.crunchyroll.com/i/spire3/4df77ff8d4886307c82f064a8b7f70901391461812_full.jpg,12,76,4.47,comedy|romance|slice of life,1,5,3,15,52,0,0,1,0,0,0,0,0,0,0,0,0,0,0,0,0,0,0,0,1,0,0,0,0,0,1,0,0,0
451,The Comic Artist and His Assistants,https://www.crunchyroll.com/the-comic-artist-and-his-assistants,https://img1.ak.crunchyroll.com/i/spire1/40cbda40ed7e21ac93a1923bfd7969d11396890296_full.jpg,12,76,4.33,comedy|harem|seinen|slice of life,0,2,9,27,38,0,0,1,0,0,0,0,1,0,0,0,0,0,0,0,0,0,0,0,0,0,1,0,0,0,1,0,0,0
452,Elegant Yokai Apartment Life,https://www.crunchyroll.com/elegant-yokai-apartment-life,https://img1.ak.crunchyroll.com/i/spire2/9b6507692191013c76711b5267353b981506377409_full.jpg,26,76,4.13,drama|fantasy|slice of life|supernatural,3,5,11,17,40,0,0,0,1,0,1,0,0,0,0,0,0,0,0,0,0,0,0,0,0,0,0,0,0,0,1,0,1,0
453,SPACE PATROL LULUCO,https://www.crunchyroll.com/space-patrol-luluco,https://img1.ak.crunchyroll.com/i/spire1/c37c375a5bb578d9c5a2a2066a432ee71535153647_full.jpg,14,75,4.6,action|comedy|fantasy|romance|sci-fi,0,1,4,19,51,1,0,1,0,0,1,0,0,0,0,0,0,0,0,0,0,0,0,0,1,1,0,0,0,0,0,0,0,0
454,Nobunaga the Fool,https://www.crunchyroll.com/nobunaga-the-fool,https://img1.ak.crunchyroll.com/i/spire3/6268b93ff3ec39c376f9af540a8897271391644724_full.jpg,12,75,3.32,action|mecha|sci-fi,12,13,10,19,21,1,0,0,0,0,0,0,0,0,0,0,0,0,0,0,1,0,0,0,0,1,0,0,0,0,0,0,0,0
455,Broken Blade,https://www.crunchyroll.com/broken-blade,https://img1.ak.crunchyroll.com/i/spire1/07e110a1b53e6d9ab918f0795760d7701350689547_full.jpg,12,74,4.59,action|adventure|drama|fantasy|mecha|sci-fi|shonen,0,3,6,9,56,1,1,0,1,0,1,0,0,0,0,0,0,0,0,0,1,0,0,0,0,1,0,0,0,1,0,0,0,0
456,The Royal Tutor,https://www.crunchyroll.com/the-royal-tutor,https://img1.ak.crunchyroll.com/i/spire3/fd531f6e42b7fd166808eb6d6139bc031491285980_full.jpg,13,74,4.55,comedy|historical|shonen|slice of life,0,1,7,16,50,0,0,1,0,0,0,0,0,1,0,0,0,0,0,0,0,0,0,0,0,0,0,0,0,1,1,0,0,0
457,The Perfect Insider,https://www.crunchyroll.com/the-perfect-insider,https://img1.ak.crunchyroll.com/i/spire4/8aae68da50ab4deee3cf2799c5c920351444307632_full.jpg,11,74,3.88,drama|mystery|sci-fi|seinen|thriller,6,7,8,22,31,0,0,0,1,0,0,0,0,0,0,0,0,0,0,0,0,0,1,0,0,1,1,0,0,0,0,0,0,1
458,The Helpful Fox Senko-san,https://www.crunchyroll.com/the-helpful-fox-senko-san,https://img1.ak.crunchyroll.com/i/spire2/b7255f3700a13f614fa48a27d46065df1556040542_full.jpg,12,73,4.82,comedy|slice of life|supernatural,1,1,1,4,66,0,0,1,0,0,0,0,0,0,0,0,0,0,0,0,0,0,0,0,0,0,0,0,0,0,1,0,1,0
459,Mischievous Kiss - Love in Tokyo,https://www.crunchyroll.com/mischievous-kiss-love-in-tokyo,https://img1.ak.crunchyroll.com/i/spire2/40c1b21442b151f2ab2cecda1c5467531388785705_full.jpg,16,73,4.51,,2,1,4,17,49,0,0,0,0,0,0,0,0,0,0,0,0,0,0,0,0,0,0,0,0,0,0,0,0,0,0,0,0,0
460,YUKI YUNA IS A HERO,https://www.crunchyroll.com/yuki-yuna-is-a-hero,https://img1.ak.crunchyroll.com/i/spire3/129170106f436c0b3858d5c29f4edffd1411664675_full.jpg,12,73,4.38,action|adventure|drama|fantasy|supernatural,1,3,11,10,48,1,1,0,1,0,1,0,0,0,0,0,0,0,0,0,0,0,0,0,0,0,0,0,0,0,0,0,1,0
461,ISLAND,https://www.crunchyroll.com/island,https://img1.ak.crunchyroll.com/i/spire4/bd270bfef7fb3728f206c77181ff1ddc1530395200_full.jpg,12,73,3.47,drama|sci-fi|slice of life,12,9,14,9,29,0,0,0,1,0,0,0,0,0,0,0,0,0,0,0,0,0,0,0,0,1,0,0,0,0,1,0,0,0
462,A Centaur's Life,https://www.crunchyroll.com/a-centaurs-life,https://img1.ak.crunchyroll.com/i/spire3/9bcd2545e77b5c6b85fb4643e50c53241498717636_full.jpg,12,73,3.32,comedy|fantasy|romance|seinen|slice of life,9,14,10,25,15,0,0,1,0,0,1,0,0,0,0,0,0,0,0,0,0,0,0,0,1,0,1,0,0,0,1,0,0,0
463,THE UNLIMITED Hyobu Kyosuke,https://www.crunchyroll.com/the-unlimited-hyobu-kyosuke,https://img1.ak.crunchyroll.com/i/spire4/4cbfb16883364fb72ec70c3dbdea3ea21357307636_full.jpg,12,72,4.74,action|adventure|sci-fi|supernatural,0,0,4,11,57,1,1,0,0,0,0,0,0,0,0,0,0,0,0,0,0,0,0,0,0,1,0,0,0,0,0,0,1,0
464,Engaged to the Unidentified,https://www.crunchyroll.com/engaged-to-the-unidentified,https://img1.ak.crunchyroll.com/i/spire4/806f2b66c477d8a85a811423fc31e6441390355448_full.jpg,12,72,4.38,comedy|romance|slice of life,0,4,8,17,43,0,0,1,0,0,0,0,0,0,0,0,0,0,0,0,0,0,0,0,1,0,0,0,0,0,1,0,0,0
465,"Why the hell are you here, Teacher!?",https://www.crunchyroll.com/why-the-hell-are-you-here-teacher,https://img1.ak.crunchyroll.com/i/spire2/7da2ccb8ecf6c5d58474907977f403c01556041780_full.jpg,12,72,3.96,comedy|harem|romance,9,3,7,16,37,0,0,1,0,0,0,0,1,0,0,0,0,0,0,0,0,0,0,0,1,0,0,0,0,0,0,0,0,0
466,Vividred Operation,https://www.crunchyroll.com/vividred-operation,https://img1.ak.crunchyroll.com/i/spire2/a27d91113922450fb9097ad1c8d0724f1357664683_full.jpg,12,72,3.18,action|mecha|sci-fi,12,11,19,12,18,1,0,0,0,0,0,0,0,0,0,0,0,0,0,0,1,0,0,0,0,1,0,0,0,0,0,0,0,0
467,Hinomaru Sumo,https://www.crunchyroll.com/hinomaru-sumo,https://img1.ak.crunchyroll.com/i/spire4/2bc4f717a5823c891535dfffe7a9b6111542152513_full.jpg,24,71,4.72,action|shonen|sports,1,4,1,2,63,1,0,0,0,0,0,0,0,0,0,0,0,0,0,0,0,0,0,0,0,0,0,0,0,1,0,1,0,0
468,Legend of the Galactic Heroes: Die Neue These,https://www.crunchyroll.com/legend-of-the-galactic-heroes-die-neue-these,https://img1.ak.crunchyroll.com/i/spire1/bf7eef450f46ab0092820efdbb9ebaf71524088559_full.jpg,24,71,4.42,action|drama|sci-fi,3,4,5,7,52,1,0,0,1,0,0,0,0,0,0,0,0,0,0,0,0,0,0,0,0,1,0,0,0,0,0,0,0,0
469,KanColle,https://www.crunchyroll.com/kancolle,https://img1.ak.crunchyroll.com/i/spire3/144827cf0ad5a2cc84abbc9072da97fc1420319530_full.jpg,12,71,4.0,action|sci-fi,5,5,11,14,36,1,0,0,0,0,0,0,0,0,0,0,0,0,0,0,0,0,0,0,0,1,0,0,0,0,0,0,0,0
470,World Conquest Zvezda Plot,https://www.crunchyroll.com/world-conquest-zvezda-plot,https://img1.ak.crunchyroll.com/i/spire3/8bf53346872f4ccbe932eed438dc88781389117439_full.jpg,12,70,4.21,action|adventure|comedy|fantasy|sci-fi|shonen,1,6,7,19,37,1,1,1,0,0,1,0,0,0,0,0,0,0,0,0,0,0,0,0,0,1,0,0,0,1,0,0,0,0
471,DEVIL SURVIVOR 2 THE ANIMATION,https://www.crunchyroll.com/devil-survivor-2-the-animation,https://img1.ak.crunchyroll.com/i/spire3/ed72ea47318c230facd60dca0b0d24011365013653_full.jpg,12,70,3.81,action|supernatural,4,8,14,15,29,1,0,0,0,0,0,0,0,0,0,0,0,0,0,0,0,0,0,0,0,0,0,0,0,0,0,0,1,0
472,Mushibugyo,https://www.crunchyroll.com/mushibugyo,https://img1.ak.crunchyroll.com/i/spire2/d3248f93882ab7879a116b837da056f41364699336_full.jpg,26,69,4.51,action|adventure|fantasy|historical,0,3,5,15,46,1,1,0,0,0,1,0,0,1,0,0,0,0,0,0,0,0,0,0,0,0,0,0,0,0,0,0,0,0
473,Kemono Friends,https://www.crunchyroll.com/kemono-friends,https://img1.ak.crunchyroll.com/i/spire2/9d2ef3afda769a1ec026fbef8e3961451548270906_full.jpg,24,69,4.35,adventure|comedy|fantasy|post-apocalyptic,4,4,4,9,48,0,1,1,0,0,1,0,0,0,0,0,0,0,0,0,0,0,0,1,0,0,0,0,0,0,0,0,0,0
474,ARGEVOLLEN,https://www.crunchyroll.com/argevollen,https://img1.ak.crunchyroll.com/i/spire1/a32e9051ae6e45b5d9a24df9772d564e1403822513_full.jpg,24,69,3.25,action|mecha|sci-fi,8,11,21,14,15,1,0,0,0,0,0,0,0,0,0,0,0,0,0,0,1,0,0,0,0,1,0,0,0,0,0,0,0,0
475,Dies irae,https://www.crunchyroll.com/dies-irae,https://img1.ak.crunchyroll.com/i/spire1/d289e8b3039d7e00cf456f8f92e69e9f1507249591_full.jpg,18,69,2.77,action|fantasy|historical,21,17,6,7,18,1,0,0,0,0,1,0,0,1,0,0,0,0,0,0,0,0,0,0,0,0,0,0,0,0,0,0,0,0
476,Hozuki's Coolheadedness,https://www.crunchyroll.com/hozukis-coolheadedness,https://img1.ak.crunchyroll.com/i/spire4/33c2be96128afbceefb25c670737ffa51388692549_full.jpg,13,68,4.71,adventure|comedy|fantasy|seinen|slice of life|supernatural,1,0,3,10,54,0,1,1,0,0,1,0,0,0,0,0,0,0,0,0,0,0,0,0,0,0,1,0,0,0,1,0,1,0
477,Kaiji,https://www.crunchyroll.com/kaiji,https://img1.ak.crunchyroll.com/i/spire2/3fa25448454d0bad417932c968ab08dd1372814041_full.jpg,52,68,4.68,,3,0,2,6,57,0,0,0,0,0,0,0,0,0,0,0,0,0,0,0,0,0,0,0,0,0,0,0,0,0,0,0,0,0
478,BONJOUR♪Sweet Love Patisserie,https://www.crunchyroll.com/bonjoursweet-love-patisserie,https://img1.ak.crunchyroll.com/i/spire3/dd27dac66302d221deedffbb02f6e10a1533234786_full.jpg,24,68,3.4,harem|romance|slice of life,2,11,23,22,10,0,0,0,0,0,0,0,1,0,0,0,0,0,0,0,0,0,0,0,1,0,0,0,0,0,1,0,0,0
479,JOKER GAME,https://www.crunchyroll.com/joker-game,https://img1.ak.crunchyroll.com/i/spire4/5517e03413168381261af82e78643b681459548646_full.jpg,24,67,4.36,action|drama|historical|mystery|seinen|thriller,1,2,6,21,37,1,0,0,1,0,0,0,0,1,0,0,0,0,0,0,0,0,1,0,0,0,1,0,0,0,0,0,0,1
480,Netsuzou Trap -NTR-,https://www.crunchyroll.com/netsuzou-trap-ntr-,https://img1.ak.crunchyroll.com/i/spire3/37a8a4811f78c5a5c94b56b895bd70961499088159_full.jpg,12,67,3.04,drama|romance|shojo|slice of life,23,5,7,10,22,0,0,0,1,0,0,0,0,0,0,0,0,0,0,0,0,0,0,0,1,0,0,0,1,0,1,0,0,0
481,EVIL OR LIVE,https://www.crunchyroll.com/evil-or-live,https://img1.ak.crunchyroll.com/i/spire2/cff1b0a4ff024ae982b120d135da22271507594687_full.jpg,13,67,2.85,drama|seinen|thriller,20,9,13,11,14,0,0,0,1,0,0,0,0,0,0,0,0,0,0,0,0,0,0,0,0,0,1,0,0,0,0,0,0,1
482,Cerberus,https://www.crunchyroll.com/cerberus,https://img1.ak.crunchyroll.com/i/spire3/0d3a3b9f3a98c68aee053c0bd4bd209b1459791495_full.jpg,13,67,2.33,action|adventure|fantasy,21,26,8,1,11,1,1,0,0,0,1,0,0,0,0,0,0,0,0,0,0,0,0,0,0,0,0,0,0,0,0,0,0,0
483,Bananya,https://www.crunchyroll.com/bananya,https://img1.ak.crunchyroll.com/i/spire1/354ef4bb0e96d5a811bf746ab39e3aaf1569888917_full.jpg,26,66,4.56,comedy|slice of life,3,2,2,7,52,0,0,1,0,0,0,0,0,0,0,0,0,0,0,0,0,0,0,0,0,0,0,0,0,0,1,0,0,0
484,Sin The Movie,https://www.crunchyroll.com/sin-the-movie,https://img1.ak.crunchyroll.com/i/spire1/964bcb78ffd43dbb3bc20973c29785721279149408_full.jpg,12,66,3.89,action|supernatural,7,4,9,15,31,1,0,0,0,0,0,0,0,0,0,0,0,0,0,0,0,0,0,0,0,0,0,0,0,0,0,0,1,0
485,Utawarerumono The False Faces,https://www.crunchyroll.com/utawarerumono-the-false-faces,https://img1.ak.crunchyroll.com/i/spire2/4249b435053995a513fdfb4a770964c31452039373_full.jpg,25,66,3.41,adventure|fantasy|sci-fi|supernatural,5,14,16,11,20,0,1,0,0,0,1,0,0,0,0,0,0,0,0,0,0,0,0,0,0,1,0,0,0,0,0,0,1,0
486,Cardcaptor Sakura: Clear Card,https://www.crunchyroll.com/cardcaptor-sakura-clear-card,https://img1.ak.crunchyroll.com/i/spire1/85c65c8830225c9bbcbda0158511e61d1515000706_full.jpg,23,65,4.6,adventure|comedy|magical girls|shojo,2,3,2,5,53,0,1,1,0,0,0,0,0,0,0,0,0,0,1,0,0,0,0,0,0,0,0,0,1,0,0,0,0,0
487,DENKI-GAI,https://www.crunchyroll.com/denki-gai,https://img1.ak.crunchyroll.com/i/spire4/0bed4414c42a629cb1b1266d1f2d00e71411672392_full.jpg,12,65,4.52,comedy|slice of life,2,1,2,16,44,0,0,1,0,0,0,0,0,0,0,0,0,0,0,0,0,0,0,0,0,0,0,0,0,0,1,0,0,0
488,Please tell me! Galko-chan,https://www.crunchyroll.com/please-tell-me-galko-chan,https://img1.ak.crunchyroll.com/i/spire1/3b5a18f23a00698f257efc1bba0666581452562889_full.jpg,12,65,4.38,comedy|slice of life,0,1,6,25,33,0,0,1,0,0,0,0,0,0,0,0,0,0,0,0,0,0,0,0,0,0,0,0,0,0,1,0,0,0
489,Nanana's Buried Treasure,https://www.crunchyroll.com/nananas-buried-treasure,https://img1.ak.crunchyroll.com/i/spire2/ce54c8c3187f123afdf1cc3ee33d01d01397077264_full.jpg,11,65,4.31,comedy|supernatural,0,5,7,16,37,0,0,1,0,0,0,0,0,0,0,0,0,0,0,0,0,0,0,0,0,0,0,0,0,0,0,0,1,0
490,OneRoom,https://www.crunchyroll.com/oneroom,https://img1.ak.crunchyroll.com/i/spire1/5ad4fb6b4438a0d14d574601c2de66db1530554672_full.jpg,25,65,2.74,drama|romance|slice of life,19,12,13,9,12,0,0,0,1,0,0,0,0,0,0,0,0,0,0,0,0,0,0,0,1,0,0,0,0,0,1,0,0,0
491,Triage X,https://www.crunchyroll.com/triage-x,https://img1.ak.crunchyroll.com/i/spire3/3fa3b50e7dc9d580b5b6aa5da6bba6541428433138_full.jpg,10,64,3.23,action|shonen,11,11,9,18,15,1,0,0,0,0,0,0,0,0,0,0,0,0,0,0,0,0,0,0,0,0,0,0,0,1,0,0,0,0
492,Sabagebu!,https://www.crunchyroll.com/sabagebu-survival-game-club-,https://img1.ak.crunchyroll.com/i/spire4/113e3214f291fc167742e9ef02f8593e1404823328_full.jpg,12,63,4.68,action|comedy|slice of life|sports,0,0,3,14,46,1,0,1,0,0,0,0,0,0,0,0,0,0,0,0,0,0,0,0,0,0,0,0,0,0,1,1,0,0
493,ACCA: 13-Territory Inspection Dept.,https://www.crunchyroll.com/acca-13-territory-inspection-dept,https://img1.ak.crunchyroll.com/i/spire4/b65412c28f6781d1d05b8378f0c2c1391484084470_full.jpg,13,63,4.63,adventure|drama|mystery|sci-fi|thriller,0,2,3,11,47,0,1,0,1,0,0,0,0,0,0,0,0,0,0,0,0,0,1,0,0,1,0,0,0,0,0,0,0,1
494,Amagi Brilliant Park,https://www.crunchyroll.com/amagi-brilliant-park,https://img1.ak.crunchyroll.com/i/spire4/c86883b9efc479469371d4fdea72720a1432769696_full.jpg,12,63,4.57,comedy|slice of life,0,2,3,15,43,0,0,1,0,0,0,0,0,0,0,0,0,0,0,0,0,0,0,0,0,0,0,0,0,0,1,0,0,0
495,AOKANA: Four Rhythm Across the Blue,https://www.crunchyroll.com/aokana-four-rhythm-across-the-blue,https://img1.ak.crunchyroll.com/i/spire1/498366622af749f7bec1975e0e78010b1451956959_full.jpg,12,63,3.83,comedy|drama|sci-fi|sports,6,7,7,15,28,0,0,1,1,0,0,0,0,0,0,0,0,0,0,0,0,0,0,0,0,1,0,0,0,0,0,1,0,0
496,Persona4 the Golden ANIMATION,https://www.crunchyroll.com/persona4-the-golden-animation,https://img1.ak.crunchyroll.com/i/spire2/eb010c5efc2550478889040ace097fa41404850653_full.jpg,12,63,3.75,action|drama|mystery|slice of life|supernatural|thriller,5,8,8,19,23,1,0,0,1,0,0,0,0,0,0,0,0,0,0,0,0,0,1,0,0,0,0,0,0,0,1,0,1,1
497,Chain Chronicle - The Light of Haecceitas -,https://www.crunchyroll.com/chain-chronicle-the-light-of-haecceitas-,https://img1.ak.crunchyroll.com/i/spire3/659fdc090d5d00fccc3e7662647192f81481323284_full.jpg,24,63,3.38,action|adventure|fantasy,12,7,10,13,21,1,1,0,0,0,1,0,0,0,0,0,0,0,0,0,0,0,0,0,0,0,0,0,0,0,0,0,0,0
498,Skull-face Bookseller Honda-san,https://www.crunchyroll.com/skull-face-bookseller-honda-san,https://img1.ak.crunchyroll.com/i/spire3/960c6bc0f0485cce7b86104dd213742e1538913760_full.jpg,12,62,4.61,comedy|shojo|slice of life,0,1,5,11,45,0,0,1,0,0,0,0,0,0,0,0,0,0,0,0,0,0,0,0,0,0,0,0,1,0,1,0,0,0
499,Nobunagun,https://www.crunchyroll.com/nobunagun,https://img1.ak.crunchyroll.com/i/spire3/f86f9fd7b31f0374748a7704670266491389044977_full.jpg,13,62,4.55,action|sci-fi|shonen,1,1,4,13,43,1,0,0,0,0,0,0,0,0,0,0,0,0,0,0,0,0,0,0,0,1,0,0,0,1,0,0,0,0
500,Occultic;Nine,https://www.crunchyroll.com/occulticnine,https://img1.ak.crunchyroll.com/i/spire1/e652c6a7de983d6b81c2ba7af45b04531475920888_full.jpg,12,62,3.68,sci-fi|supernatural|thriller,7,9,9,9,28,0,0,0,0,0,0,0,0,0,0,0,0,0,0,0,0,0,0,0,0,1,0,0,0,0,0,0,1,1
501,Super Sonico - The Animation,https://www.crunchyroll.com/soni-ani-super-sonico-the-animation,https://img1.ak.crunchyroll.com/i/spire4/05dc5519fd062d5ddc2daea48af2ccfc1388438396_full.jpg,12,62,3.35,drama|music|slice of life,12,8,10,10,22,0,0,0,1,0,0,0,0,0,0,0,0,0,0,0,0,1,0,0,0,0,0,0,0,0,1,0,0,0
502,Sakura Quest,https://www.crunchyroll.com/sakura-quest,https://img1.ak.crunchyroll.com/i/spire1/09a28399e8b35f773f6900dbd8efbf281491339784_full.jpg,12,61,4.61,,0,2,5,8,46,0,0,0,0,0,0,0,0,0,0,0,0,0,0,0,0,0,0,0,0,0,0,0,0,0,0,0,0,0
503,Umamusume: Pretty Derby,https://www.crunchyroll.com/umamusume-pretty-derby,https://img1.ak.crunchyroll.com/i/spire1/11d01819ab5ca0f94ebdbc1f82f345181525472777_full.jpg,13,61,4.51,drama|idols|slice of life|sports,1,1,4,15,40,0,0,0,1,0,0,0,0,0,0,1,0,0,0,0,0,0,0,0,0,0,0,0,0,0,1,1,0,0
504,Magical Girl Ore,https://www.crunchyroll.com/magical-girl-ore,https://img1.ak.crunchyroll.com/i/spire4/3c7c9222cfa33e21bdcae187bdd007591521854044_full.jpg,12,61,4.34,comedy|fantasy|romance,1,4,6,12,38,0,0,1,0,0,1,0,0,0,0,0,0,0,0,0,0,0,0,0,1,0,0,0,0,0,0,0,0,0
505,HANEBADO!,https://www.crunchyroll.com/hanebado,https://img1.ak.crunchyroll.com/i/spire3/702604e9981650c67e5d7e3d690d02661532995544_full.jpg,13,61,3.89,drama|seinen|sports,3,7,10,15,26,0,0,0,1,0,0,0,0,0,0,0,0,0,0,0,0,0,0,0,0,0,1,0,0,0,0,1,0,0
506,Junji Ito Collection,https://www.crunchyroll.com/junji-ito-collection,https://img1.ak.crunchyroll.com/i/spire4/3025f2a7a0017b257753a208b55068481514330222_full.jpg,14,61,3.64,comedy|drama|fantasy|mystery|supernatural|thriller,8,4,12,15,22,0,0,1,1,0,1,0,0,0,0,0,0,0,0,0,0,0,1,0,0,0,0,0,0,0,0,0,1,1
507,Himegoto,https://www.crunchyroll.com/himegoto,https://img1.ak.crunchyroll.com/i/spire2/1702d67dd756f8a3ddee79c4c61946851406669771_full.jpg,13,61,3.59,comedy|harem|slice of life,10,3,12,13,23,0,0,1,0,0,0,0,1,0,0,0,0,0,0,0,0,0,0,0,0,0,0,0,0,0,1,0,0,0
508,Rail Wars!,https://www.crunchyroll.com/rail-wars,https://img1.ak.crunchyroll.com/i/spire3/045f658134f40dd90bef9580e215b8241404452402_full.jpg,12,61,3.51,action|harem,9,7,10,14,21,1,0,0,0,0,0,0,1,0,0,0,0,0,0,0,0,0,0,0,0,0,0,0,0,0,0,0,0,0
509,Boogiepop and Others,https://www.crunchyroll.com/boogiepop-and-others,https://img1.ak.crunchyroll.com/i/spire3/3dd26515eb0b0fd2179a1a52237fc4281546554670_full.jpg,18,60,4.22,drama|supernatural|thriller,4,8,3,1,44,0,0,0,1,0,0,0,0,0,0,0,0,0,0,0,0,0,0,0,0,0,0,0,0,0,0,0,1,1
510,Os Cavaleiros do Zodíaco - Alma de Ouro,https://www.crunchyroll.com/saint-seiya-soul-of-gold,https://img1.ak.crunchyroll.com/i/spire1/3836ce9289d1e8bf10f58e6292591f0e1428604683_full.jpg,13,60,4.18,action|adventure|drama|fantasy|shonen,4,5,3,12,36,1,1,0,1,0,1,0,0,0,0,0,0,0,0,0,0,0,0,0,0,0,0,0,0,1,0,0,0,0
511,To the Abandoned Sacred Beasts,https://www.crunchyroll.com/to-the-abandoned-sacred-beasts,https://img1.ak.crunchyroll.com/i/spire1/662724f113230f788e456adae05138a11561507530_full.jpg,12,60,3.45,action|drama|fantasy|shonen|supernatural|thriller,8,5,12,22,13,1,0,0,1,0,1,0,0,0,0,0,0,0,0,0,0,0,0,0,0,0,0,0,0,1,0,0,1,1
512,The Morose Mononokean,https://www.crunchyroll.com/the-morose-mononokean,https://img1.ak.crunchyroll.com/i/spire4/950bc6ca14531a80d6ebdab73af2c2851548366822_full.jpg,26,59,4.41,comedy|drama|slice of life|supernatural,0,2,6,17,34,0,0,1,1,0,0,0,0,0,0,0,0,0,0,0,0,0,0,0,0,0,0,0,0,0,1,0,1,0
513,Qualidea Code,https://www.crunchyroll.com/qualidea-code,https://img1.ak.crunchyroll.com/i/spire4/fdd04d77c8a008d238a77fb26ae5024b1467144870_full.jpg,12,59,3.49,action|supernatural,7,8,12,13,19,1,0,0,0,0,0,0,0,0,0,0,0,0,0,0,0,0,0,0,0,0,0,0,0,0,0,0,1,0
514,makuranodanshi,https://www.crunchyroll.com/makuranodanshi,https://img1.ak.crunchyroll.com/i/spire2/d8275c93f3ed104ca139392afaa40bd91436996602_full.jpg,12,59,3.29,,7,12,12,13,15,0,0,0,0,0,0,0,0,0,0,0,0,0,0,0,0,0,0,0,0,0,0,0,0,0,0,0,0,0
515,Clockwork Planet,https://www.crunchyroll.com/clockwork-planet,https://img1.ak.crunchyroll.com/i/spire2/c374bdc67a096a55f109a93908effb7d1491484592_full.jpg,12,59,3.15,fantasy|sci-fi,8,12,16,9,14,0,0,0,0,0,1,0,0,0,0,0,0,0,0,0,0,0,0,0,0,1,0,0,0,0,0,0,0,0
516,SENGOKU NIGHT BLOOD,https://www.crunchyroll.com/sengoku-night-blood,https://img1.ak.crunchyroll.com/i/spire4/d81a664ee0254aa34b5fe84e45ba93bb1506970958_full.jpg,12,59,2.9,action|fantasy|harem|historical|isekai|romance|shojo|supernatural|thriller,19,6,8,14,12,1,0,0,0,0,1,0,1,1,0,0,1,0,0,0,0,0,0,0,1,0,0,0,1,0,0,0,1,1
517,Somali and the Forest Spirit,https://www.crunchyroll.com/somali-and-the-forest-spirit,https://img1.ak.crunchyroll.com/i/spire1/ca03f9d7a257910e2faa35f5d402eeef1577765593_full.jpg,12,58,4.79,adventure|drama|fantasy,1,0,2,4,51,0,1,0,1,0,1,0,0,0,0,0,0,0,0,0,0,0,0,0,0,0,0,0,0,0,0,0,0,0
518,The Eccentric Family,https://www.crunchyroll.com/the-eccentric-family,https://img1.ak.crunchyroll.com/i/spire2/c90731c1966656b3ee172c32324ce4531373186188_full.jpg,12,58,4.67,comedy|drama|fantasy|slice of life|supernatural,0,3,1,8,46,0,0,1,1,0,1,0,0,0,0,0,0,0,0,0,0,0,0,0,0,0,0,0,0,0,1,0,1,0
519,Gugure! Kokkuri-san,https://www.crunchyroll.com/gugure-kokkuri-san,https://img1.ak.crunchyroll.com/i/spire1/05b760c7cc8eb1a59e1ba4679a78d6fd1412208964_full.jpg,12,58,4.55,comedy|slice of life|supernatural,0,2,3,14,39,0,0,1,0,0,0,0,0,0,0,0,0,0,0,0,0,0,0,0,0,0,0,0,0,0,1,0,1,0
520,Yu-Gi-Oh! VRAINS,https://www.crunchyroll.com/yu-gi-oh-vrains,https://img1.ak.crunchyroll.com/i/spire4/73548d4b1a4fe23f3710fb85f240c5b01495098296_full.jpg,120,58,4.17,action|sci-fi|shonen,9,1,3,3,42,1,0,0,0,0,0,0,0,0,0,0,0,0,0,0,0,0,0,0,0,1,0,0,0,1,0,0,0,0
521,Phantasy Star Online 2 The Animation,https://www.crunchyroll.com/phantasy-star-online-2-the-animation,https://img1.ak.crunchyroll.com/i/spire2/6b8890ab6b1b43a1d537499b803366c21454957227_full.jpg,12,58,3.41,action|adventure|fantasy|sci-fi,8,9,11,11,19,1,1,0,0,0,1,0,0,0,0,0,0,0,0,0,0,0,0,0,0,1,0,0,0,0,0,0,0,0
522,ISUCA,https://www.crunchyroll.com/isuca,https://img1.ak.crunchyroll.com/i/spire3/48bc0191fecef518619afec551c714cc1421102011_full.jpg,10,58,2.95,action|comedy|romance|supernatural,9,17,11,10,11,1,0,1,0,0,0,0,0,0,0,0,0,0,0,0,0,0,0,0,1,0,0,0,0,0,0,0,1,0
523,HaNaYaMaTa,https://www.crunchyroll.com/hanayamata,https://img1.ak.crunchyroll.com/i/spire4/5960f418c00c5cdc1b21989f4eb9034a1404699660_full.jpg,12,57,4.58,comedy|seinen|slice of life,1,0,4,12,40,0,0,1,0,0,0,0,0,0,0,0,0,0,0,0,0,0,0,0,0,0,1,0,0,0,1,0,0,0
524,MYSTERIA Friends,https://www.crunchyroll.com/mysteria-friends,https://img1.ak.crunchyroll.com/i/spire2/1cf733245a0723e1cf7a6bcb8b0ce28e1547994851_full.jpg,10,57,3.56,fantasy|slice of life,6,11,7,11,22,0,0,0,0,0,1,0,0,0,0,0,0,0,0,0,0,0,0,0,0,0,0,0,0,0,1,0,0,0
525,BBK/BRNK,https://www.crunchyroll.com/bbkbrnk,https://img1.ak.crunchyroll.com/i/spire2/75a3c8db89390dadc97c555e48dfb7d41452561649_full.jpg,24,57,3.12,action|drama|mecha|sci-fi,9,15,8,10,15,1,0,0,1,0,0,0,0,0,0,0,0,0,0,0,1,0,0,0,0,1,0,0,0,0,0,0,0,0
526,Happy Boys,https://www.crunchyroll.com/happy-boys,https://img1.ak.crunchyroll.com/i/spire2/09242008/7/1/f/0/71f041a8b83120_full.jpg,12,56,4.91,comedy|jdrama|romance,0,0,0,5,51,0,0,1,0,0,0,0,0,0,0,0,0,1,0,0,0,0,0,0,1,0,0,0,0,0,0,0,0,0
527,Monogatari S2,https://www.crunchyroll.com/monogatari-second-season,https://img1.ak.crunchyroll.com/i/spire1/5bdb23c4a980f0a3afbf3f3c749e74fa1372871011_full.jpg,1,56,4.89,action|comedy|drama|fantasy|harem|supernatural|thriller,0,1,0,3,52,1,0,1,1,0,1,0,1,0,0,0,0,0,0,0,0,0,0,0,0,0,0,0,0,0,0,0,1,1
528,DAYS,https://www.crunchyroll.com/days,https://img1.ak.crunchyroll.com/i/spire1/a36ac807e1ad56523d0c3ca42e0763a61467463247_full.jpg,24,56,4.32,drama|sports,2,1,8,11,34,0,0,0,1,0,0,0,0,0,0,0,0,0,0,0,0,0,0,0,0,0,0,0,0,0,0,1,0,0
529,Rewrite,https://www.crunchyroll.com/rewrite,https://img1.ak.crunchyroll.com/i/spire2/769a9f1493a19fa441bc156e5fac74d11467144284_full.jpg,24,56,3.52,action|drama|fantasy|romance,7,7,9,16,17,1,0,0,1,0,1,0,0,0,0,0,0,0,0,0,0,0,0,0,1,0,0,0,0,0,0,0,0,0
530,Hitoribocchi no Marumaruseikatsu,https://www.crunchyroll.com/hitoribocchi-no-marumaruseikatsu,https://img1.ak.crunchyroll.com/i/spire3/02c4bcdd4923f6683cb849e16f310a8b1554444760_full.jpg,12,55,4.76,comedy|shonen|slice of life,0,1,2,6,46,0,0,1,0,0,0,0,0,0,0,0,0,0,0,0,0,0,0,0,0,0,0,0,0,1,1,0,0,0
531,Wakakozake,https://www.crunchyroll.com/wakakozake,https://img1.ak.crunchyroll.com/i/spire3/97b8c2d9f2cdb450a89e44569b9276901439846468_full.jpg,12,55,4.75,comedy|seinen|slice of life,0,0,4,6,45,0,0,1,0,0,0,0,0,0,0,0,0,0,0,0,0,0,0,0,0,0,1,0,0,0,1,0,0,0
532,Love Lab,https://www.crunchyroll.com/love-lab,https://img1.ak.crunchyroll.com/i/spire1/705b9f0f907db89429525652c69076fa1377559416_full.jpg,13,55,4.58,comedy|romance,2,1,0,12,40,0,0,1,0,0,0,0,0,0,0,0,0,0,0,0,0,0,0,0,1,0,0,0,0,0,0,0,0,0
533,Yurumates3Dei,https://www.crunchyroll.com/yurumates3dei,https://img1.ak.crunchyroll.com/i/spire4/42017879b93b14e55c938393058431871333385644_full.jpg,26,55,4.35,comedy|slice of life,0,4,8,8,35,0,0,1,0,0,0,0,0,0,0,0,0,0,0,0,0,0,0,0,0,0,0,0,0,0,1,0,0,0
534,GJ CLUB,https://www.crunchyroll.com/gj-club,https://img1.ak.crunchyroll.com/i/spire3/d114ca189c2a2bacbc604944107ef3c21361931194_full.jpg,12,55,4.33,comedy|harem|slice of life,1,1,10,10,33,0,0,1,0,0,0,0,1,0,0,0,0,0,0,0,0,0,0,0,0,0,0,0,0,0,1,0,0,0
535,Classroom☆Crisis,https://www.crunchyroll.com/classroomcrisis,https://img1.ak.crunchyroll.com/i/spire1/405ad2439456273932d84a3227a8ce341435186406_full.jpg,13,55,4.29,drama|romance|sci-fi,1,3,7,12,32,0,0,0,1,0,0,0,0,0,0,0,0,0,0,0,0,0,0,0,1,1,0,0,0,0,0,0,0,0
536,Kenka Bancho Otome -Girl Beats Boys-,https://www.crunchyroll.com/kenka-bancho-otome-girl-beats-boys-,https://img1.ak.crunchyroll.com/i/spire1/ab12f915f6d8808cada2318a7138ec5a1491957004_full.jpg,12,55,3.76,action|drama|romance|shojo,3,7,12,11,22,1,0,0,1,0,0,0,0,0,0,0,0,0,0,0,0,0,0,0,1,0,0,0,1,0,0,0,0,0
537,Wizard Barristers,https://www.crunchyroll.com/wizard-barristers,https://img1.ak.crunchyroll.com/i/spire2/11658a028ec33f94e7efb9cd7ab457e61389140227_full.jpg,12,55,3.31,action|fantasy|supernatural|thriller,5,10,16,11,13,1,0,0,0,0,1,0,0,0,0,0,0,0,0,0,0,0,0,0,0,0,0,0,0,0,0,0,1,1
538,The Price of Smiles,https://www.crunchyroll.com/the-price-of-smiles,https://img1.ak.crunchyroll.com/i/spire2/43486abc7a18d2a5fecf945da9b261ba1546549082_full.jpg,12,55,3.02,action|drama|fantasy|mecha|sci-fi,12,11,9,10,13,1,0,0,1,0,1,0,0,0,0,0,0,0,0,0,1,0,0,0,0,1,0,0,0,0,0,0,0,0
539,KONOHANA KITAN,https://www.crunchyroll.com/konohana-kitan,https://img1.ak.crunchyroll.com/i/spire3/0ec45a1a2f45ad94ea7c4d9be56d518b1507065168_full.jpg,12,54,4.56,comedy|fantasy|seinen|slice of life,1,3,2,7,41,0,0,1,0,0,1,0,0,0,0,0,0,0,0,0,0,0,0,0,0,0,1,0,0,0,1,0,0,0
540,Gingitsune: Messenger Fox of the Gods,https://www.crunchyroll.com/gingitsune-messenger-fox-of-the-gods,https://img1.ak.crunchyroll.com/i/spire3/e66af9c4959952413ea7c735a754ada71380144050_full.jpg,12,54,4.5,slice of life|supernatural,2,0,2,15,35,0,0,0,0,0,0,0,0,0,0,0,0,0,0,0,0,0,0,0,0,0,0,0,0,0,1,0,1,0
541,Inferno Cop,https://www.crunchyroll.com/inferno-cop,https://img1.ak.crunchyroll.com/i/spire1/612f38b507e628b6777b2ba9009b6df31425939473_full.jpg,25,54,4.39,action|comedy|sci-fi|supernatural,2,3,5,6,38,1,0,1,0,0,0,0,0,0,0,0,0,0,0,0,0,0,0,0,0,1,0,0,0,0,0,0,1,0
542,The Highschool Life of a Fudanshi,https://www.crunchyroll.com/the-highschool-life-of-a-fudanshi,https://img1.ak.crunchyroll.com/i/spire2/f006ae1c996634acbaf00c63d1ac25df1535668840_full.jpg,12,54,3.7,comedy|shojo|slice of life,3,6,13,14,18,0,0,1,0,0,0,0,0,0,0,0,0,0,0,0,0,0,0,0,0,0,0,0,1,0,1,0,0,0
543,Lance N' Masques,https://www.crunchyroll.com/lance-n-masques,https://img1.ak.crunchyroll.com/i/spire4/7b4b3c9b76fcbaea76c050be3ca2d0701443566712_full.jpg,12,54,2.93,action|fantasy,17,5,10,9,13,1,0,0,0,0,1,0,0,0,0,0,0,0,0,0,0,0,0,0,0,0,0,0,0,0,0,0,0,0
544,Alice & Zoroku,https://www.crunchyroll.com/alice-zoroku,https://img1.ak.crunchyroll.com/i/spire1/0742aadf638509c7a0319e258e82149d1493158752_full.jpg,13,53,4.42,action|adventure|drama|slice of life|supernatural,1,3,3,12,34,1,1,0,1,0,0,0,0,0,0,0,0,0,0,0,0,0,0,0,0,0,0,0,0,0,1,0,1,0
545,To Be Heroine,https://www.crunchyroll.com/to-be-heroine,https://img1.ak.crunchyroll.com/i/spire4/aeeb45d050d607c866782ce64947cb1e1526684207_full.jpg,8,53,4.36,action|comedy|supernatural,6,0,2,6,39,1,0,1,0,0,0,0,0,0,0,0,0,0,0,0,0,0,0,0,0,0,0,0,0,0,0,0,1,0
546,Captain Earth,https://www.crunchyroll.com/captain-earth,https://img1.ak.crunchyroll.com/i/spire3/4cb9b51875f9efe28e0dcb8e079ddcdf1396717879_full.jpg,25,53,3.42,action|mecha|romance|sci-fi,5,10,11,12,15,1,0,0,0,0,0,0,0,0,0,0,0,0,0,0,1,0,0,0,1,1,0,0,0,0,0,0,0,0
547,Walkure Romanze,https://www.crunchyroll.com/walkure-romanze,https://img1.ak.crunchyroll.com/i/spire3/6ea612c247f3a195045afc2aa35f0d8e1380419061_full.jpg,12,53,3.36,action|drama|harem|romance|sports,5,12,11,9,16,1,0,0,1,0,0,0,1,0,0,0,0,0,0,0,0,0,0,0,1,0,0,0,0,0,0,1,0,0
548,Poco's Udon World,https://www.crunchyroll.com/pocos-udon-world,https://img1.ak.crunchyroll.com/i/spire2/4992de79b0059d44964ce68810f67e361475922993_full.jpg,12,52,4.79,comedy|drama|fantasy|slice of life,0,0,2,7,43,0,0,1,1,0,1,0,0,0,0,0,0,0,0,0,0,0,0,0,0,0,0,0,0,0,1,0,0,0
549,ISEKAI QUARTET,https://www.crunchyroll.com/isekai-quartet,https://img1.ak.crunchyroll.com/i/spire2/00487429a995b4515caa8d877dcc5c4d1582670949_full.jpg,12,52,4.6,comedy|fantasy|isekai,1,2,3,5,41,0,0,1,0,0,1,0,0,0,0,0,1,0,0,0,0,0,0,0,0,0,0,0,0,0,0,0,0,0
550,Ao-chan Can't Study!,https://www.crunchyroll.com/ao-chan-cant-study,https://img1.ak.crunchyroll.com/i/spire4/946a165bc3a7eacfe7812363ef841eec1555109861_full.jpg,12,52,4.56,comedy|romance,0,0,4,15,33,0,0,1,0,0,0,0,0,0,0,0,0,0,0,0,0,0,0,0,1,0,0,0,0,0,0,0,0,0
551,SSSS.GRIDMAN,https://www.crunchyroll.com/ssssgridman,https://img1.ak.crunchyroll.com/i/spire4/04d4b92d21281afee2d4012076b240db1538803420_full.jpg,12,52,4.19,action|drama|mecha|sci-fi,2,4,7,8,31,1,0,0,1,0,0,0,0,0,0,0,0,0,0,0,1,0,0,0,0,1,0,0,0,0,0,0,0,0
552,The Ryuo's Work is Never Done!,https://www.crunchyroll.com/the-ryuos-work-is-never-done,https://img1.ak.crunchyroll.com/i/spire2/04110a0802497df7eedda1d169f7ef3b1514497672_full.jpg,12,52,3.75,,8,3,5,14,22,0,0,0,0,0,0,0,0,0,0,0,0,0,0,0,0,0,0,0,0,0,0,0,0,0,0,0,0,0
553,"Diabolik Lovers II MORE,BLOOD",https://www.crunchyroll.com/diabolik-lovers-moreblood,https://img1.ak.crunchyroll.com/i/spire2/512c22f19bb057d6d0212244a7f23b731443967985_full.jpg,12,52,3.54,drama|harem|romance|supernatural,10,3,11,5,23,0,0,0,1,0,0,0,1,0,0,0,0,0,0,0,0,0,0,0,1,0,0,0,0,0,0,0,1,0
554,Arata the Legend,https://www.crunchyroll.com/arata-the-legend,https://img1.ak.crunchyroll.com/i/spire4/9c805664b642c787e8c0a007eca71a251365440858_full.jpg,12,52,3.38,action|adventure|fantasy|isekai|romance,6,9,11,11,15,1,1,0,0,0,1,0,0,0,0,0,1,0,0,0,0,0,0,0,1,0,0,0,0,0,0,0,0,0
555,Comet Lucifer,https://www.crunchyroll.com/comet-lucifer,https://img1.ak.crunchyroll.com/i/spire4/edb25fe0e22e15adfbea8c1464fad82d1443951233_full.jpg,12,52,2.87,fantasy,7,18,12,5,10,0,0,0,0,0,1,0,0,0,0,0,0,0,0,0,0,0,0,0,0,0,0,0,0,0,0,0,0,0
556,Active Raid,https://www.crunchyroll.com/active-raid,https://img1.ak.crunchyroll.com/i/spire3/02c530d043b143dad21411847543a1511532555974_full.jpg,24,52,2.71,action|mecha|sci-fi,16,9,5,18,4,1,0,0,0,0,0,0,0,0,0,0,0,0,0,0,1,0,0,0,0,1,0,0,0,0,0,0,0,0
557,Dai-Shogun - Great Revolution,https://www.crunchyroll.com/dai-shogun-great-revolution,https://img1.ak.crunchyroll.com/i/spire4/5745da9aaad18fab91e319a83755f97d1397076060_full.jpg,12,52,2.31,action|harem|historical|mecha|sci-fi,21,9,11,7,4,1,0,0,0,0,0,0,1,1,0,0,0,0,0,0,1,0,0,0,0,1,0,0,0,0,0,0,0,0
558,WWW.Working!!,https://www.crunchyroll.com/wwwwagnaria,https://img1.ak.crunchyroll.com/i/spire1/9affa5082b5565b1bb0874e274a0cfd71475201320_full.jpg,13,51,4.0,comedy|drama|romance|slice of life,2,3,7,20,19,0,0,1,1,0,0,0,0,0,0,0,0,0,0,0,0,0,0,0,1,0,0,0,0,0,1,0,0,0
559,Are You Lost?,https://www.crunchyroll.com/are-you-lost,https://img1.ak.crunchyroll.com/i/spire2/f88be0911730e73f7dabc6a5237c32731562074103_full.jpg,12,51,3.9,comedy,3,4,9,14,21,0,0,1,0,0,0,0,0,0,0,0,0,0,0,0,0,0,0,0,0,0,0,0,0,0,0,0,0,0
560,Kanojo ga Flag wo Oraretara (If Her Flag Breaks),https://www.crunchyroll.com/kanojo-ga-flag-wo-oraretara-if-her-flag-breaks,https://img1.ak.crunchyroll.com/i/spire2/35d1a1a60cd292c5ad2a9f4780713e9a1396987481_full.jpg,13,51,3.43,comedy|harem|romance|slice of life,4,8,14,12,13,0,0,1,0,0,0,0,1,0,0,0,0,0,0,0,0,0,0,0,1,0,0,0,0,0,1,0,0,0
561,Gakuen Handsome,https://www.crunchyroll.com/gakuen-handsome,https://img1.ak.crunchyroll.com/i/spire3/9d4ec0fc3fa44d401cf64a6d01a48f671475508666_full.jpg,12,50,4.5,comedy|drama|romance|slice of life,5,0,2,1,42,0,0,1,1,0,0,0,0,0,0,0,0,0,0,0,0,0,0,0,1,0,0,0,0,0,1,0,0,0
562,Toriko,https://www.crunchyroll.com/toriko,https://img1.ak.crunchyroll.com/i/spire4/eb8084f8230108f487402956e9984f1c1384463925_full.jpg,146,50,4.42,adventure|fantasy|shonen,1,4,3,7,35,0,1,0,0,0,1,0,0,0,0,0,0,0,0,0,0,0,0,0,0,0,0,0,0,1,0,0,0,0
563,The Pilot's Love Song,https://www.crunchyroll.com/the-pilots-love-song,https://img1.ak.crunchyroll.com/i/spire4/0e71f08f4c295126888cc5e9d8bd7abd1388433166_full.jpg,13,50,4.28,action|adventure|drama|romance,1,3,5,13,28,1,1,0,1,0,0,0,0,0,0,0,0,0,0,0,0,0,0,0,1,0,0,0,0,0,0,0,0,0
564,Makai Ouji: Devils and Realist,https://www.crunchyroll.com/makai-ouji-devils-and-realist,https://img1.ak.crunchyroll.com/i/spire2/ee891011d4f27b2c7aea8ec45c5042121373185343_full.jpg,12,50,4.08,drama|supernatural,2,2,11,10,25,0,0,0,1,0,0,0,0,0,0,0,0,0,0,0,0,0,0,0,0,0,0,0,0,0,0,0,1,0
565,As Miss Beelzebub Likes it.,https://www.crunchyroll.com/as-miss-beelzebub-likes-it,https://img1.ak.crunchyroll.com/i/spire1/907863f23f7b2ee39b220ae09101cbb51539280535_full.jpg,12,50,3.96,comedy|fantasy|romance|slice of life,4,3,11,5,27,0,0,1,0,0,1,0,0,0,0,0,0,0,0,0,0,0,0,0,1,0,0,0,0,0,1,0,0,0
566,Ms. Koizumi-san Loves Ramen Noodles,https://www.crunchyroll.com/ms-koizumi-loves-ramen-noodles,https://img1.ak.crunchyroll.com/i/spire3/059adbb19d193db985e97f1c5871a4911515055626_full.jpg,12,50,3.34,comedy|slice of life,3,12,10,15,10,0,0,1,0,0,0,0,0,0,0,0,0,0,0,0,0,0,0,0,0,0,0,0,0,0,1,0,0,0
567,Kamisama Hajimemashita,https://www.crunchyroll.com/kamisama-hajimemashita,https://img1.ak.crunchyroll.com/i/spire4/6a0ef6f3c75c62e2c844981db222437b1420159283_full.jpg,25,49,4.9,comedy|romance|supernatural,0,0,1,3,45,0,0,1,0,0,0,0,0,0,0,0,0,0,0,0,0,0,0,0,1,0,0,0,0,0,0,0,1,0
568,Ghost Stories,https://www.crunchyroll.com/ghost-stories,https://img1.ak.crunchyroll.com/i/spire1/9cc241f94a36452103d23c6223c3ce5e1452726708_full.jpg,12,49,4.76,comedy|supernatural,0,1,2,5,41,0,0,1,0,0,0,0,0,0,0,0,0,0,0,0,0,0,0,0,0,0,0,0,0,0,0,0,1,0
569,Gourmet Girl Graffiti,https://www.crunchyroll.com/gourmet-girl-graffiti,https://img1.ak.crunchyroll.com/i/spire3/11329c82993e833c326f786bffed7f781420759617_full.jpg,12,49,4.51,comedy|seinen|slice of life,0,1,6,9,33,0,0,1,0,0,0,0,0,0,0,0,0,0,0,0,0,0,0,0,0,0,1,0,0,0,1,0,0,0
570,INVADERS of the ROKUJYOMA!?,https://www.crunchyroll.com/invaders-of-the-rokujyoma,https://img1.ak.crunchyroll.com/i/spire1/efcb90af8fd6560648ab127c978f6ea91405097722_full.jpg,12,49,4.43,comedy|harem|romance|supernatural,0,2,3,16,28,0,0,1,0,0,0,0,1,0,0,0,0,0,0,0,0,0,0,0,1,0,0,0,0,0,0,0,1,0
571,Kabaneri of the Iron Fortress,https://www.crunchyroll.com/kabaneri-of-the-iron-fortress,https://img1.ak.crunchyroll.com/i/spire4/b280bcf643da156b34203b33e1e08d071572404899_full.jpg,14,49,4.14,action|post-apocalyptic|supernatural|thriller,3,1,6,15,24,1,0,0,0,0,0,0,0,0,0,0,0,0,0,0,0,0,0,1,0,0,0,0,0,0,0,0,1,1
572,Tsugumomo,https://www.crunchyroll.com/tsugumomo,https://img1.ak.crunchyroll.com/i/spire4/d8b434b203dc4b046e6c472886d7961e1493418583_full.jpg,12,49,4.1,comedy|harem|romance|seinen|supernatural,3,5,4,9,28,0,0,1,0,0,0,0,1,0,0,0,0,0,0,0,0,0,0,0,1,0,1,0,0,0,0,0,1,0
573,Break Ups,https://www.crunchyroll.com/break-ups,https://img1.ak.crunchyroll.com/i/spire3/2ff5ed34dfbf0f5227077ea67c4814171347493585_full.jpg,12,49,4.08,drama|romance|slice of life,3,2,5,17,22,0,0,0,1,0,0,0,0,0,0,0,0,0,0,0,0,0,0,0,1,0,0,0,0,0,1,0,0,0
574,Japanese Anime Classic Collection,https://www.crunchyroll.com/japanese-anime-classic-collection,https://img1.ak.crunchyroll.com/i/spire3/241b811798128ecfe81324f113a9ae5d1389904174_full.jpg,12,49,3.96,drama,8,1,5,6,29,0,0,0,1,0,0,0,0,0,0,0,0,0,0,0,0,0,0,0,0,0,0,0,0,0,0,0,0,0
575,Galaxy High School,https://www.crunchyroll.com/galaxy-high-school,https://img1.ak.crunchyroll.com/i/spire2/474a0249d01bc9ea199c2927126763591279149976_full.jpg,12,49,3.22,sci-fi,15,5,3,6,20,0,0,0,0,0,0,0,0,0,0,0,0,0,0,0,0,0,0,0,0,1,0,0,0,0,0,0,0,0
576,Mononoke,https://www.crunchyroll.com/mononoke,https://img1.ak.crunchyroll.com/i/spire4/955ae49a68648b931699a537e90e884b1416976678_full.jpg,12,48,4.83,action|mystery|supernatural|thriller,0,1,0,5,42,1,0,0,0,0,0,0,0,0,0,0,0,0,0,0,0,0,1,0,0,0,0,0,0,0,0,0,1,1
577,Tsurune,https://www.crunchyroll.com/tsurune,https://img1.ak.crunchyroll.com/i/spire1/3f825fe329ff491605d9a9f5cb0fdb021540009872_full.jpg,14,48,4.71,drama|slice of life|sports,0,0,1,12,35,0,0,0,1,0,0,0,0,0,0,0,0,0,0,0,0,0,0,0,0,0,0,0,0,0,1,1,0,0
578,Ms. Vampire who lives in my neighborhood.,https://www.crunchyroll.com/ms-vampire-who-lives-in-my-neighborhood,https://img1.ak.crunchyroll.com/i/spire1/9f3e830f3eec2455863584805e36c6231538688480_full.jpg,12,48,4.42,comedy|slice of life|supernatural,0,1,5,15,27,0,0,1,0,0,0,0,0,0,0,0,0,0,0,0,0,0,0,0,0,0,0,0,0,0,1,0,1,0
579,"Science Fell in Love, So I Tried to Prove it",https://www.crunchyroll.com/science-fell-in-love-so-i-tried-to-prove-it,https://img1.ak.crunchyroll.com/i/spire2/de45d731aa97d72a4c8915508d5596dc1579031094_full.jpg,13,48,4.33,comedy|romance|slice of life,4,2,3,4,35,0,0,1,0,0,0,0,0,0,0,0,0,0,0,0,0,0,0,0,1,0,0,0,0,0,1,0,0,0
580,Anime Crimes Division,https://www.crunchyroll.com/anime-crimes-division,https://img1.ak.crunchyroll.com/i/spire4/fe78e4224e5a3a102e5c50d03496c3851536329496_full.jpg,6,48,4.19,action|comedy|drama|sci-fi,9,0,0,3,36,1,0,1,1,0,0,0,0,0,0,0,0,0,0,0,0,0,0,0,0,1,0,0,0,0,0,0,0,0
581,Midnight occult civil servants,https://www.crunchyroll.com/midnight-occult-civil-servants,https://img1.ak.crunchyroll.com/i/spire1/4ddd361075bae466b10cd706f73e0f451554625735_full.jpg,15,48,3.88,supernatural,3,3,7,19,16,0,0,0,0,0,0,0,0,0,0,0,0,0,0,0,0,0,0,0,0,0,0,0,0,0,0,0,1,0
582,Unlimited Fafnir,https://www.crunchyroll.com/unlimited-fafnir,https://img1.ak.crunchyroll.com/i/spire1/81c8e63c75c277278c5e4321af0e31271420660361_full.jpg,12,48,3.35,action|fantasy|harem|seinen|supernatural,5,6,16,9,12,1,0,0,0,0,1,0,1,0,0,0,0,0,0,0,0,0,0,0,0,0,1,0,0,0,0,0,1,0
583,Basilisk : The Ouka Ninja Scrolls,https://www.crunchyroll.com/basilisk-the-ouka-ninja-scrolls,https://img1.ak.crunchyroll.com/i/spire2/8726361d451b91ba242e8483282048711515110055_full.jpg,24,48,2.17,action|drama|fantasy|historical|romance|seinen,25,7,5,5,6,1,0,0,1,0,1,0,0,1,0,0,0,0,0,0,0,0,0,0,1,0,1,0,0,0,0,0,0,0
584,Ping Pong the Animation,https://www.crunchyroll.com/ping-pong-the-animation,https://img1.ak.crunchyroll.com/i/spire3/17250ad452507015686daab41eb3cca01397076337_full.jpg,12,47,4.96,seinen|sports,0,0,1,0,46,0,0,0,0,0,0,0,0,0,0,0,0,0,0,0,0,0,0,0,0,0,1,0,0,0,0,1,0,0
585,Planet With,https://www.crunchyroll.com/planet-with,https://img1.ak.crunchyroll.com/i/spire3/2f6f8d6a27624f41d071cb5063f9a4d61530947104_full.jpg,12,47,4.57,action|comedy|drama|mecha|sci-fi|seinen,0,1,5,7,34,1,0,1,1,0,0,0,0,0,0,0,0,0,0,0,1,0,0,0,0,1,1,0,0,0,0,0,0,0
586,"Wake Up, Girls!",https://www.crunchyroll.com/wake-up-girls,https://img1.ak.crunchyroll.com/i/spire2/ed8375ecb2b2565766ad4afea4f658261507330691_full.jpg,35,47,4.26,drama|idols|music|slice of life,4,1,3,10,29,0,0,0,1,0,0,0,0,0,0,1,0,0,0,0,0,1,0,0,0,0,0,0,0,0,1,0,0,0
587,Isekai Izakaya: Japanese Food From Another World,https://www.crunchyroll.com/isekai-izakaya-japanese-food-from-another-world,https://img1.ak.crunchyroll.com/i/spire3/866951e6efe095e8a56feca1c3ef2adc1532552829_full.jpg,24,47,4.21,fantasy|isekai|slice of life,2,3,7,6,29,0,0,0,0,0,1,0,0,0,0,0,1,0,0,0,0,0,0,0,0,0,0,0,0,0,1,0,0,0
588,High School Fleet,https://www.crunchyroll.com/high-school-fleet,https://img1.ak.crunchyroll.com/i/spire1/f814fb0bb1df330ae9af4db7d00125591462574622_full.jpg,12,47,4.21,action|sci-fi,1,3,7,10,26,1,0,0,0,0,0,0,0,0,0,0,0,0,0,0,0,0,0,0,0,1,0,0,0,0,0,0,0,0
589,Holmes of Kyoto,https://www.crunchyroll.com/holmes-of-kyoto,https://img1.ak.crunchyroll.com/i/spire3/16ae1f4a4998fe83f4917e23973407261531115539_full.jpg,12,47,4.13,drama|mystery|romance|slice of life,1,5,5,12,24,0,0,0,1,0,0,0,0,0,0,0,0,0,0,0,0,0,1,0,1,0,0,0,0,0,1,0,0,0
590,Lord Marksman and Vanadis,https://www.crunchyroll.com/lord-marksman-and-vanadis,https://img1.ak.crunchyroll.com/i/spire3/7eab1ba13bad2cfd7734a2142858ccdc1412356645_full.jpg,12,47,4.09,action|adventure|fantasy|harem|historical|romance,3,3,6,10,25,1,1,0,0,0,1,0,1,1,0,0,0,0,0,0,0,0,0,0,1,0,0,0,0,0,0,0,0,0
591,RIN-NE,https://www.crunchyroll.com/rin-ne,https://img1.ak.crunchyroll.com/i/spire1/7c35ba5d8de703a64618f44ffb1a62ab1461893046_full.jpg,75,46,4.39,comedy|fantasy|romance|slice of life|supernatural,1,1,5,11,28,0,0,1,0,0,1,0,0,0,0,0,0,0,0,0,0,0,0,0,1,0,0,0,0,0,1,0,1,0
592,Ahiru no Sora,https://www.crunchyroll.com/ahiru-no-sora,https://img1.ak.crunchyroll.com/i/spire3/a95bd04befcc31455ea7c985da2aeaee1569960837_full.jpg,24,46,4.33,shonen|sports,2,5,2,4,33,0,0,0,0,0,0,0,0,0,0,0,0,0,0,0,0,0,0,0,0,0,0,0,0,1,0,1,0,0
593,The Severing Crime Edge,https://www.crunchyroll.com/the-severing-crime-edge,https://img1.ak.crunchyroll.com/i/spire3/73a33ae8a973fdb3161b50f9177ec2ab1365093988_full.jpg,12,46,4.24,action|romance|seinen,0,2,9,11,24,1,0,0,0,0,0,0,0,0,0,0,0,0,0,0,0,0,0,0,1,0,1,0,0,0,0,0,0,0
594,Seton Academy: Join the Pack!,https://www.crunchyroll.com/seton-academy-join-the-pack,https://img1.ak.crunchyroll.com/i/spire4/8e00875dd07ca1667a113ee7c80508131579741354_full.jpg,11,46,4.2,comedy,3,5,0,10,28,0,0,1,0,0,0,0,0,0,0,0,0,0,0,0,0,0,0,0,0,0,0,0,0,0,0,0,0,0
595,Magical Girl Spec-Ops Asuka,https://www.crunchyroll.com/magical-girl-spec-ops-asuka,https://img1.ak.crunchyroll.com/i/spire3/31aafa34659589dd21c1935fa5b9e8d31547162167_full.jpg,12,46,4.02,action|fantasy,3,4,5,11,23,1,0,0,0,0,1,0,0,0,0,0,0,0,0,0,0,0,0,0,0,0,0,0,0,0,0,0,0,0
596,Lovely Muuuuuuuco!,https://www.crunchyroll.com/lovely-muuuuuuuco,https://img1.ak.crunchyroll.com/i/spire3/00b0bd7aa79494632ae1843335cdd7af1444082390_full.jpg,25,46,4.02,comedy|slice of life,7,2,0,11,26,0,0,1,0,0,0,0,0,0,0,0,0,0,0,0,0,0,0,0,0,0,0,0,0,0,1,0,0,0
597,UzaMaid!,https://www.crunchyroll.com/uzamaid,https://img1.ak.crunchyroll.com/i/spire3/d3d772de710a3d8cf66e2da8de7f11c11538711563_full.jpg,13,46,3.83,comedy|seinen|slice of life,5,5,4,11,21,0,0,1,0,0,0,0,0,0,0,0,0,0,0,0,0,0,0,0,0,0,1,0,0,0,1,0,0,0
598,Convenience Store Boy Friends,https://www.crunchyroll.com/convenience-store-boy-friends,https://img1.ak.crunchyroll.com/i/spire4/d7ce1f6d630b4dc268b7a84cbb9ba0351499362706_full.jpg,12,46,3.54,romance|slice of life,4,5,13,10,14,0,0,0,0,0,0,0,0,0,0,0,0,0,0,0,0,0,0,0,1,0,0,0,0,0,1,0,0,0
599,Tokyo Ghoul: re,https://www.crunchyroll.com/tokyo-ghoul-re,https://img1.ak.crunchyroll.com/i/spire1/afda35f6a333439cd51102ba9acc9b371522786306_full.jpg,12,46,3.09,,13,7,5,5,16,0,0,0,0,0,0,0,0,0,0,0,0,0,0,0,0,0,0,0,0,0,0,0,0,0,0,0,0,0
600,Love Live! Sunshine!!,https://www.crunchyroll.com/love-live-sunshine,https://img1.ak.crunchyroll.com/i/spire4/d6b86e43bfb2e1973388eef42ca820151507939806_full.jpg,26,45,4.58,comedy|drama|idols|music|slice of life,0,1,3,10,31,0,0,1,1,0,0,0,0,0,0,1,0,0,0,0,0,1,0,0,0,0,0,0,0,0,1,0,0,0
601,GARO -VANISHING LINE-,https://www.crunchyroll.com/garo-vanishing-line-,https://img1.ak.crunchyroll.com/i/spire1/b65c07761b414df0f5875ac36adde5ef1507942080_full.jpg,24,45,4.49,action|fantasy|sci-fi|supernatural,0,2,5,7,31,1,0,0,0,0,1,0,0,0,0,0,0,0,0,0,0,0,0,0,0,1,0,0,0,0,0,0,1,0
602,Yu-Gi-Oh!,https://www.crunchyroll.com/yu-gi-oh,https://img1.ak.crunchyroll.com/i/spire1/837409ac43551c978dd2978d3a55f92a1415999996_full.jpg,3,45,4.24,action|adventure|fantasy|shonen|supernatural,3,2,4,8,28,1,1,0,0,0,1,0,0,0,0,0,0,0,0,0,0,0,0,0,0,0,0,0,0,1,0,0,1,0
603,18if,https://www.crunchyroll.com/18if,https://img1.ak.crunchyroll.com/i/spire4/34a653188bd5ad4088bb34af932e89de1499367052_full.jpg,12,45,3.53,fantasy|supernatural,6,4,11,8,16,0,0,0,0,0,1,0,0,0,0,0,0,0,0,0,0,0,0,0,0,0,0,0,0,0,0,0,1,0
604,Anifile,https://www.crunchyroll.com/anifile,https://img1.ak.crunchyroll.com/i/spire3/e9410015579ccdcd3be315ca5a02d8581300184669_full.jpg,12,45,2.93,,21,0,1,7,16,0,0,0,0,0,0,0,0,0,0,0,0,0,0,0,0,0,0,0,0,0,0,0,0,0,0,0,0,0
605,Black Butler: Book of Circus,https://www.crunchyroll.com/black-butler-book-of-circus,https://img1.ak.crunchyroll.com/i/spire3/7cbdd404f0bb8827990eba58e22a1efa1405016116_full.jpg,10,44,4.84,action|comedy|mystery|supernatural,1,0,0,3,40,1,0,1,0,0,0,0,0,0,0,0,0,0,0,0,0,0,1,0,0,0,0,0,0,0,0,0,1,0
606,A Certain Scientific Railgun,https://www.crunchyroll.com/a-certain-scientific-railgun,https://img1.ak.crunchyroll.com/i/spire1/b6bdbc4e16e4f61c5bfc63cdc34306ea1480626126_full.jpg,8,44,4.66,action|sci-fi,2,0,2,3,37,1,0,0,0,0,0,0,0,0,0,0,0,0,0,0,0,0,0,0,0,1,0,0,0,0,0,0,0,0
607,AIURA,https://www.crunchyroll.com/aiura,https://img1.ak.crunchyroll.com/i/spire4/8ebe2d3342f17ee9537bfa68b8e4e7fa1364699314_full.jpg,12,44,4.2,comedy|slice of life,0,0,11,13,20,0,0,1,0,0,0,0,0,0,0,0,0,0,0,0,0,0,0,0,0,0,0,0,0,0,1,0,0,0
608,Comic Girls,https://www.crunchyroll.com/comic-girls,https://img1.ak.crunchyroll.com/i/spire2/8eefc5ad36f97ca0082fa912ec2984e01522885850_full.jpg,12,44,4.18,comedy|slice of life,1,4,6,8,25,0,0,1,0,0,0,0,0,0,0,0,0,0,0,0,0,0,0,0,0,0,0,0,0,0,1,0,0,0
609,Owarimonogatari,https://www.crunchyroll.com/owarimonogatari,https://img1.ak.crunchyroll.com/i/spire2/a8a938c47dd9fb234e1e6da529b2b5111443563063_full.jpg,15,43,4.74,action|comedy|drama|fantasy|harem|supernatural|thriller,1,1,1,2,38,1,0,1,1,0,1,0,1,0,0,0,0,0,0,0,0,0,0,0,0,0,0,0,0,0,0,0,1,1
610,Symphogear,https://www.crunchyroll.com/symphogear,https://img1.ak.crunchyroll.com/i/spire3/04f1dca1fd0dc400fcd8eb1b6bd71e4e1437159674_full.jpg,65,43,4.63,action|adventure|idols|music|sci-fi,0,3,2,3,35,1,1,0,0,0,0,0,0,0,0,1,0,0,0,0,0,1,0,0,0,1,0,0,0,0,0,0,0,0
611,Ojisan and Marshmallow,https://www.crunchyroll.com/ojisan-and-marshmallow,https://img1.ak.crunchyroll.com/i/spire2/fb4ca5e8af9ed9ccca9db6c62811c2bd1452128821_full.jpg,13,43,4.49,comedy|romance|slice of life,0,1,4,11,27,0,0,1,0,0,0,0,0,0,0,0,0,0,0,0,0,0,0,0,1,0,0,0,0,0,1,0,0,0
612,Teekyu,https://www.crunchyroll.com/teekyu,https://img1.ak.crunchyroll.com/i/spire2/ab43fd8b1be7f2f3c6d3c3a277395da71536274184_full.jpg,108,43,4.28,comedy|shonen|slice of life|sports,2,3,3,8,27,0,0,1,0,0,0,0,0,0,0,0,0,0,0,0,0,0,0,0,0,0,0,0,0,1,1,1,0,0
613,Girly Air Force,https://www.crunchyroll.com/girly-air-force,https://img1.ak.crunchyroll.com/i/spire3/4556559011834ead5f19ca1a965c11631547077322_full.jpg,12,43,3.95,action|sci-fi,3,4,6,9,21,1,0,0,0,0,0,0,0,0,0,0,0,0,0,0,0,0,0,0,0,1,0,0,0,0,0,0,0,0
614,IDOLiSH7,https://www.crunchyroll.com/idolish7,https://img1.ak.crunchyroll.com/i/spire1/c4f910c11fbb50ea92ed086899c6190e1509670708_full.jpg,18,42,4.81,idols|music,0,2,0,2,38,0,0,0,0,0,0,0,0,0,0,1,0,0,0,0,0,1,0,0,0,0,0,0,0,0,0,0,0,0
615,YUYUSHIKI,https://www.crunchyroll.com/yuyushiki,https://img1.ak.crunchyroll.com/i/spire1/03a9516d239b1cdcb2da6bc9b372d9951369774244_full.jpg,12,42,4.55,comedy|slice of life,0,0,6,7,29,0,0,1,0,0,0,0,0,0,0,0,0,0,0,0,0,0,0,0,0,0,0,0,0,0,1,0,0,0
616,Kaede New Town,https://www.crunchyroll.com/kaede-new-town,https://img1.ak.crunchyroll.com/i/spire1/06f38d8323fd2ee721c4267154196aa41279149967_full.jpg,12,42,4.43,comedy|romance|slice of life,4,0,2,4,32,0,0,1,0,0,0,0,0,0,0,0,0,0,0,0,0,0,0,0,1,0,0,0,0,0,1,0,0,0
617,Full Metal Panic! Invisible Victory,https://www.crunchyroll.com/full-metal-panic-invisible-victory,https://img1.ak.crunchyroll.com/i/spire2/3867b3f219d03dadde9793bed866d43d1523597461_full.jpg,12,42,4.4,action|drama|mecha|sci-fi,4,0,2,5,31,1,0,0,1,0,0,0,0,0,0,0,0,0,0,0,1,0,0,0,0,1,0,0,0,0,0,0,0,0
618,A Certain Scientific Accelerator,https://www.crunchyroll.com/a-certain-scientific-accelerator,https://img1.ak.crunchyroll.com/i/spire4/34b2a084e1614589fed31043179c99d11562799706_full.jpg,12,42,4.12,action|sci-fi,2,4,3,11,22,1,0,0,0,0,0,0,0,0,0,0,0,0,0,0,0,0,0,0,0,1,0,0,0,0,0,0,0,0
619,This Art Club Has a Problem!,https://www.crunchyroll.com/this-art-club-has-a-problem,https://img1.ak.crunchyroll.com/i/spire2/c1d4c7085f1a2112ce1c21b1b43f1b8b1467896005_full.jpg,12,42,4.1,comedy|seinen|slice of life,0,5,6,11,20,0,0,1,0,0,0,0,0,0,0,0,0,0,0,0,0,0,0,0,0,0,1,0,0,0,1,0,0,0
620,gdgd Fairies,https://www.crunchyroll.com/gdgd-fairies,https://img1.ak.crunchyroll.com/i/spire1/0c3efe244bb0352eaa92d317c9ffbaae1357318199_full.jpg,24,42,4.05,,7,1,2,5,27,0,0,0,0,0,0,0,0,0,0,0,0,0,0,0,0,0,0,0,0,0,0,0,0,0,0,0,0,0
621,Onee-chan ga Kita,https://www.crunchyroll.com/onee-chan-ga-kita,https://img1.ak.crunchyroll.com/i/spire4/1a9923d20f3cd042580756c0a34230d71388779565_full.jpg,12,42,3.93,comedy|slice of life,3,3,5,14,17,0,0,1,0,0,0,0,0,0,0,0,0,0,0,0,0,0,0,0,0,0,0,0,0,0,1,0,0,0
622,The Reflection,https://www.crunchyroll.com/the-reflection,https://img1.ak.crunchyroll.com/i/spire3/41beaabd6f91ddf47a04c43f7a84c0a71500717872_full.jpg,12,42,3.36,action|adventure|sci-fi,6,9,4,10,13,1,1,0,0,0,0,0,0,0,0,0,0,0,0,0,0,0,0,0,0,1,0,0,0,0,0,0,0,0
623,The Garden of Sinners,https://www.crunchyroll.com/the-garden-of-sinners,https://img1.ak.crunchyroll.com/i/spire3/720eb9fead5c0174135695d853ec74821518570395_full.jpg,10,41,4.61,action|drama|seinen|supernatural|thriller,2,0,2,4,33,1,0,0,1,0,0,0,0,0,0,0,0,0,0,0,0,0,0,0,0,0,1,0,0,0,0,0,1,1
624,Chitose Get You!,https://www.crunchyroll.com/chitose-get-you,https://img1.ak.crunchyroll.com/i/spire2/b1a29e869af7a67eef3f3893973b81321341534001_full.jpg,26,41,4.24,comedy|slice of life,3,2,1,11,24,0,0,1,0,0,0,0,0,0,0,0,0,0,0,0,0,0,0,0,0,0,0,0,0,0,1,0,0,0
625,Katana Maidens ~ Toji No Miko,https://www.crunchyroll.com/katana-maidens-toji-no-miko,https://img1.ak.crunchyroll.com/i/spire3/2105c476cc451b036d920050ce59a2f11515106124_full.jpg,25,41,4.02,action|fantasy|supernatural,0,5,7,11,18,1,0,0,0,0,1,0,0,0,0,0,0,0,0,0,0,0,0,0,0,0,0,0,0,0,0,0,1,0
626,Miss Monochrome - The Animation,https://www.crunchyroll.com/miss-monochrome-the-animation,https://img1.ak.crunchyroll.com/i/spire1/f0d9114bea0e7755bce467468d65d6dc1443644788_full.jpg,39,41,3.88,comedy|idols|sci-fi|slice of life,2,5,5,13,16,0,0,1,0,0,0,0,0,0,0,1,0,0,0,0,0,0,0,0,0,1,0,0,0,0,1,0,0,0
627,Ai-Mai-Mi,https://www.crunchyroll.com/ai-mai-mi,https://img1.ak.crunchyroll.com/i/spire4/c2eae46dd0742421cb9d59e8ac001d2e1356643672_full.jpg,13,41,3.54,comedy|slice of life,6,7,5,5,18,0,0,1,0,0,0,0,0,0,0,0,0,0,0,0,0,0,0,0,0,0,0,0,0,0,1,0,0,0
628,Ange Vierge,https://www.crunchyroll.com/ange-vierge,https://img1.ak.crunchyroll.com/i/spire1/b28e626c84d3596481486d49ed417a311467834357_full.jpg,12,41,2.63,action|adventure|fantasy|sci-fi,17,6,4,3,11,1,1,0,0,0,1,0,0,0,0,0,0,0,0,0,0,0,0,0,0,1,0,0,0,0,0,0,0,0
629,Akagi,https://www.crunchyroll.com/akagi,https://img1.ak.crunchyroll.com/i/spire2/1e7e10cffc04a46c30c53486cc6f070c1377824102_full.jpg,26,40,4.68,drama|thriller,1,0,2,5,32,0,0,0,1,0,0,0,0,0,0,0,0,0,0,0,0,0,0,0,0,0,0,0,0,0,0,0,0,1
630,KINMOZA!,https://www.crunchyroll.com/kinmoza,https://img1.ak.crunchyroll.com/i/spire4/7ca648e473ef2c1e56c82f95045384981375477217_full.jpg,24,40,4.5,comedy|slice of life,1,1,4,5,29,0,0,1,0,0,0,0,0,0,0,0,0,0,0,0,0,0,0,0,0,0,0,0,0,0,1,0,0,0
631,Cuticle Detective Inaba,https://www.crunchyroll.com/cuticle-detective-inaba,https://img1.ak.crunchyroll.com/i/spire1/147343502675febc265eb48873d70f1f1357163351_full.jpg,12,40,4.35,,3,2,2,4,29,0,0,0,0,0,0,0,0,0,0,0,0,0,0,0,0,0,0,0,0,0,0,0,0,0,0,0,0,0
632,I've Always Liked You,https://www.crunchyroll.com/ive-always-liked-you,https://img1.ak.crunchyroll.com/i/spire3/f106598ffa6ec4b751e63191ac26ca491475564561_full.jpg,1,40,4.22,drama|romance|slice of life,1,4,3,9,23,0,0,0,1,0,0,0,0,0,0,0,0,0,0,0,0,0,0,0,1,0,0,0,0,0,1,0,0,0
633,Photo Kano,https://www.crunchyroll.com/photo-kano,https://img1.ak.crunchyroll.com/i/spire4/f4c2b9e76d7b79fc457bc1f5f7195bc81365622196_full.jpg,12,40,3.05,harem|romance|seinen,5,11,9,7,8,0,0,0,0,0,0,0,1,0,0,0,0,0,0,0,0,0,0,0,1,0,1,0,0,0,0,0,0,0
634,Chivalry of a Failed Knight,https://www.crunchyroll.com/chivalry-of-a-failed-knight,https://img1.ak.crunchyroll.com/i/spire1/2e0676fb1eebf156fe96ffb29b1681891543532662_full.jpg,12,39,4.79,action|drama|fantasy|romance,1,0,0,4,34,1,0,0,1,0,1,0,0,0,0,0,0,0,0,0,0,0,0,0,1,0,0,0,0,0,0,0,0,0
635,Magic Kaito 1412,https://www.crunchyroll.com/magic-kaito-1412,https://img1.ak.crunchyroll.com/i/spire4/73a02c7ac1cc41bf692edfb397137a101420157943_full.jpg,12,39,4.64,adventure|romance|shonen,1,0,3,4,31,0,1,0,0,0,0,0,0,0,0,0,0,0,0,0,0,0,0,0,1,0,0,0,0,1,0,0,0,0
636,This Boy is a Professional Wizard,https://www.crunchyroll.com/this-boy-is-a-professional-wizard,https://img1.ak.crunchyroll.com/i/spire3/92c1f719681cf330ae4fcf63d1a5da631454530725_full.jpg,4,39,4.44,adventure|fantasy|romance,0,0,5,12,22,0,1,0,0,0,1,0,0,0,0,0,0,0,0,0,0,0,0,0,1,0,0,0,0,0,0,0,0,0
637,My Sweet Tyrant,https://www.crunchyroll.com/my-sweet-tyrant,https://img1.ak.crunchyroll.com/i/spire1/9a95cc791707e1bf0a4f56462a0a88501522978363_full.jpg,25,39,4.1,comedy|romance,3,2,4,9,21,0,0,1,0,0,0,0,0,0,0,0,0,0,0,0,0,0,0,0,1,0,0,0,0,0,0,0,0,0
638,YU-NO: A Girl Who Chants Love at the Bound of This World,https://www.crunchyroll.com/yu-no-a-girl-who-chants-love-at-the-bound-of-this-world,https://img1.ak.crunchyroll.com/i/spire1/4534d9a3d562164ee3eb5ab8b1e4bcf91555525067_full.jpg,12,39,3.85,adventure|harem|sci-fi|thriller,4,3,8,4,20,0,1,0,0,0,0,0,1,0,0,0,0,0,0,0,0,0,0,0,0,1,0,0,0,0,0,0,0,1
639,ALL OUT!!,https://www.crunchyroll.com/all-out,https://img1.ak.crunchyroll.com/i/spire4/c57350bd3dad502cd9b1a2a9479b1f9b1482733446_full.jpg,25,38,4.89,action|drama|sports,0,0,1,2,35,1,0,0,1,0,0,0,0,0,0,0,0,0,0,0,0,0,0,0,0,0,0,0,0,0,0,1,0,0
640,TO BE HERO,https://www.crunchyroll.com/to-be-hero,https://img1.ak.crunchyroll.com/i/spire2/74c65447f9023cae095caa692569f80b1475652196_full.jpg,12,38,4.53,action|comedy|fantasy|supernatural,1,0,2,10,25,1,0,1,0,0,1,0,0,0,0,0,0,0,0,0,0,0,0,0,0,0,0,0,0,0,0,0,1,0
641,Our love has always been 10 centimeters apart.,https://www.crunchyroll.com/our-love-has-always-been-10-centimeters-apart,https://img1.ak.crunchyroll.com/i/spire3/a781ab95794a8b38745afed79e6814b51511309159_full.jpg,6,38,4.5,drama|romance,0,1,3,10,24,0,0,0,1,0,0,0,0,0,0,0,0,0,0,0,0,0,0,0,1,0,0,0,0,0,0,0,0,0
642,Hayate the Combat Butler!,https://www.crunchyroll.com/hayate-the-combat-butler,https://img1.ak.crunchyroll.com/i/spire2/c643f18fac9cc0f220c4cf797ef011981529088081_full.jpg,24,38,4.29,action|comedy|harem|romance|slice of life,1,2,3,11,21,1,0,1,0,0,0,0,1,0,0,0,0,0,0,0,0,0,0,0,1,0,0,0,0,0,1,0,0,0
643,Clean Freak! Aoyama kun,https://www.crunchyroll.com/clean-freak-aoyama-kun,https://img1.ak.crunchyroll.com/i/spire1/831b6fa67962b190279f49096c7455d21499729866_full.jpg,12,38,3.58,comedy|slice of life|sports,5,4,8,6,15,0,0,1,0,0,0,0,0,0,0,0,0,0,0,0,0,0,0,0,0,0,0,0,0,0,1,1,0,0
644,"RErideD - Derrida, who leaps through time",https://www.crunchyroll.com/rerided-derrida-who-leaps-through-time,https://img1.ak.crunchyroll.com/i/spire3/52af57c1f5f6696931d1b630746c9c631537578221_full.jpg,12,38,2.97,action|drama|post-apocalyptic|sci-fi|seinen,4,8,14,9,3,1,0,0,1,0,0,0,0,0,0,0,0,0,0,0,0,0,0,1,0,1,1,0,0,0,0,0,0,0
645,Natsume Yuujinchou 6,https://www.crunchyroll.com/natsume-yujin-cho-6,https://img1.ak.crunchyroll.com/i/spire2/d543ac6e44978996d0a2103c3e5f6bab1491904820_full.jpg,13,37,4.97,drama|fantasy|slice of life|supernatural,0,0,0,1,36,0,0,0,1,0,1,0,0,0,0,0,0,0,0,0,0,0,0,0,0,0,0,0,0,0,1,0,1,0
646,MOBILE SUIT GUNDAM 00,https://www.crunchyroll.com/mobile-suit-gundam-00,https://img1.ak.crunchyroll.com/i/spire1/07074b150c56e91b313f93b8b246c0451489010084_full.jpg,50,37,4.7,action|mecha|sci-fi,0,0,3,5,29,1,0,0,0,0,0,0,0,0,0,0,0,0,0,0,1,0,0,0,0,1,0,0,0,0,0,0,0,0
647,WATATEN!: an Angel Flew Down to Me,https://www.crunchyroll.com/wataten-an-angel-flew-down-to-me,https://img1.ak.crunchyroll.com/i/spire4/9276c447dd402676e10ca7e151073c9f1546895630_full.jpg,13,37,4.59,comedy|slice of life,0,1,3,6,27,0,0,1,0,0,0,0,0,0,0,0,0,0,0,0,0,0,0,0,0,0,0,0,0,0,1,0,0,0
648,Sanrio Boys,https://www.crunchyroll.com/sanrio-boys,https://img1.ak.crunchyroll.com/i/spire4/d2933cab9aed645c40ecb2704f767a3b1515204685_full.jpg,12,37,4.41,comedy|shojo|slice of life,0,2,5,6,24,0,0,1,0,0,0,0,0,0,0,0,0,0,0,0,0,0,0,0,0,0,0,0,1,0,1,0,0,0
649,Magimoji Rurumo,https://www.crunchyroll.com/magimoji-rurumo,https://img1.ak.crunchyroll.com/i/spire4/002993d33e4885a21359e4bffdef6ebe1405117867_full.jpg,14,37,4.35,comedy|supernatural,2,0,3,10,22,0,0,1,0,0,0,0,0,0,0,0,0,0,0,0,0,0,0,0,0,0,0,0,0,0,0,0,1,0
650,Hakuoki Reimeiroku,https://www.crunchyroll.com/hakuoki-reimeiroku,https://img1.ak.crunchyroll.com/i/spire3/0805670912bb028b4201de3e78bf1a011341862438_full.jpg,12,37,4.32,,2,0,5,7,23,0,0,0,0,0,0,0,0,0,0,0,0,0,0,0,0,0,0,0,0,0,0,0,0,0,0,0,0,0
651,Day Break Illusion,https://www.crunchyroll.com/day-break-illusion,https://img1.ak.crunchyroll.com/i/spire3/992b4f4ee6bab29dc70b1c33bb5de5361372814618_full.jpg,13,37,4.16,action|fantasy|magical girls,3,1,4,8,21,1,0,0,0,0,1,0,0,0,0,0,0,0,1,0,0,0,0,0,0,0,0,0,0,0,0,0,0,0
652,Celestial Method,https://www.crunchyroll.com/celestial-method,https://img1.ak.crunchyroll.com/i/spire2/164d97b9af160c45490fc037e89ef38f1412274357_full.jpg,13,37,4.11,fantasy|slice of life,2,3,3,10,19,0,0,0,0,0,1,0,0,0,0,0,0,0,0,0,0,0,0,0,0,0,0,0,0,0,1,0,0,0
653,Yuuna and the Haunted Hot Springs,https://www.crunchyroll.com/yuuna-and-the-haunted-hot-springs,https://img1.ak.crunchyroll.com/i/spire1/77c2f675aee836fbe79393b88c5771541531525457_full.jpg,12,37,3.89,comedy|harem|shonen|supernatural,3,2,7,9,16,0,0,1,0,0,0,0,1,0,0,0,0,0,0,0,0,0,0,0,0,0,0,0,0,1,0,0,1,0
654,Katsugeki TOUKEN RANBU,https://www.crunchyroll.com/katsugeki-touken-ranbu,https://img1.ak.crunchyroll.com/i/spire1/0eceb5e875bf8a87799d16abe43ed1701500429555_full.jpg,13,37,3.81,action|fantasy|historical,3,8,3,2,21,1,0,0,0,0,1,0,0,1,0,0,0,0,0,0,0,0,0,0,0,0,0,0,0,0,0,0,0,0
655,Room Mate,https://www.crunchyroll.com/room-mate,https://img1.ak.crunchyroll.com/i/spire4/1404ad50bf681b51f11b7e0f98021d0e1491959166_full.jpg,12,37,2.54,harem|romance|slice of life,13,6,9,3,6,0,0,0,0,0,0,0,1,0,0,0,0,0,0,0,0,0,0,0,1,0,0,0,0,0,1,0,0,0
656,Today's Menu for the Emiya Family,https://www.crunchyroll.com/todays-menu-for-the-emiya-family,https://img1.ak.crunchyroll.com/i/spire3/54255df186d579c2dfff7c25db0c49da1516840634_full.jpg,13,36,4.83,seinen|slice of life,0,0,0,6,30,0,0,0,0,0,0,0,0,0,0,0,0,0,0,0,0,0,0,0,0,0,1,0,0,0,1,0,0,0
657,Angolmois: Record of Mongol Invasion,https://www.crunchyroll.com/angolmois-record-of-mongol-invasion,https://img1.ak.crunchyroll.com/i/spire4/d1f8c8e2e69a243941477189070f4a9c1531281549_full.jpg,12,36,4.61,action|historical,0,1,2,7,26,1,0,0,0,0,0,0,0,1,0,0,0,0,0,0,0,0,0,0,0,0,0,0,0,0,0,0,0,0
658,GeGeGe no Kitaro,https://www.crunchyroll.com/gegege-no-kitaro,https://img1.ak.crunchyroll.com/i/spire2/24269b54d7f7d67f03c99fdd8c405ddd1522538962_full.jpg,95,36,4.44,action|adventure|comedy|fantasy|shonen|supernatural,2,2,0,6,26,1,1,1,0,0,1,0,0,0,0,0,0,0,0,0,0,0,0,0,0,0,0,0,0,1,0,0,1,0
659,Fastest Finger First,https://www.crunchyroll.com/fastest-finger-first,https://img1.ak.crunchyroll.com/i/spire1/27cc90a73f5954ddcaed89713b3949e21499190589_full.jpg,12,36,3.89,comedy|seinen|sports,1,9,3,3,20,0,0,1,0,0,0,0,0,0,0,0,0,0,0,0,0,0,0,0,0,0,1,0,0,0,0,1,0,0
660,MEGANEBU!,https://www.crunchyroll.com/meganebu,https://img1.ak.crunchyroll.com/i/spire2/43afd345244295e98be85e29c46ec8891380408163_full.jpg,12,36,3.64,comedy|slice of life,2,7,6,8,13,0,0,1,0,0,0,0,0,0,0,0,0,0,0,0,0,0,0,0,0,0,0,0,0,0,1,0,0,0
661,Komori-san Can't Decline!,https://www.crunchyroll.com/komori-san-cant-decline,https://img1.ak.crunchyroll.com/i/spire4/602bc1d131fb53b93afc94c1f6a32dd91444072546_full.jpg,13,36,3.33,comedy|slice of life,3,4,14,8,7,0,0,1,0,0,0,0,0,0,0,0,0,0,0,0,0,0,0,0,0,0,0,0,0,0,1,0,0,0
662,Joshi Kausei,https://www.crunchyroll.com/joshi-kausei,https://img1.ak.crunchyroll.com/i/spire3/fa1ecb900e0aba66d36e861897c54d091554507891_full.jpg,12,36,3.25,comedy|slice of life,6,5,7,10,8,0,0,1,0,0,0,0,0,0,0,0,0,0,0,0,0,0,0,0,0,0,0,0,0,0,1,0,0,0
663,Darwin's Game,https://www.crunchyroll.com/darwins-game,https://img1.ak.crunchyroll.com/i/spire2/feb9b93904dba761c285970ce6d6ab111580259326_full.jpg,6,35,4.86,,0,0,1,3,31,0,0,0,0,0,0,0,0,0,0,0,0,0,0,0,0,0,0,0,0,0,0,0,0,0,0,0,0,0
664,Chio's School Road,https://www.crunchyroll.com/chios-school-road,https://img1.ak.crunchyroll.com/i/spire1/5cac94f398c59ca3582fd5c8a75baed71530854171_full.jpg,12,35,4.8,comedy|slice of life,0,0,2,3,30,0,0,1,0,0,0,0,0,0,0,0,0,0,0,0,0,0,0,0,0,0,0,0,0,0,1,0,0,0
665,Date A Live,https://www.crunchyroll.com/date-a-live,https://img1.ak.crunchyroll.com/i/spire2/6d4b2fe18a47244aadc08aa5e18e520a1525813049_full.jpg,12,35,4.43,action|comedy|drama|fantasy|harem|romance|sci-fi,1,2,3,4,25,1,0,1,1,0,1,0,1,0,0,0,0,0,0,0,0,0,0,0,1,1,0,0,0,0,0,0,0,0
666,Amanchu!,https://www.crunchyroll.com/amanchu,https://img1.ak.crunchyroll.com/i/spire3/da61b109ab40bc4dba1716506a3ce68a1467925674_full.jpg,25,35,4.37,comedy|slice of life,1,1,4,7,22,0,0,1,0,0,0,0,0,0,0,0,0,0,0,0,0,0,0,0,0,0,0,0,0,0,1,0,0,0
667,Fan Service,https://www.crunchyroll.com/fan-service,https://img1.ak.crunchyroll.com/i/spire2/e5077ede8e72aeea6b3a26a577a58d301532027825_full.jpg,12,35,4.17,,6,1,1,0,27,0,0,0,0,0,0,0,0,0,0,0,0,0,0,0,0,0,0,0,0,0,0,0,0,0,0,0,0,0
668,Holy Knight,https://www.crunchyroll.com/holy-knight,https://img1.ak.crunchyroll.com/i/spire2/92a4fcd140cc8352324b5f3c645311b51424289599_full.jpg,12,35,2.57,drama|fantasy|harem|seinen|supernatural,15,6,2,3,9,0,0,0,1,0,1,0,1,0,0,0,0,0,0,0,0,0,0,0,0,0,1,0,0,0,0,0,1,0
669,Time Taxi,https://www.crunchyroll.com/time-taxi,https://img1.ak.crunchyroll.com/i/spire1/3b7c51819146ee8774593420af7ba9191415919976_full.jpg,12,34,4.85,,0,0,0,5,29,0,0,0,0,0,0,0,0,0,0,0,0,0,0,0,0,0,0,0,0,0,0,0,0,0,0,0,0,0
670,GTO,https://www.crunchyroll.com/gto,https://img1.ak.crunchyroll.com/i/spire1/acf6b6b0c1257f3802a4845f3e9d07a31404833166_full.jpg,12,34,4.62,comedy,1,1,1,4,27,0,0,1,0,0,0,0,0,0,0,0,0,0,0,0,0,0,0,0,0,0,0,0,0,0,0,0,0,0
671,Nyanko Days,https://www.crunchyroll.com/nyanko-days,https://img1.ak.crunchyroll.com/i/spire1/48e295d4460096cb1b92df033cf4cdaa1483867952_full.jpg,12,34,4.38,comedy|slice of life,1,1,4,6,22,0,0,1,0,0,0,0,0,0,0,0,0,0,0,0,0,0,0,0,0,0,0,0,0,0,1,0,0,0
672,"How clumsy you are, Miss Ueno.",https://www.crunchyroll.com/how-clumsy-you-are-miss-ueno,https://img1.ak.crunchyroll.com/i/spire3/2d83bbacc620c50d247bf32535c6c4321549092677_full.jpg,12,34,4.35,comedy|romance|seinen,0,2,3,10,19,0,0,1,0,0,0,0,0,0,0,0,0,0,0,0,0,0,0,0,1,0,1,0,0,0,0,0,0,0
673,Hakuoki Season 1,https://www.crunchyroll.com/hakuoki-season-1,https://img1.ak.crunchyroll.com/i/spire2/c7f6cd191bd7f339659e4ae32ad796ee1353540610_full.jpg,12,34,4.18,,1,2,4,10,17,0,0,0,0,0,0,0,0,0,0,0,0,0,0,0,0,0,0,0,0,0,0,0,0,0,0,0,0,0
674,Anne-Happy,https://www.crunchyroll.com/anne-happy,https://img1.ak.crunchyroll.com/i/spire3/b00a7ac00ad404de0104ac1133d34ebf1458598720_full.jpg,12,34,4.12,comedy|slice of life,0,4,3,12,15,0,0,1,0,0,0,0,0,0,0,0,0,0,0,0,0,0,0,0,0,0,0,0,0,0,1,0,0,0
675,GRANBELM,https://www.crunchyroll.com/granbelm,https://img1.ak.crunchyroll.com/i/spire3/458efa8da0fc57b809b9e45eddaf9c561564607491_full.jpg,13,34,3.94,mecha,4,2,3,8,17,0,0,0,0,0,0,0,0,0,0,0,0,0,0,0,1,0,0,0,0,0,0,0,0,0,0,0,0,0
676,Garakowa -Restore the World-,https://www.crunchyroll.com/garakowa-restore-the-world-,https://img1.ak.crunchyroll.com/i/spire2/535ac1b5cd5c1f1072739e1863a6f1171449534391_full.jpg,3,34,3.82,drama|sci-fi,0,5,8,9,12,0,0,0,1,0,0,0,0,0,0,0,0,0,0,0,0,0,0,0,0,1,0,0,0,0,0,0,0,0
677,MOBILE SUIT GUNDAM UNICORN RE:0096,https://www.crunchyroll.com/mobile-suit-gundam-unicorn-re0096,https://img1.ak.crunchyroll.com/i/spire1/118cbf9283ae293482f50929444cd2821459548131_full.jpg,22,34,3.62,action|mecha|sci-fi,5,3,5,8,13,1,0,0,0,0,0,0,0,0,0,0,0,0,0,0,1,0,0,0,0,1,0,0,0,0,0,0,0,0
678,Trickster,https://www.crunchyroll.com/trickster,https://img1.ak.crunchyroll.com/i/spire3/2b69aea627e006713d0cabf6b137bc531483473077_full.jpg,12,34,3.26,,4,8,6,7,9,0,0,0,0,0,0,0,0,0,0,0,0,0,0,0,0,0,0,0,0,0,0,0,0,0,0,0,0,0
679,Star Blazers: Space Battleship Yamato,https://www.crunchyroll.com/star-blazers-space-battleship-yamato,https://img1.ak.crunchyroll.com/i/spire1/d9ca6060742eea3ed04ea37dda6795901510172280_full.jpg,12,33,4.7,,1,0,1,4,27,0,0,0,0,0,0,0,0,0,0,0,0,0,0,0,0,0,0,0,0,0,0,0,0,0,0,0,0,0
680,Utakoi,https://www.crunchyroll.com/utakoi,https://img1.ak.crunchyroll.com/i/spire3/157baf2d561a600b0581c07d8d509e281342037824_full.jpg,13,33,4.64,drama|historical|romance,1,0,1,6,25,0,0,0,1,0,0,0,0,1,0,0,0,0,0,0,0,0,0,0,1,0,0,0,0,0,0,0,0,0
681,Nobunaga Concerto (Drama),https://www.crunchyroll.com/nobunaga-concerto-drama,https://img1.ak.crunchyroll.com/i/spire1/850babcabe70590afcac5c8e7b4557111428628112_full.jpg,12,33,4.61,,0,2,2,3,26,0,0,0,0,0,0,0,0,0,0,0,0,0,0,0,0,0,0,0,0,0,0,0,0,0,0,0,0,0
682,Lord El-Melloi II's Case Files {Rail Zeppelin} Grace note,https://www.crunchyroll.com/lord-el-melloi-iis-case-files-rail-zeppelin-grace-note,https://img1.ak.crunchyroll.com/i/spire2/127eca8cda95be215f1c562562f72d5d1546269591_full.jpg,14,33,4.58,fantasy|mystery|supernatural,1,0,1,8,23,0,0,0,0,0,1,0,0,0,0,0,0,0,0,0,0,0,1,0,0,0,0,0,0,0,0,0,1,0
683,Harukana Receive,https://www.crunchyroll.com/harukana-receive,https://img1.ak.crunchyroll.com/i/spire2/0bb2e9ba6cee0d7597b046035ac15ea61530858781_full.jpg,12,33,4.42,drama|sports,0,1,5,6,21,0,0,0,1,0,0,0,0,0,0,0,0,0,0,0,0,0,0,0,0,0,0,0,0,0,0,1,0,0
684,DOUBLE DECKER! DOUG & KIRILL,https://www.crunchyroll.com/double-decker-doug-kirill,https://img1.ak.crunchyroll.com/i/spire4/948a0b2f3711ac4eda455fb9652063eb1535865511_full.jpg,16,33,4.3,action|drama|sci-fi|seinen,0,2,3,11,17,1,0,0,1,0,0,0,0,0,0,0,0,0,0,0,0,0,0,0,0,1,1,0,0,0,0,0,0,0
685,Fafner Exodus,https://www.crunchyroll.com/fafner-exodus,https://img1.ak.crunchyroll.com/i/spire1/9e47bfb83c75f3e1472c4db3c66a3c441420860641_full.jpg,26,33,4.18,action|adventure|mecha|sci-fi,4,1,1,6,21,1,1,0,0,0,0,0,0,0,0,0,0,0,0,0,1,0,0,0,0,1,0,0,0,0,0,0,0,0
686,Children of Ether,https://www.crunchyroll.com/children-of-ether,https://img1.ak.crunchyroll.com/i/spire2/fb8356c5eadc218375f03aad6901e67c1501024811_full.jpg,1,33,4.12,action|adventure|seinen,2,2,3,9,17,1,1,0,0,0,0,0,0,0,0,0,0,0,0,0,0,0,0,0,0,0,1,0,0,0,0,0,0,0
687,Fate/Grand Order ‐First Order‐,https://www.crunchyroll.com/fategrand-order-first-order,https://img1.ak.crunchyroll.com/i/spire3/6a9b9b6ea239be382481eda83c354c761483176773_full.jpg,1,33,3.55,action|fantasy|supernatural,5,2,5,12,9,1,0,0,0,0,1,0,0,0,0,0,0,0,0,0,0,0,0,0,0,0,0,0,0,0,0,0,1,0
688,URAHARA,https://www.crunchyroll.com/urahara,https://img1.ak.crunchyroll.com/i/spire1/ebe36ac6ee6e6b5fdce5df70a96aa49a1507099342_full.jpg,12,33,3.39,action|adventure|comedy|sci-fi|slice of life,6,4,4,9,10,1,1,1,0,0,0,0,0,0,0,0,0,0,0,0,0,0,0,0,0,1,0,0,0,0,1,0,0,0
689,Sparrow's Hotel,https://www.crunchyroll.com/sparrows-hotel,https://img1.ak.crunchyroll.com/i/spire4/11c125c38f606f32e366b7e11be746361364596545_full.jpg,12,33,3.18,action|comedy|seinen|slice of life,8,3,4,11,7,1,0,1,0,0,0,0,0,0,0,0,0,0,0,0,0,0,0,0,0,0,1,0,0,0,1,0,0,0
690,Dances with the Dragons,https://www.crunchyroll.com/dances-with-the-dragons,https://img1.ak.crunchyroll.com/i/spire3/d55d9158bab31105141e8cd25d86f5ad1522947538_full.jpg,12,33,2.7,action|fantasy,9,6,6,10,2,1,0,0,0,0,1,0,0,0,0,0,0,0,0,0,0,0,0,0,0,0,0,0,0,0,0,0,0,0
691,BROTHERHOOD FINAL FANTASY XV,https://www.crunchyroll.com/brotherhood-final-fantasy-xv,https://img1.ak.crunchyroll.com/i/spire3/1d18f6818959fd8a3c0869919572a0ad1459475805_full.jpg,5,32,4.88,action|drama|fantasy,0,0,1,2,29,1,0,0,1,0,1,0,0,0,0,0,0,0,0,0,0,0,0,0,0,0,0,0,0,0,0,0,0,0
692,Young Black Jack,https://www.crunchyroll.com/young-black-jack,https://img1.ak.crunchyroll.com/i/spire1/2d4b44b152d165887221110745fba3601443819850_full.jpg,12,32,4.38,drama|historical|seinen|thriller,1,1,1,11,18,0,0,0,1,0,0,0,0,1,0,0,0,0,0,0,0,0,0,0,0,0,1,0,0,0,0,0,0,1
693,Meiji Tokyo Renka,https://www.crunchyroll.com/meiji-tokyo-renka,https://img1.ak.crunchyroll.com/i/spire4/ef6f1771e7b4e985bd65544121f3c1231546987212_full.jpg,12,32,4.25,drama|historical|isekai|supernatural,2,1,2,9,18,0,0,0,1,0,0,0,0,1,0,0,1,0,0,0,0,0,0,0,0,0,0,0,0,0,0,0,1,0
694,Galilei Donna,https://www.crunchyroll.com/galilei-donna,https://img1.ak.crunchyroll.com/i/spire3/7b6eb5d137311493e569d076ff803c781380754792_full.jpg,11,32,3.41,action|adventure|drama|mystery|sci-fi,1,6,11,7,7,1,1,0,1,0,0,0,0,0,0,0,0,0,0,0,0,0,1,0,0,1,0,0,0,0,0,0,0,0
695,Momo Kyun Sword,https://www.crunchyroll.com/momo-kyun-sword,https://img1.ak.crunchyroll.com/i/spire4/fdaae847bf04501daad0ab5af7f0a50c1404853359_full.jpg,12,32,3.31,action|adventure|fantasy,5,4,6,10,7,1,1,0,0,0,1,0,0,0,0,0,0,0,0,0,0,0,0,0,0,0,0,0,0,0,0,0,0,0
696,Love To-LIE-Angle,https://www.crunchyroll.com/love-to-lie-angle,https://img1.ak.crunchyroll.com/i/spire2/7a9d78a444da351aee6949717b4d57a91522805191_full.jpg,12,32,3.31,comedy|romance,5,3,9,7,8,0,0,1,0,0,0,0,0,0,0,0,0,0,0,0,0,0,0,0,1,0,0,0,0,0,0,0,0,0
697,CHRONOS RULER,https://www.crunchyroll.com/chronos-ruler,https://img1.ak.crunchyroll.com/i/spire1/7565f57c352ae7b1a8ef17738153309f1499455994_full.jpg,13,32,3.22,action|drama|fantasy,6,5,5,8,8,1,0,0,1,0,1,0,0,0,0,0,0,0,0,0,0,0,0,0,0,0,0,0,0,0,0,0,0,0
698,Yotsuiro Biyori,https://www.crunchyroll.com/yotsuiro-biyori,https://img1.ak.crunchyroll.com/i/spire1/ee5d1e2e972db91abfdd90284c8b74351523301700_full.jpg,12,31,4.9,comedy|slice of life,0,0,0,3,28,0,0,1,0,0,0,0,0,0,0,0,0,0,0,0,0,0,0,0,0,0,0,0,0,0,1,0,0,0
699,The Familiar of Zero,https://www.crunchyroll.com/zero-no-tsukaima,https://img1.ak.crunchyroll.com/i/spire3/896ea148297d3f7aeb12bd02463326ec1399425303_full.jpg,13,31,4.61,comedy|fantasy|harem|seinen,0,1,1,7,22,0,0,1,0,0,1,0,1,0,0,0,0,0,0,0,0,0,0,0,0,0,1,0,0,0,0,0,0,0
700,Fushigi Yugi,https://www.crunchyroll.com/fushigi-yugi,https://img1.ak.crunchyroll.com/i/spire4/7148a1f928d77c7f29a2d23fa62fb2ad1455652369_full.jpg,12,31,4.39,adventure|drama|fantasy|isekai|romance|shojo,2,0,3,5,21,0,1,0,1,0,1,0,0,0,0,0,1,0,0,0,0,0,0,0,1,0,0,0,1,0,0,0,0,0
701,Comical Psychosomatic Medicine,https://www.crunchyroll.com/comical-psychosomatic-medicine,https://img1.ak.crunchyroll.com/i/spire4/0c4e3d1966f490d1fd02a86e88dbbf8a1423784130_full.jpg,20,31,4.06,comedy|slice of life,1,1,5,12,12,0,0,1,0,0,0,0,0,0,0,0,0,0,0,0,0,0,0,0,0,0,0,0,0,0,1,0,0,0
702,Brave Witches,https://www.crunchyroll.com/brave-witches,https://img1.ak.crunchyroll.com/i/spire2/797ea957308ea96dc188d24d11579fe41480964961_full.jpg,12,31,4.03,action|sci-fi,2,1,5,9,14,1,0,0,0,0,0,0,0,0,0,0,0,0,0,0,0,0,0,0,0,1,0,0,0,0,0,0,0,0
703,Caligula,https://www.crunchyroll.com/caligula,https://img1.ak.crunchyroll.com/i/spire4/656934f99424fbd310f768a90a742f611529094876_full.jpg,12,31,3.52,action|sci-fi,5,3,6,5,12,1,0,0,0,0,0,0,0,0,0,0,0,0,0,0,0,0,0,0,0,1,0,0,0,0,0,0,0,0
704,Frankenstein Family,https://www.crunchyroll.com/frankenstein-family,https://img1.ak.crunchyroll.com/i/spire2/8a9ceb3552ead9dc55d855b1c20e1ff71536179512_full.jpg,12,31,2.84,sci-fi|slice of life,7,8,7,1,8,0,0,0,0,0,0,0,0,0,0,0,0,0,0,0,0,0,0,0,0,1,0,0,0,0,1,0,0,0
705,Between the Sky and Sea,https://www.crunchyroll.com/between-the-sky-and-sea,https://img1.ak.crunchyroll.com/i/spire2/8588cf259d64d48b9064ce95826c76e71538571389_full.jpg,12,31,2.35,adventure|sci-fi|slice of life,15,4,4,2,6,0,1,0,0,0,0,0,0,0,0,0,0,0,0,0,0,0,0,0,0,1,0,0,0,0,1,0,0,0
706,Natsume Yuujinchou 5,https://www.crunchyroll.com/natsume-yujin-cho-5,https://img1.ak.crunchyroll.com/i/spire2/73da2bc04fa3c225e8eea933982993a61475602593_full.jpg,14,30,4.9,adventure|drama|slice of life|supernatural,0,0,1,1,28,0,1,0,1,0,0,0,0,0,0,0,0,0,0,0,0,0,0,0,0,0,0,0,0,0,1,0,1,0
707,Eureka Seven,https://www.crunchyroll.com/eureka-seven,https://img1.ak.crunchyroll.com/i/spire1/0c9ef07ae31b11cb4e9c1548dc2ea82b1498160894_full.jpg,12,30,4.87,adventure|drama|mecha|romance|sci-fi,0,0,1,2,27,0,1,0,1,0,0,0,0,0,0,0,0,0,0,0,1,0,0,0,1,1,0,0,0,0,0,0,0,0
708,BanG Dream!,https://www.crunchyroll.com/bang-dream,https://img1.ak.crunchyroll.com/i/spire2/64e590d9c0027bdfdec7f2d8b80c264a1485143598_full.jpg,26,30,4.47,comedy|music,1,1,1,7,20,0,0,1,0,0,0,0,0,0,0,0,0,0,0,0,0,1,0,0,0,0,0,0,0,0,0,0,0,0
709,"Stella Women’s Academy, High School Division Class C3",https://www.crunchyroll.com/stella-womens-academy-high-school-division-class-c3,https://img1.ak.crunchyroll.com/i/spire1/e6d6866e542898996a7bddd6b80456541372790730_full.jpg,12,30,4.23,action|comedy|drama|shonen|slice of life|sports,0,1,6,8,15,1,0,1,1,0,0,0,0,0,0,0,0,0,0,0,0,0,0,0,0,0,0,0,0,1,1,1,0,0
710,Dagashi Kashi,https://www.crunchyroll.com/dagashi-kashi,https://img1.ak.crunchyroll.com/i/spire1/7aabc984a9c19707e7055e24eba593681452427810_full.jpg,12,30,4.2,comedy|romance|slice of life,1,2,1,12,14,0,0,1,0,0,0,0,0,0,0,0,0,0,0,0,0,0,0,0,1,0,0,0,0,0,1,0,0,0
711,Mobile Suit Gundam Seed,https://www.crunchyroll.com/mobile-suit-gundam-seed,https://img1.ak.crunchyroll.com/i/spire4/c265885a770bdcdf946f88bc7be14be11495662659_full.jpg,48,30,4.13,action|mecha|sci-fi,3,1,4,3,19,1,0,0,0,0,0,0,0,0,0,0,0,0,0,0,1,0,0,0,0,1,0,0,0,0,0,0,0,0
712,Akiba's Trip The Animation,https://www.crunchyroll.com/akibas-trip-the-animation,https://img1.ak.crunchyroll.com/i/spire1/ec2174d3d3bbbaf89b9befe47e9883ad1483520772_full.jpg,12,30,4.03,action|comedy|supernatural,3,1,2,10,14,1,0,1,0,0,0,0,0,0,0,0,0,0,0,0,0,0,0,0,0,0,0,0,0,0,0,0,1,0
713,Mobile Suit Gundam Wing,https://www.crunchyroll.com/mobile-suit-gundam-wing,https://img1.ak.crunchyroll.com/i/spire4/12c4005cf97b95e149e841d1a3a6bbe11490302419_full.jpg,49,30,3.9,action|mecha|sci-fi,1,4,5,7,13,1,0,0,0,0,0,0,0,0,0,0,0,0,0,0,1,0,0,0,0,1,0,0,0,0,0,0,0,0
714,Danchigai,https://www.crunchyroll.com/danchigai,https://img1.ak.crunchyroll.com/i/spire3/03562ac02cc553a6cbab7a7c66d0f9f01436460065_full.jpg,12,30,3.9,comedy|slice of life,0,4,8,5,13,0,0,1,0,0,0,0,0,0,0,0,0,0,0,0,0,0,0,0,0,0,0,0,0,0,1,0,0,0
715,Wish Upon the Pleiades,https://www.crunchyroll.com/wish-upon-the-pleiades,https://img1.ak.crunchyroll.com/i/spire3/f297155beaec0e5f1ed091f6ed5d617c1568071180_full.jpg,12,30,3.63,action|drama|fantasy|magical girls|sci-fi,3,3,4,12,8,1,0,0,1,0,1,0,0,0,0,0,0,0,1,0,0,0,0,0,0,1,0,0,0,0,0,0,0,0
716,Strange+,https://www.crunchyroll.com/strange,https://img1.ak.crunchyroll.com/i/spire3/112c3548fe85ce7011da22f9ff4cb5231388688447_full.jpg,24,30,3.5,drama|mystery|thriller,5,4,3,7,11,0,0,0,1,0,0,0,0,0,0,0,0,0,0,0,0,0,1,0,0,0,0,0,0,0,0,0,0,1
717,Gunslinger Stratos THE ANIMATION,https://www.crunchyroll.com/gunslinger-stratos,https://img1.ak.crunchyroll.com/i/spire4/925a59d3e5b5bb0f9e87d8afe51873bc1427920522_full.jpg,12,30,3.43,action|sci-fi,3,6,5,7,9,1,0,0,0,0,0,0,0,0,0,0,0,0,0,0,0,0,0,0,0,1,0,0,0,0,0,0,0,0
718,La corda d’oro -Blue Sky-,https://www.crunchyroll.com/la-corda-doro-blue-sky-,https://img1.ak.crunchyroll.com/i/spire1/6853acee89086eaf46dfc47b69a225801396566265_full.jpg,12,30,3.23,harem|music|romance|shojo|supernatural,4,9,3,4,10,0,0,0,0,0,0,0,1,0,0,0,0,0,0,0,0,1,0,0,1,0,0,0,1,0,0,0,1,0
719,HAKYU HOSHIN ENGI,https://www.crunchyroll.com/hakyu-hoshin-engi,https://img1.ak.crunchyroll.com/i/spire2/0db7fa4e77f188c4066128fc958e2dc91515741851_full.jpg,25,30,2.93,adventure|fantasy|shonen|supernatural,8,7,3,3,9,0,1,0,0,0,1,0,0,0,0,0,0,0,0,0,0,0,0,0,0,0,0,0,0,1,0,0,1,0
720,Try Knights,https://www.crunchyroll.com/try-knights,https://img1.ak.crunchyroll.com/i/spire3/99d6bc26005ef5d16cafe5320fa4d5161564431767_full.jpg,12,30,2.07,action|drama|shojo|sports,18,2,4,2,4,1,0,0,1,0,0,0,0,0,0,0,0,0,0,0,0,0,0,0,0,0,0,0,1,0,0,1,0,0
721,Muromi-san,https://www.crunchyroll.com/muromi-san,https://img1.ak.crunchyroll.com/i/spire1/982ba5a7f28472398375dee48a9bf6a11365187649_full.jpg,13,29,4.69,adventure|comedy|fantasy,0,1,1,4,23,0,1,1,0,0,1,0,0,0,0,0,0,0,0,0,0,0,0,0,0,0,0,0,0,0,0,0,0,0
722,SAIYUKI RELOAD BLAST,https://www.crunchyroll.com/saiyuki-reload-blast,https://img1.ak.crunchyroll.com/i/spire3/19fceef2ff8dc2899fecfa36bd741a341498718299_full.jpg,12,29,4.52,action|adventure|drama|fantasy|supernatural,0,3,1,3,22,1,1,0,1,0,1,0,0,0,0,0,0,0,0,0,0,0,0,0,0,0,0,0,0,0,0,0,1,0
723,Zatch Bell!,https://www.crunchyroll.com/zatch-bell,https://img1.ak.crunchyroll.com/i/spire1/11dd9a7f18c460d54c6b5a86f0ba66df1416975771_full.jpg,12,29,4.45,action|adventure|comedy|fantasy|shonen,1,1,2,5,20,1,1,1,0,0,1,0,0,0,0,0,0,0,0,0,0,0,0,0,0,0,0,0,0,1,0,0,0,0
724,Re:ZERO -Starting Life in Another World- SHORTS,https://www.crunchyroll.com/rezero-starting-life-in-another-world-shorts,https://img1.ak.crunchyroll.com/i/spire1/712391b204434bd926acb402615254801469752554_full.jpg,25,29,4.21,action|adventure|comedy|fantasy|isekai|romance|slice of life,3,1,1,6,18,1,1,1,0,0,1,0,0,0,0,0,1,0,0,0,0,0,0,0,1,0,0,0,0,0,1,0,0,0
725,Hinako Note,https://www.crunchyroll.com/hinako-note,https://img1.ak.crunchyroll.com/i/spire2/174d1540600069f792a2e25f43ae40c31491556645_full.jpg,12,29,3.93,comedy|slice of life,0,3,5,12,9,0,0,1,0,0,0,0,0,0,0,0,0,0,0,0,0,0,0,0,0,0,0,0,0,0,1,0,0,0
726,The File of Young Kindaichi Returns,https://www.crunchyroll.com/the-file-of-young-kindaichi-returns,https://img1.ak.crunchyroll.com/i/spire2/3ce00ee123deb28690058bce4313b9011443724750_full.jpg,12,29,3.9,adventure|mystery|shonen|supernatural|thriller,1,2,7,8,11,0,1,0,0,0,0,0,0,0,0,0,0,0,0,0,0,0,1,0,0,0,0,0,0,1,0,0,1,1
727,Absolute Duo,https://www.crunchyroll.com/absolute-duo,https://img1.ak.crunchyroll.com/i/spire2/49bbd90987cc2b8d5b0f6cc87465c14e1420158261_full.jpg,12,29,3.62,action|fantasy|romance,3,3,5,9,9,1,0,0,0,0,1,0,0,0,0,0,0,0,0,0,0,0,0,0,1,0,0,0,0,0,0,0,0,0
728,Zettai Boei Leviatan,https://www.crunchyroll.com/zettai-boei-leviatan,https://img1.ak.crunchyroll.com/i/spire3/08ab9998d9d0641d3ffc39a4467f84581365189311_full.jpg,13,29,3.52,action|adventure|comedy|fantasy|slice of life,1,8,4,7,9,1,1,1,0,0,1,0,0,0,0,0,0,0,0,0,0,0,0,0,0,0,0,0,0,0,1,0,0,0
729,Fist of the Blue Sky: Regenesis,https://www.crunchyroll.com/fist-of-the-blue-sky-regenesis,https://img1.ak.crunchyroll.com/i/spire4/1573d084547185548e5be03c8f2f6d791539039376_full.jpg,24,29,2.72,action|adventure|shonen,10,5,4,3,7,1,1,0,0,0,0,0,0,0,0,0,0,0,0,0,0,0,0,0,0,0,0,0,0,1,0,0,0,0
730,Monster Strike,https://www.crunchyroll.com/monster-strike,https://img1.ak.crunchyroll.com/i/spire4/77cbe4a2108ff933e6bf1c03870c56ac1575329793_full.jpg,159,29,2.59,action|fantasy,13,3,2,5,6,1,0,0,0,0,1,0,0,0,0,0,0,0,0,0,0,0,0,0,0,0,0,0,0,0,0,0,0,0
731,Grimms Notes the Animation,https://www.crunchyroll.com/grimms-notes-the-animation,https://img1.ak.crunchyroll.com/i/spire4/a959095513d0997e9be355a22b0ee7891547256783_full.jpg,12,29,2.48,action|adventure|fantasy,12,3,7,2,5,1,1,0,0,0,1,0,0,0,0,0,0,0,0,0,0,0,0,0,0,0,0,0,0,0,0,0,0,0
732,Last Cinderella,https://www.crunchyroll.com/last-cinderella,https://img1.ak.crunchyroll.com/i/spire3/fe2963343a2c770d859bf5ed3027a9591417459245_full.jpg,12,28,4.89,,0,0,0,3,25,0,0,0,0,0,0,0,0,0,0,0,0,0,0,0,0,0,0,0,0,0,0,0,0,0,0,0,0,0
733,Junjo Romantica,https://www.crunchyroll.com/junjo-romantica,https://img1.ak.crunchyroll.com/i/spire3/6a75e241319849bc74b6f93735a417221480583212_full.jpg,12,28,4.79,drama|romance,0,1,1,1,25,0,0,0,1,0,0,0,0,0,0,0,0,0,0,0,0,0,0,0,1,0,0,0,0,0,0,0,0,0
734,Yu-Gi-Oh! 5D's,https://www.crunchyroll.com/yu-gi-oh-5ds,https://img1.ak.crunchyroll.com/i/spire3/4d3d909ba50ff696547ce482aa01f5fb1416002263_full.jpg,12,28,4.71,action|fantasy|sci-fi|shonen|supernatural,0,0,1,6,21,1,0,0,0,0,1,0,0,0,0,0,0,0,0,0,0,0,0,0,0,1,0,0,0,1,0,0,1,0
735,Daily Lives of High School Boys,https://www.crunchyroll.com/daily-lives-of-high-school-boys,https://img1.ak.crunchyroll.com/i/spire4/86b69583c918db3e003b70b725970afc1513146276_full.jpg,12,28,4.71,comedy|slice of life,0,1,1,3,23,0,0,1,0,0,0,0,0,0,0,0,0,0,0,0,0,0,0,0,0,0,0,0,0,0,1,0,0,0
736,Little Nemo: Adventures in Slumberland,https://www.crunchyroll.com/little-nemo-adventures-in-slumberland,https://img1.ak.crunchyroll.com/i/spire1/55210d3a05241d869c36321590adfc8d1323300816_full.jpg,12,28,4.68,adventure|fantasy,0,1,1,4,22,0,1,0,0,0,1,0,0,0,0,0,0,0,0,0,0,0,0,0,0,0,0,0,0,0,0,0,0,0
737,A Lull in the Sea (Nagi-Asu: Nagi no Asukara),https://www.crunchyroll.com/a-lull-in-the-sea-nagi-asu-nagi-no-asukara,https://img1.ak.crunchyroll.com/i/spire3/6546d647f58fa199ee2c70b7eac8b8661444164527_full.jpg,12,28,4.57,drama|fantasy|romance,1,0,3,2,22,0,0,0,1,0,1,0,0,0,0,0,0,0,0,0,0,0,0,0,1,0,0,0,0,0,0,0,0,0
738,Moyashimon,https://www.crunchyroll.com/moyashimon,https://img1.ak.crunchyroll.com/i/spire4/d82364ba9b1f0414f24714cc4f8f261e1342639264_full.jpg,22,28,4.5,comedy|slice of life,0,0,2,10,16,0,0,1,0,0,0,0,0,0,0,0,0,0,0,0,0,0,0,0,0,0,0,0,0,0,1,0,0,0
739,"Boku-no-imoutowa""Osaka-okan""",https://www.crunchyroll.com/boku-no-imoutowaosaka-okan,https://img1.ak.crunchyroll.com/i/spire1/44d2c5d1bc5fa8b121c71f1742707fc41356119053_full.jpg,12,28,3.43,comedy|slice of life,3,5,2,13,5,0,0,1,0,0,0,0,0,0,0,0,0,0,0,0,0,0,0,0,0,0,0,0,0,0,1,0,0,0
740,Seiren,https://www.crunchyroll.com/seiren,https://img1.ak.crunchyroll.com/i/spire3/6de10ecb62b191e4ab2ef0927eec2db81483710188_full.jpg,12,28,3.39,romance|slice of life,1,6,9,5,7,0,0,0,0,0,0,0,0,0,0,0,0,0,0,0,0,0,0,0,1,0,0,0,0,0,1,0,0,0
741,Cheating Craft,https://www.crunchyroll.com/cheating-craft,https://img1.ak.crunchyroll.com/i/spire4/8354d1bc2886bb05e8b537f962e2d2911475652280_full.jpg,12,28,3.0,action|comedy,4,9,5,3,7,1,0,1,0,0,0,0,0,0,0,0,0,0,0,0,0,0,0,0,0,0,0,0,0,0,0,0,0,0
742,Os Cavaleiros do Zodíaco,https://www.crunchyroll.com/saint-seiya,https://img1.ak.crunchyroll.com/i/spire4/7b09fbb42da3d9fa613ec1d025cf41df1411687266_full.jpg,114,27,4.96,,0,0,0,1,26,0,0,0,0,0,0,0,0,0,0,0,0,0,0,0,0,0,0,0,0,0,0,0,0,0,0,0,0,0
743,Mischievous Kiss 2 - Love in Okinawa,https://www.crunchyroll.com/mischievous-kiss-2-love-in-tokyo,https://img1.ak.crunchyroll.com/i/spire4/30b59b197a01a614e7e55b1886c2d3ef1410486118_full.jpg,17,27,4.85,,0,0,1,2,24,0,0,0,0,0,0,0,0,0,0,0,0,0,0,0,0,0,0,0,0,0,0,0,0,0,0,0,0,0
744,Wakakozake (Drama),https://www.crunchyroll.com/wakakozake-drama,https://img1.ak.crunchyroll.com/i/spire2/6d56503b0c862829705f3aa1bee329e61452433938_full.jpg,12,27,4.7,food,1,0,0,4,22,0,0,0,0,0,0,1,0,0,0,0,0,0,0,0,0,0,0,0,0,0,0,0,0,0,0,0,0,0
745,Inugami-san to Nekoyama-san,https://www.crunchyroll.com/inugami-san-to-nekoyama-san,https://img1.ak.crunchyroll.com/i/spire2/f7d9ebb45ceba86e262ca09c94e57a251396904978_full.jpg,12,27,4.33,comedy|romance,0,1,3,9,14,0,0,1,0,0,0,0,0,0,0,0,0,0,0,0,0,0,0,0,1,0,0,0,0,0,0,0,0,0
746,ETOTAMA,https://www.crunchyroll.com/etotama,https://img1.ak.crunchyroll.com/i/spire4/1c9c7733c6a4ec31ff258e1ab1fef4fe1428119941_full.jpg,12,27,3.85,action|comedy|supernatural,3,2,5,3,14,1,0,1,0,0,0,0,0,0,0,0,0,0,0,0,0,0,0,0,0,0,0,0,0,0,0,0,1,0
747,True Cooking Master Boy,https://www.crunchyroll.com/true-cooking-master-boy,https://img1.ak.crunchyroll.com/i/spire3/e9ef1778c1a5d5e42dc57c486ae9b17b1570744289_full.jpg,12,27,3.52,shonen,5,3,4,3,12,0,0,0,0,0,0,0,0,0,0,0,0,0,0,0,0,0,0,0,0,0,0,0,0,1,0,0,0,0
748,Xuan Yuan Sword Luminary,https://www.crunchyroll.com/xuan-yuan-sword-luminary,https://img1.ak.crunchyroll.com/i/spire3/db4565f9025212d19ce241ee108e46b21538181824_full.jpg,13,27,3.3,action|adventure|fantasy|historical|supernatural,4,5,6,3,9,1,1,0,0,0,1,0,0,1,0,0,0,0,0,0,0,0,0,0,0,0,0,0,0,0,0,0,1,0
749,B-PROJECT,https://www.crunchyroll.com/b-project,https://img1.ak.crunchyroll.com/i/spire1/8946c82bf2dff9872e2a4b0211ffefe71467446398_full.jpg,12,27,3.26,idols|romance,5,3,7,4,8,0,0,0,0,0,0,0,0,0,0,1,0,0,0,0,0,0,0,0,1,0,0,0,0,0,0,0,0,0
750,Fan Chronicles: Um Documentário Crunchyroll,https://www.crunchyroll.com/fan-chronicles-a-crunchyroll-documentary-series,https://img1.ak.crunchyroll.com/i/spire1/e40991345c8b5e6a9943cdc393fb63ea1551143218_full.jpg,3,27,1.37,,24,0,1,0,2,0,0,0,0,0,0,0,0,0,0,0,0,0,0,0,0,0,0,0,0,0,0,0,0,0,0,0,0,0
751,Senryu Girl,https://www.crunchyroll.com/senryu-girl,https://img1.ak.crunchyroll.com/i/spire2/f40bce3e7b77f3d2797fd0dca53f0f541555109944_full.jpg,12,26,4.77,comedy|slice of life,0,0,0,6,20,0,0,1,0,0,0,0,0,0,0,0,0,0,0,0,0,0,0,0,0,0,0,0,0,0,1,0,0,0
752,Full Metal Panic!,https://www.crunchyroll.com/full-metal-panic,https://img1.ak.crunchyroll.com/i/spire4/e9252036a2af91e93375ce789aaf8a331508462837_full.jpg,12,26,4.77,action|comedy|drama|mecha|sci-fi,0,0,1,4,21,1,0,1,1,0,0,0,0,0,0,0,0,0,0,0,1,0,0,0,0,1,0,0,0,0,0,0,0,0
753,Lovely Complex,https://www.crunchyroll.com/lovely-complex,https://img1.ak.crunchyroll.com/i/spire3/b62c3c6d70d38fa10904d76dc60d06761578969109_full.jpg,24,26,4.73,romance|shojo,0,0,2,3,21,0,0,0,0,0,0,0,0,0,0,0,0,0,0,0,0,0,0,0,1,0,0,0,1,0,0,0,0,0
754,Anohana: The Flower We Saw That Day (Drama),https://www.crunchyroll.com/anohana-the-flower-we-saw-that-day-drama,https://img1.ak.crunchyroll.com/i/spire3/b328ed36104495b95c04c514b4c2b6ef1442958547_full.jpg,1,26,4.27,,2,2,1,3,18,0,0,0,0,0,0,0,0,0,0,0,0,0,0,0,0,0,0,0,0,0,0,0,0,0,0,0,0,0
755,Anime de Training! Ex,https://www.crunchyroll.com/anime-de-training-ex,https://img1.ak.crunchyroll.com/i/spire2/fa04db0727a94cb853d9284338049b261536274222_full.jpg,24,26,3.77,comedy|slice of life,3,1,8,1,13,0,0,1,0,0,0,0,0,0,0,0,0,0,0,0,0,0,0,0,0,0,0,0,0,0,1,0,0,0
756,CHAOS;CHILD,https://www.crunchyroll.com/chaoschild,https://img1.ak.crunchyroll.com/i/spire3/30228eb742c57e08dfcba437b0c528681484151699_full.jpg,14,26,3.73,mystery|thriller,2,4,5,3,12,0,0,0,0,0,0,0,0,0,0,0,0,0,0,0,0,0,1,0,0,0,0,0,0,0,0,0,0,1
757,Code: Realize ~Guardian of Rebirth~,https://www.crunchyroll.com/code-realize-guardian-of-rebirth,https://img1.ak.crunchyroll.com/i/spire4/e3071c379b2474672b48c4c7149110681508359985_full.jpg,13,26,3.73,harem|mystery|romance,1,5,4,6,10,0,0,0,0,0,0,0,1,0,0,0,0,0,0,0,0,0,1,0,1,0,0,0,0,0,0,0,0,0
758,Phantom in the Twilight,https://www.crunchyroll.com/phantom-in-the-twilight,https://img1.ak.crunchyroll.com/i/spire4/2f7c66b2ae8919bb8475e5e6429600b01531117155_full.jpg,12,26,3.58,drama|fantasy|romance|supernatural|thriller,1,4,7,7,7,0,0,0,1,0,1,0,0,0,0,0,0,0,0,0,0,0,0,0,1,0,0,0,0,0,0,0,1,1
759,Soul Buster,https://www.crunchyroll.com/soul-buster,https://img1.ak.crunchyroll.com/i/spire1/2d1559bc96e45c0205462bdc86539e951475834693_full.jpg,12,26,2.65,action|adventure|fantasy|historical,7,7,5,2,5,1,1,0,0,0,1,0,0,1,0,0,0,0,0,0,0,0,0,0,0,0,0,0,0,0,0,0,0,0
760,Arakawa Under the Bridge,https://www.crunchyroll.com/arakawa-under-the-bridge,https://img1.ak.crunchyroll.com/i/spire2/c046cff9d38e384acac5dbd3f705e9561359490136_full.jpg,12,25,4.76,comedy|romance,0,0,2,2,21,0,0,1,0,0,0,0,0,0,0,0,0,0,0,0,0,0,0,0,1,0,0,0,0,0,0,0,0,0
761,Death Note,https://www.crunchyroll.com/death-note,https://img1.ak.crunchyroll.com/i/spire4/697c8b5ff2f49a97348b5507c06e11831576116356_full.jpg,12,25,4.72,supernatural|thriller,0,1,1,2,21,0,0,0,0,0,0,0,0,0,0,0,0,0,0,0,0,0,0,0,0,0,0,0,0,0,0,0,1,1
762,Locodol,https://www.crunchyroll.com/locodol,https://img1.ak.crunchyroll.com/i/spire1/9ac1c4e1b0a649363477827e30050b881452031391_full.jpg,15,25,4.4,comedy|music|seinen|slice of life,0,1,1,10,13,0,0,1,0,0,0,0,0,0,0,0,0,0,0,0,0,1,0,0,0,0,1,0,0,0,1,0,0,0
763,Encouragement Of Climb,https://www.crunchyroll.com/encouragement-of-climb,https://img1.ak.crunchyroll.com/i/spire3/f2d624eeec0d2bdb7278bdd09e0b8ea91532022699_full.jpg,26,25,4.4,comedy|slice of life|sports,0,2,1,7,15,0,0,1,0,0,0,0,0,0,0,0,0,0,0,0,0,0,0,0,0,0,0,0,0,0,1,1,0,0
764,BAKUON!!,https://www.crunchyroll.com/bakuon,https://img1.ak.crunchyroll.com/i/spire2/cda9bcf111c8a974295a683c643f89801459737569_full.jpg,12,25,4.36,comedy|slice of life,0,0,5,6,14,0,0,1,0,0,0,0,0,0,0,0,0,0,0,0,0,0,0,0,0,0,0,0,0,0,1,0,0,0
765,The Magnificent KOTOBUKI,https://www.crunchyroll.com/the-magnificent-kotobuki,https://img1.ak.crunchyroll.com/i/spire4/8caccd3377ad43b31e02ae79d856691a1549191964_full.jpg,12,25,3.96,action|adventure,3,0,2,10,10,1,1,0,0,0,0,0,0,0,0,0,0,0,0,0,0,0,0,0,0,0,0,0,0,0,0,0,0,0
766,Angel's 3Piece!,https://www.crunchyroll.com/angels-3piece,https://img1.ak.crunchyroll.com/i/spire3/51b217ddf76813f060494aaf2348bc6e1499675866_full.jpg,12,25,3.72,comedy|music|slice of life,2,2,6,6,9,0,0,1,0,0,0,0,0,0,0,0,0,0,0,0,0,1,0,0,0,0,0,0,0,0,1,0,0,0
767,A Destructive God Sits Next to Me,https://www.crunchyroll.com/a-destructive-god-sits-next-to-me,https://img1.ak.crunchyroll.com/i/spire1/2cc24f87a93c27a35cf3da7604503ab11578698885_full.jpg,10,25,3.52,comedy|slice of life,5,2,4,3,11,0,0,1,0,0,0,0,0,0,0,0,0,0,0,0,0,0,0,0,0,0,0,0,0,0,1,0,0,0
768,R.O.D.,https://www.crunchyroll.com/rod,https://img1.ak.crunchyroll.com/i/spire3/3188bf7f663f2aea647fe030c62482ae1367626856_full.jpg,12,24,4.62,action|comedy|drama|sci-fi,0,2,1,1,20,1,0,1,1,0,0,0,0,0,0,0,0,0,0,0,0,0,0,0,0,1,0,0,0,0,0,0,0,0
769,Scorching Ping Pong Girls,https://www.crunchyroll.com/scorching-ping-pong-girls,https://img1.ak.crunchyroll.com/i/spire4/0b8232f22b46d36f8fe52f4127da09c71482733705_full.jpg,12,24,4.38,action|comedy|slice of life|sports,0,2,1,7,14,1,0,1,0,0,0,0,0,0,0,0,0,0,0,0,0,0,0,0,0,0,0,0,0,0,1,1,0,0
770,Yu-Gi-Oh! GX,https://www.crunchyroll.com/yu-gi-oh-gx,https://img1.ak.crunchyroll.com/i/spire2/938ffd2c76c1d1b7082d1e47ce0352bf1416000077_full.jpg,12,24,4.29,action|adventure|fantasy|shonen|supernatural,3,0,1,3,17,1,1,0,0,0,1,0,0,0,0,0,0,0,0,0,0,0,0,0,0,0,0,0,0,1,0,0,1,0
771,Switch Girl!!,https://www.crunchyroll.com/switch-girl,https://img1.ak.crunchyroll.com/i/spire4/972bb4aa57b21729744eb9883640a9601413061024_full.jpg,12,24,4.12,comedy,2,2,0,7,13,0,0,1,0,0,0,0,0,0,0,0,0,0,0,0,0,0,0,0,0,0,0,0,0,0,0,0,0,0
772,Future Diary: Another World,https://www.crunchyroll.com/future-diary-another-world,https://img1.ak.crunchyroll.com/i/spire4/5d0174e98104b2f94a7a9f6af1eb9a101413060687_full.jpg,12,24,4.04,,3,1,2,4,14,0,0,0,0,0,0,0,0,0,0,0,0,0,0,0,0,0,0,0,0,0,0,0,0,0,0,0,0,0
773,momokuri,https://www.crunchyroll.com/momokuri,https://img1.ak.crunchyroll.com/i/spire2/d5f210096bde2ef386f3aab1f7e7d4fe1467378311_full.jpg,13,24,4.04,comedy|romance,0,3,4,6,11,0,0,1,0,0,0,0,0,0,0,0,0,0,0,0,0,0,0,0,1,0,0,0,0,0,0,0,0,0
774,The Laughing Salesman,https://www.crunchyroll.com/the-laughing-salesman,https://img1.ak.crunchyroll.com/i/spire3/24084a3df51788e818096663b8cb8e751491247311_full.jpg,12,24,3.83,mystery|seinen|supernatural|thriller,4,1,2,5,12,0,0,0,0,0,0,0,0,0,0,0,0,0,0,0,0,0,1,0,0,0,1,0,0,0,0,0,1,1
775,Pan de Peace!,https://www.crunchyroll.com/pan-de-peace,https://img1.ak.crunchyroll.com/i/spire3/9e1c05e4711a225c7ba61d7d291e50321459641447_full.jpg,13,24,3.25,comedy|slice of life,2,4,7,8,3,0,0,1,0,0,0,0,0,0,0,0,0,0,0,0,0,0,0,0,0,0,0,0,0,0,1,0,0,0
776,Straight Title Robot Anime,https://www.crunchyroll.com/straight-title-robot-anime,https://img1.ak.crunchyroll.com/i/spire4/e54c39524e0543d90084c390a8a4407d1360000093_full.jpg,12,24,3.08,comedy|sci-fi,8,1,3,5,7,0,0,1,0,0,0,0,0,0,0,0,0,0,0,0,0,0,0,0,0,1,0,0,0,0,0,0,0,0
777,Antiquarian Bookshop Biblia's Case Files,https://www.crunchyroll.com/antiquarian-bookshop-biblias-case-files,https://img1.ak.crunchyroll.com/i/spire1/b6f893a8a3b2038f71e22a0c7420bd9b1415924670_full.jpg,12,23,4.96,,0,0,0,1,22,0,0,0,0,0,0,0,0,0,0,0,0,0,0,0,0,0,0,0,0,0,0,0,0,0,0,0,0,0
778,Black Clover (Dublagens Internacionais),https://www.crunchyroll.com/black-clover-international-dubs,https://img1.ak.crunchyroll.com/i/spire1/c0d08a06dae2ed2877cd15e303df87491533959656_full.jpg,52,23,4.91,action|adventure|comedy|fantasy|shonen,0,0,1,0,22,1,1,1,0,0,1,0,0,0,0,0,0,0,0,0,0,0,0,0,0,0,0,0,0,1,0,0,0,0
779,Yu-Gi-Oh! ARC-V,https://www.crunchyroll.com/yu-gi-oh-arc-v,https://img1.ak.crunchyroll.com/i/spire3/235ab3c88289ee1ab9d0ad977f246cb71479151895_full.jpg,12,23,4.61,adventure|fantasy|shonen|supernatural,0,0,3,3,17,0,1,0,0,0,1,0,0,0,0,0,0,0,0,0,0,0,0,0,0,0,0,0,0,1,0,0,1,0
780,Liar Game,https://www.crunchyroll.com/liar-game,https://img1.ak.crunchyroll.com/i/spire4/8c71ccf8b2bcb8d56dd2330a0c8bdb601408831502_full.jpg,12,23,4.57,,0,2,1,2,18,0,0,0,0,0,0,0,0,0,0,0,0,0,0,0,0,0,0,0,0,0,0,0,0,0,0,0,0,0
781,Yowamushi Pedal New Generation,https://www.crunchyroll.com/yowamushi-pedal-new-generation,https://img1.ak.crunchyroll.com/i/spire4/159148a04cab24048b85b32b100adcca1527268997_full.jpg,50,23,4.48,action|drama|shonen|sports,1,1,1,3,17,1,0,0,1,0,0,0,0,0,0,0,0,0,0,0,0,0,0,0,0,0,0,0,0,1,0,1,0,0
782,Blade Runner Black Out 2022,https://www.crunchyroll.com/blade-runner-black-out-2022,https://img1.ak.crunchyroll.com/i/spire3/362f351bb80a19d943afc95f599e3dae1506377248_full.jpg,12,23,4.48,action|sci-fi,2,0,0,4,17,1,0,0,0,0,0,0,0,0,0,0,0,0,0,0,0,0,0,0,0,1,0,0,0,0,0,0,0,0
783,Yakitate!! Japan,https://www.crunchyroll.com/yakitate-japan,https://img1.ak.crunchyroll.com/i/spire1/264e177ac6879c574e5205a356637bba1447452106_full.jpg,12,23,4.43,action|comedy|shonen,0,2,1,5,15,1,0,1,0,0,0,0,0,0,0,0,0,0,0,0,0,0,0,0,0,0,0,0,0,1,0,0,0,0
784,PERSONA5 the Animation -THE DAY BREAKERS-,https://www.crunchyroll.com/persona5-the-animation-the-day-breakers-,https://img1.ak.crunchyroll.com/i/spire3/5c5e67e3b740b7d609bdcf1dc13247801472856372_full.jpg,1,23,4.26,action|mystery|supernatural|thriller,1,2,1,5,14,1,0,0,0,0,0,0,0,0,0,0,0,0,0,0,0,0,1,0,0,0,0,0,0,0,0,0,1,1
785,Bokurano,https://www.crunchyroll.com/bokurano,https://img1.ak.crunchyroll.com/i/spire2/c34543e21a7d483c4ee04c43bf6224941457473875_full.jpg,12,23,4.17,drama|mecha|sci-fi,2,2,1,3,15,0,0,0,1,0,0,0,0,0,0,0,0,0,0,0,1,0,0,0,0,1,0,0,0,0,0,0,0,0
786,Re-Kan!,https://www.crunchyroll.com/re-kan,https://img1.ak.crunchyroll.com/i/spire4/75b2c08e6d279f5975a7ae77168da2881428009461_full.jpg,12,23,4.17,comedy,0,2,4,5,12,0,0,1,0,0,0,0,0,0,0,0,0,0,0,0,0,0,0,0,0,0,0,0,0,0,0,0,0,0
787,The Moment You Fall in Love,https://www.crunchyroll.com/the-moment-you-fall-in-love,https://img1.ak.crunchyroll.com/i/spire1/0864e47743dc6298ac3ae945d85dc8161496775332_full.jpg,1,23,4.09,drama|romance|slice of life,2,2,1,5,13,0,0,0,1,0,0,0,0,0,0,0,0,0,0,0,0,0,0,0,1,0,0,0,0,0,1,0,0,0
788,Lychee Light Club,https://www.crunchyroll.com/lychee-light-club,https://img1.ak.crunchyroll.com/i/spire2/c5bf57c09aa20dacefea976c61375c171350060834_full.jpg,8,23,3.43,comedy|drama|romance,3,2,7,4,7,0,0,1,1,0,0,0,0,0,0,0,0,0,0,0,0,0,0,0,1,0,0,0,0,0,0,0,0,0
789,ARIA The ANIMATION,https://www.crunchyroll.com/aria-the-animation,https://img1.ak.crunchyroll.com/i/spire1/10b2578232043ae255d3a0876548c5c61568140027_full.jpg,12,22,4.86,sci-fi|slice of life,0,0,1,1,20,0,0,0,0,0,0,0,0,0,0,0,0,0,0,0,0,0,0,0,0,1,0,0,0,0,1,0,0,0
790,MAGICAL CIRCLE GURU-GURU,https://www.crunchyroll.com/magical-circle-guru-guru,https://img1.ak.crunchyroll.com/i/spire2/da12f39436dbe186a67d6dbb96e4971b1534191908_full.jpg,24,22,4.68,action|adventure|comedy|fantasy,0,0,3,1,18,1,1,1,0,0,1,0,0,0,0,0,0,0,0,0,0,0,0,0,0,0,0,0,0,0,0,0,0,0
791,Ultraman Orb,https://www.crunchyroll.com/ultraman-orb,https://img1.ak.crunchyroll.com/i/spire3/40f83e47cfbbf2fc2ce9ff08208d9a361468015307_full.jpg,25,22,4.68,,1,0,0,3,18,0,0,0,0,0,0,0,0,0,0,0,0,0,0,0,0,0,0,0,0,0,0,0,0,0,0,0,0,0
792,Dororo Motion Magazine,https://www.crunchyroll.com/dororo-motion-magazine,https://img1.ak.crunchyroll.com/i/spire2/f1115419e7a0a4a53d4098a38f4a85f81279151111_full.jpg,12,22,4.64,action|adventure|supernatural,1,0,0,4,17,1,1,0,0,0,0,0,0,0,0,0,0,0,0,0,0,0,0,0,0,0,0,0,0,0,0,0,1,0
793,Mr. TONEGAWA Middle Management Blues,https://www.crunchyroll.com/mr-tonegawa-middle-management-blues,https://img1.ak.crunchyroll.com/i/spire2/6d273aaff9098958aa5394c5c1cb99d71530574338_full.jpg,24,22,4.59,comedy|drama|seinen,0,1,1,4,16,0,0,1,1,0,0,0,0,0,0,0,0,0,0,0,0,0,0,0,0,0,1,0,0,0,0,0,0,0
794,Fate/Grand Order Absolute Demonic Front: Babylonia,https://www.crunchyroll.com/fategrand-order-absolute-demonic-front-babylonia,https://img1.ak.crunchyroll.com/i/spire3/5e2029d2c96cf5f92af034feec6e72c91573014688_full.jpg,18,22,4.18,action|fantasy,3,1,0,3,15,1,0,0,0,0,1,0,0,0,0,0,0,0,0,0,0,0,0,0,0,0,0,0,0,0,0,0,0,0
795,Slow Start,https://www.crunchyroll.com/slow-start,https://img1.ak.crunchyroll.com/i/spire3/16ab7fe3bf03bbd09f05321509cf5ac21515190148_full.jpg,12,22,4.14,comedy|slice of life,0,3,2,6,11,0,0,1,0,0,0,0,0,0,0,0,0,0,0,0,0,0,0,0,0,0,0,0,0,0,1,0,0,0
796,Hell Girl: Fourth Twilight,https://www.crunchyroll.com/hell-girl-fourth-twilight,https://img1.ak.crunchyroll.com/i/spire4/7e087e095c437dd1e69f964ed21d57db1500005005_full.jpg,12,22,3.95,drama|supernatural,2,3,3,0,14,0,0,0,1,0,0,0,0,0,0,0,0,0,0,0,0,0,0,0,0,0,0,0,0,0,0,0,1,0
797,Astro Boy Motion Magazine,https://www.crunchyroll.com/astro-boy-motion-magazine,https://img1.ak.crunchyroll.com/i/spire2/d77c8def735f5f1800d7fca70159f8251279150010_full.jpg,12,22,3.73,,4,0,5,2,11,0,0,0,0,0,0,0,0,0,0,0,0,0,0,0,0,0,0,0,0,0,0,0,0,0,0,0,0,0
798,Merc StoriA: The Apathetic Boy and the Girl in a Bottle,https://www.crunchyroll.com/merc-storia-the-apathetic-boy-and-the-girl-in-a-bottle,https://img1.ak.crunchyroll.com/i/spire1/b5c7374c04b114f58821a9a19d3f12421539265653_full.jpg,12,22,3.73,fantasy,1,4,3,6,8,0,0,0,0,0,1,0,0,0,0,0,0,0,0,0,0,0,0,0,0,0,0,0,0,0,0,0,0,0
799,Fantasista Doll,https://www.crunchyroll.com/fantasista-doll,https://img1.ak.crunchyroll.com/i/spire1/f3471e68ea348e5a5a13c1a946ad98e01372783377_full.jpg,12,22,3.64,action|comedy|fantasy|magical girls|sci-fi,2,4,4,2,10,1,0,1,0,0,1,0,0,0,0,0,0,0,1,0,0,0,0,0,0,1,0,0,0,0,0,0,0,0
800,Takamiya Nasuno Desu!,https://www.crunchyroll.com/takamiya-nasuno-desu,https://img1.ak.crunchyroll.com/i/spire4/54fe99a9855144e99dd135864a3ccae21428339406_full.jpg,12,22,3.5,comedy|shonen|slice of life,4,2,2,7,7,0,0,1,0,0,0,0,0,0,0,0,0,0,0,0,0,0,0,0,0,0,0,0,0,1,1,0,0,0
801,Aooni The Blue Monster,https://www.crunchyroll.com/aooni-the-blue-monster,https://img1.ak.crunchyroll.com/i/spire4/d932c6dd485a3b08fc1d8672a53ef23b1475183881_full.jpg,14,22,3.18,comedy|supernatural|thriller,4,4,4,4,6,0,0,1,0,0,0,0,0,0,0,0,0,0,0,0,0,0,0,0,0,0,0,0,0,0,0,0,1,1
802,Maerchen Maedchen,https://www.crunchyroll.com/maerchen-maedchen,https://img1.ak.crunchyroll.com/i/spire4/ac12e55f9dab75f7e45136fe32eb72311515677911_full.jpg,12,22,3.09,fantasy|supernatural,5,3,5,3,6,0,0,0,0,0,1,0,0,0,0,0,0,0,0,0,0,0,0,0,0,0,0,0,0,0,0,0,1,0
803,JK-Meshi!,https://www.crunchyroll.com/jk-meshi,https://img1.ak.crunchyroll.com/i/spire2/8a323f73c3923acc4f2a22d37a4267ae1444093208_full.jpg,26,22,2.36,comedy|slice of life,11,1,4,3,3,0,0,1,0,0,0,0,0,0,0,0,0,0,0,0,0,0,0,0,0,0,0,0,0,0,1,0,0,0
804,The Tatami Galaxy,https://www.crunchyroll.com/the-tatami-galaxy,https://img1.ak.crunchyroll.com/i/spire4/3cbbb4c58073527fb8618713319465221504916823_full.jpg,12,21,4.95,,0,0,0,1,20,0,0,0,0,0,0,0,0,0,0,0,0,0,0,0,0,0,0,0,0,0,0,0,0,0,0,0,0,0
805,Tonkatsu DJ Agetaro,https://www.crunchyroll.com/tonkatsu-dj-agetaro,https://img1.ak.crunchyroll.com/i/spire2/5644080ee95b223b3f2a7f61ed0d2ba51460281973_full.jpg,12,21,4.62,comedy|music|shonen|slice of life,0,0,2,4,15,0,0,1,0,0,0,0,0,0,0,0,0,0,0,0,0,1,0,0,0,0,0,0,0,1,1,0,0,0
806,Anime-Gataris,https://www.crunchyroll.com/anime-gataris,https://img1.ak.crunchyroll.com/i/spire4/1a25b31dd88fef36446a90a2ae0534991507464677_full.jpg,12,21,4.14,comedy|slice of life,2,1,2,3,13,0,0,1,0,0,0,0,0,0,0,0,0,0,0,0,0,0,0,0,0,0,0,0,0,0,1,0,0,0
807,Riddle Story of Devil,https://www.crunchyroll.com/riddle-story-of-devil,https://img1.ak.crunchyroll.com/i/spire3/4f3ca7effd1795fdf7419bf82e9e76b91397149471_full.jpg,12,21,4.1,drama|mystery,1,1,2,8,9,0,0,0,1,0,0,0,0,0,0,0,0,0,0,0,0,0,1,0,0,0,0,0,0,0,0,0,0,0
808,Phoenix Motion Magazine,https://www.crunchyroll.com/phoenix-motion-magazine,https://img1.ak.crunchyroll.com/i/spire4/7750c9414b5ffe88e9906254872674731279150018_full.jpg,12,21,3.86,,5,0,1,2,13,0,0,0,0,0,0,0,0,0,0,0,0,0,0,0,0,0,0,0,0,0,0,0,0,0,0,0,0,0
809,Gonna Be the Twin-Tail!!,https://www.crunchyroll.com/gonna-be-the-twin-tail,https://img1.ak.crunchyroll.com/i/spire2/2190798cb3167ae7a94092885d7aebab1412787421_full.jpg,12,21,3.62,action|comedy|romance|sci-fi,3,3,1,6,8,1,0,1,0,0,0,0,0,0,0,0,0,0,0,0,0,0,0,0,1,1,0,0,0,0,0,0,0,0
810,Tokyo ESP,https://www.crunchyroll.com/tokyo-esp,https://img1.ak.crunchyroll.com/i/spire2/51933f58f90e83a47c8de7666134a15f1405032732_full.jpg,12,21,2.86,action|comedy,4,5,4,6,2,1,0,1,0,0,0,0,0,0,0,0,0,0,0,0,0,0,0,0,0,0,0,0,0,0,0,0,0,0
811,Lord of Vermilion: The Crimson King,https://www.crunchyroll.com/lord-of-vermilion-the-crimson-king,https://img1.ak.crunchyroll.com/i/spire1/34ac3d28db872f8af260b8406fdd93e01531500445_full.jpg,12,21,2.57,action|fantasy,6,6,3,3,3,1,0,0,0,0,1,0,0,0,0,0,0,0,0,0,0,0,0,0,0,0,0,0,0,0,0,0,0,0
812,The Twelve Kingdoms,https://www.crunchyroll.com/the-twelve-kingdoms,https://img1.ak.crunchyroll.com/i/spire3/8e8d76a69568dd4bf7a8b57089b244881557254163_full.jpg,12,20,4.85,adventure|fantasy|historical|isekai,0,0,1,1,18,0,1,0,0,0,1,0,0,1,0,0,1,0,0,0,0,0,0,0,0,0,0,0,0,0,0,0,0,0
813,Gurazeni: Money Pitch,https://www.crunchyroll.com/gurazeni-money-pitch,https://img1.ak.crunchyroll.com/i/spire4/2b2b1b0007f5de0264317a9afcb6ddba1522955283_full.jpg,24,20,4.75,comedy|drama|seinen|sports,0,0,1,3,16,0,0,1,1,0,0,0,0,0,0,0,0,0,0,0,0,0,0,0,0,0,1,0,0,0,0,1,0,0
814,Genshiken,https://www.crunchyroll.com/genshiken-second-season,https://img1.ak.crunchyroll.com/i/spire1/326cfb405a1f3285b92172ba39dacecd1373051662_full.jpg,13,20,4.5,comedy|seinen|slice of life,0,1,1,5,13,0,0,1,0,0,0,0,0,0,0,0,0,0,0,0,0,0,0,0,0,0,1,0,0,0,1,0,0,0
815,Ooya-san wa Shishunki!,https://www.crunchyroll.com/ooya-san-wa-shishunki,https://img1.ak.crunchyroll.com/i/spire3/9d7decb0e75cb64ccf45c2949195598e1452194474_full.jpg,12,20,4.45,comedy|slice of life,0,0,1,9,10,0,0,1,0,0,0,0,0,0,0,0,0,0,0,0,0,0,0,0,0,0,0,0,0,0,1,0,0,0
816,Girlish number,https://www.crunchyroll.com/girlish-number,https://img1.ak.crunchyroll.com/i/spire2/826b47afb1bb53a9faf4d57321c7c35e1476262102_full.jpg,12,20,4.2,comedy|idols|slice of life,0,2,0,10,8,0,0,1,0,0,0,0,0,0,0,1,0,0,0,0,0,0,0,0,0,0,0,0,0,0,1,0,0,0
817,Future Card Buddyfight,https://www.crunchyroll.com/future-card-buddyfight,https://img1.ak.crunchyroll.com/i/spire4/090e88123e52445c9a448513765058171528130169_full.jpg,12,20,4.2,action|sci-fi|shonen,2,0,2,4,12,1,0,0,0,0,0,0,0,0,0,0,0,0,0,0,0,0,0,0,0,1,0,0,0,1,0,0,0,0
818,Rowdy Sumo Wrestler Matsutaro,https://www.crunchyroll.com/rowdy-sumo-wrestler-matsutaro,https://img1.ak.crunchyroll.com/i/spire4/54f3322782c3fc6232d73494e9e187311396726961_full.jpg,23,20,3.8,action|comedy|shonen|sports,2,3,1,5,9,1,0,1,0,0,0,0,0,0,0,0,0,0,0,0,0,0,0,0,0,0,0,0,0,1,0,1,0,0
819,Sekko Boys,https://www.crunchyroll.com/sekko-boys,https://img1.ak.crunchyroll.com/i/spire2/8daff5155c710018730b35407b4fd8361452264828_full.jpg,12,20,3.65,comedy|idols|music|slice of life,2,1,4,8,5,0,0,1,0,0,0,0,0,0,0,1,0,0,0,0,0,1,0,0,0,0,0,0,0,0,1,0,0,0
820,elDLIVE,https://www.crunchyroll.com/eldlive,https://img1.ak.crunchyroll.com/i/spire2/879b1e0acbe28be5e028bcb38cde73751483868718_full.jpg,12,20,3.35,adventure|sci-fi,5,2,3,1,9,0,1,0,0,0,0,0,0,0,0,0,0,0,0,0,0,0,0,0,0,1,0,0,0,0,0,0,0,0
821,Lostorage incited WIXOSS,https://www.crunchyroll.com/lostorage-incited-wixoss,https://img1.ak.crunchyroll.com/i/spire1/1814a749cb1e3d4aaac27a7c4fbeab8c1525386214_full.jpg,24,20,3.3,drama|sci-fi|thriller,2,6,2,4,6,0,0,0,1,0,0,0,0,0,0,0,0,0,0,0,0,0,0,0,0,1,0,0,0,0,0,0,0,1
822,Military!,https://www.crunchyroll.com/military,https://img1.ak.crunchyroll.com/i/spire4/ed4dce19ca2ba9d41119f50240c557c71420578229_full.jpg,12,20,3.2,comedy,5,3,3,1,8,0,0,1,0,0,0,0,0,0,0,0,0,0,0,0,0,0,0,0,0,0,0,0,0,0,0,0,0,0
823,Last Period: the journey to the end of the despair,https://www.crunchyroll.com/last-period-the-journey-to-the-end-of-the-despair,https://img1.ak.crunchyroll.com/i/spire4/7df141756f34e93887e8f103458e8ebd1523306370_full.jpg,12,20,3.15,action|adventure|comedy|fantasy,5,3,2,4,6,1,1,1,0,0,1,0,0,0,0,0,0,0,0,0,0,0,0,0,0,0,0,0,0,0,0,0,0,0
824,Mahou Shoujo? Naria Girls,https://www.crunchyroll.com/mahou-shoujo-naria-girls,https://img1.ak.crunchyroll.com/i/spire3/802d1ecb13901df8b70d5f8f7ac4a1681468361048_full.jpg,12,20,2.55,comedy|fantasy|shojo,10,0,3,3,4,0,0,1,0,0,1,0,0,0,0,0,0,0,0,0,0,0,0,0,0,0,0,0,1,0,0,0,0,0
825,Schoolgirl Strikers,https://www.crunchyroll.com/schoolgirl-strikers,https://img1.ak.crunchyroll.com/i/spire3/234634f92d5388850e4b9328bc90b7541483654581_full.jpg,13,20,2.5,action|magical girls|sci-fi|supernatural,4,8,5,0,3,1,0,0,0,0,0,0,0,0,0,0,0,0,1,0,0,0,0,0,0,1,0,0,0,0,0,0,1,0
826,FOREST FAIRY FIVE,https://www.crunchyroll.com/forest-fairy-five,https://img1.ak.crunchyroll.com/i/spire3/532b88c174fa1767dca7f598e6873aca1483701646_full.jpg,25,20,2.2,fantasy,12,1,2,1,4,0,0,0,0,0,1,0,0,0,0,0,0,0,0,0,0,0,0,0,0,0,0,0,0,0,0,0,0,0
827,Hero,https://www.crunchyroll.com/hero2014,https://img1.ak.crunchyroll.com/i/spire4/05f93112d13621e19dcac04f2fe2dabf1413506134_full.jpg,12,19,4.84,,0,0,0,3,16,0,0,0,0,0,0,0,0,0,0,0,0,0,0,0,0,0,0,0,0,0,0,0,0,0,0,0,0,0
828,My Bride is a Mermaid,https://www.crunchyroll.com/my-bride-is-a-mermaid,https://img1.ak.crunchyroll.com/i/spire3/e1473118d07ceefff832277a81752a601413929883_full.jpg,26,19,4.79,,0,1,0,1,17,0,0,0,0,0,0,0,0,0,0,0,0,0,0,0,0,0,0,0,0,0,0,0,0,0,0,0,0,0
829,KAGEWANI,https://www.crunchyroll.com/kagewani,https://img1.ak.crunchyroll.com/i/spire3/eab753d7042ac8548c9b08a2cf0fa2961533925412_full.jpg,26,19,4.47,mystery|sci-fi|thriller,0,0,0,10,9,0,0,0,0,0,0,0,0,0,0,0,0,0,0,0,0,0,1,0,0,1,0,0,0,0,0,0,0,1
830,Gifu Dodo!! Kanetsugu and Keiji,https://www.crunchyroll.com/gifu-dodo-kanetsugu-and-keiji,https://img1.ak.crunchyroll.com/i/spire4/5eb3cfe7e591ae8e75576309adf309ef1372696861_full.jpg,25,19,4.21,action|historical,0,3,2,2,12,1,0,0,0,0,0,0,0,1,0,0,0,0,0,0,0,0,0,0,0,0,0,0,0,0,0,0,0,0
831,VOICE OF FOX,https://www.crunchyroll.com/voice-of-fox,https://img1.ak.crunchyroll.com/i/spire3/f7cdf17182ad1deb81b07a2aa09ffcc51539392387_full.jpg,12,19,4.11,drama|music|slice of life,0,2,4,3,10,0,0,0,1,0,0,0,0,0,0,0,0,0,0,0,0,1,0,0,0,0,0,0,0,0,1,0,0,0
832,Starlight Promises,https://www.crunchyroll.com/starlight-promises,https://img1.ak.crunchyroll.com/i/spire4/1f6073f87653b5f5bde8e2979902442c1533259324_full.jpg,1,19,4.11,drama|fantasy|historical|romance,1,0,2,9,7,0,0,0,1,0,1,0,0,1,0,0,0,0,0,0,0,0,0,0,1,0,0,0,0,0,0,0,0,0
833,DearS,https://www.crunchyroll.com/dears,https://img1.ak.crunchyroll.com/i/spire1/3ca54ee15c407636e98d13f707790fee1442437082_full.jpg,12,19,3.63,comedy|harem|romance|sci-fi,1,3,4,5,6,0,0,1,0,0,0,0,1,0,0,0,0,0,0,0,0,0,0,0,1,1,0,0,0,0,0,0,0,0
834,Mahou Shoujo Nante Mouiidesukara,https://www.crunchyroll.com/mahou-shoujo-nante-mouiidesukara,https://img1.ak.crunchyroll.com/i/spire2/7a9cceeb11bac434f192a5d3fec9002d1452527544_full.jpg,24,19,3.37,comedy|fantasy,2,3,6,2,6,0,0,1,0,0,1,0,0,0,0,0,0,0,0,0,0,0,0,0,0,0,0,0,0,0,0,0,0,0
835,Hakone-chan,https://www.crunchyroll.com/hakone-chan,https://img1.ak.crunchyroll.com/i/spire4/60b559ca2c66389922db79106804fd901444168030_full.jpg,13,19,3.0,comedy|slice of life|supernatural,2,4,7,4,2,0,0,1,0,0,0,0,0,0,0,0,0,0,0,0,0,0,0,0,0,0,0,0,0,0,1,0,1,0
836,LUPIN THE 3rd PART4,https://www.crunchyroll.com/lupin-the-3rd-part4,https://img1.ak.crunchyroll.com/i/spire1/ee2d3bb6a90a2c471c18a7eed18ff0691451338768_full.jpg,26,18,4.89,action|adventure|mystery|seinen,0,0,0,2,16,1,1,0,0,0,0,0,0,0,0,0,0,0,0,0,0,0,1,0,0,0,1,0,0,0,0,0,0,0
837,Muhyo & Roji's Bureau of Supernatural Investigation,https://www.crunchyroll.com/muhyo-rojis-bureau-of-supernatural-investigation,https://img1.ak.crunchyroll.com/i/spire3/8522d0abbd4217fc6b4628b1488577561533274977_full.jpg,12,18,4.06,mystery|supernatural,1,1,2,6,8,0,0,0,0,0,0,0,0,0,0,0,0,0,0,0,0,0,1,0,0,0,0,0,0,0,0,0,1,0
838,Magic-Kyun! Renaissance,https://www.crunchyroll.com/magic-kyun-renaissance,https://img1.ak.crunchyroll.com/i/spire4/215e97cf8b80fdb418aa951d66115b831475395441_full.jpg,13,18,4.0,music|romance|supernatural,1,1,5,1,10,0,0,0,0,0,0,0,0,0,0,0,0,0,0,0,0,1,0,0,1,0,0,0,0,0,0,0,1,0
839,Wakaba＊Girl,https://www.crunchyroll.com/wakabagirl,https://img1.ak.crunchyroll.com/i/spire1/bdf6b01f9886f309457610afd57b68a11435989267_full.jpg,13,18,4.0,comedy|slice of life,2,0,3,4,9,0,0,1,0,0,0,0,0,0,0,0,0,0,0,0,0,0,0,0,0,0,0,0,0,0,1,0,0,0
840,A Town Where You Live,https://www.crunchyroll.com/a-town-where-you-live,https://img1.ak.crunchyroll.com/i/spire2/31dc1c0b6e378e5669749abbf4a71aec1487126000_full.jpg,12,18,3.94,drama|romance|shonen,1,2,3,3,9,0,0,0,1,0,0,0,0,0,0,0,0,0,0,0,0,0,0,0,1,0,0,0,0,1,0,0,0,0
841,Libra of Nil Admirari,https://www.crunchyroll.com/libra-of-nil-admirari,https://img1.ak.crunchyroll.com/i/spire3/5593023cde14f81a84ae8e8ca6964a051523145238_full.jpg,12,18,3.94,historical|romance,0,2,3,7,6,0,0,0,0,0,0,0,0,1,0,0,0,0,0,0,0,0,0,0,1,0,0,0,0,0,0,0,0,0
842,Samurai Warriors,https://www.crunchyroll.com/samurai-warriors,https://img1.ak.crunchyroll.com/i/spire2/3df5cccdd49f9766b9333a3e2cbd2fd11420502310_full.jpg,13,18,3.78,action|fantasy|historical,0,3,4,5,6,1,0,0,0,0,1,0,0,1,0,0,0,0,0,0,0,0,0,0,0,0,0,0,0,0,0,0,0,0
843,FLCL,https://www.crunchyroll.com/flcl,https://img1.ak.crunchyroll.com/i/spire1/53cad05568080e3cb31eb079173066fb1558734837_full.jpg,12,18,3.67,action|comedy|drama|mecha|sci-fi,1,3,4,3,7,1,0,1,1,0,0,0,0,0,0,0,0,0,0,0,1,0,0,0,0,1,0,0,0,0,0,0,0,0
844,Monster Hunter Stories Ride On,https://www.crunchyroll.com/monster-hunter-stories-ride-on,https://img1.ak.crunchyroll.com/i/spire2/000e2f0af2df80a64a47657d308bbedf1475375144_full.jpg,12,18,3.17,adventure|fantasy,5,2,2,3,6,0,1,0,0,0,1,0,0,0,0,0,0,0,0,0,0,0,0,0,0,0,0,0,0,0,0,0,0,0
845,Fight League: Gear Gadget Generators,https://www.crunchyroll.com/fight-league-gear-gadget-generators,https://img1.ak.crunchyroll.com/i/spire1/8804d553f85126fbea78c35d6074e7e31550092881_full.jpg,26,18,3.11,action|mecha|sci-fi,3,3,4,5,3,1,0,0,0,0,0,0,0,0,0,0,0,0,0,0,1,0,0,0,0,1,0,0,0,0,0,0,0,0
846,HIMOTE HOUSE: A share house of super psychic girls,https://www.crunchyroll.com/himote-house-a-share-house-of-super-psychic-girls,https://img1.ak.crunchyroll.com/i/spire2/a8e0b8b7ea9561c724d8a3071507defd1538904451_full.jpg,12,18,2.67,comedy,8,0,2,6,2,0,0,1,0,0,0,0,0,0,0,0,0,0,0,0,0,0,0,0,0,0,0,0,0,0,0,0,0,0
847,The Irresponsible Galaxy Tylor,https://www.crunchyroll.com/the-irresponsible-galaxy-tylor,https://img1.ak.crunchyroll.com/i/spire3/e2f61fbb70a8cf068d7d4f70bde1e7551499847860_full.jpg,12,18,1.44,adventure|comedy|sci-fi,14,1,2,1,0,0,1,1,0,0,0,0,0,0,0,0,0,0,0,0,0,0,0,0,0,1,0,0,0,0,0,0,0,0
848,LUPIN THE 3rd PART 5,https://www.crunchyroll.com/lupin-the-3rd-part-5,https://img1.ak.crunchyroll.com/i/spire2/b2fe1fea206c6135c99c90b58f4cb9ee1532543336_full.jpg,24,17,4.88,action|adventure|mystery|seinen,0,0,0,2,15,1,1,0,0,0,0,0,0,0,0,0,0,0,0,0,0,0,1,0,0,0,1,0,0,0,0,0,0,0
849,The Case Files of Jeweler Richard,https://www.crunchyroll.com/the-case-files-of-jeweler-richard,https://img1.ak.crunchyroll.com/i/spire4/8aca9dd7b5ddc46d0bd367264edc42361578547124_full.jpg,11,17,4.76,drama|seinen|slice of life,0,0,1,2,14,0,0,0,1,0,0,0,0,0,0,0,0,0,0,0,0,0,0,0,0,0,1,0,0,0,1,0,0,0
850,Champion Joe 2,https://www.crunchyroll.com/champion-joe-2,https://img1.ak.crunchyroll.com/i/spire1/e22351e4714b72114c4bec1c22d275851529097161_full.jpg,47,17,4.76,action|drama|sports,0,1,0,1,15,1,0,0,1,0,0,0,0,0,0,0,0,0,0,0,0,0,0,0,0,0,0,0,0,0,0,1,0,0
851,Please Teacher!,https://www.crunchyroll.com/please-teacher,https://img1.ak.crunchyroll.com/i/spire4/82ba7d431322fb674dc41cba1b94ac3a1480447911_full.jpg,12,17,4.41,comedy|drama|romance|sci-fi,0,1,1,5,10,0,0,1,1,0,0,0,0,0,0,0,0,0,0,0,0,0,0,0,1,1,0,0,0,0,0,0,0,0
852,Samurai Jam-Bakumatsu Rock,https://www.crunchyroll.com/samurai-jam-bakumatsu-rock,https://img1.ak.crunchyroll.com/i/spire1/318890c82641999a0b2459972413e5e11404161454_full.jpg,12,17,4.29,action|comedy|drama|historical|idols|music|sci-fi,0,1,3,3,10,1,0,1,1,0,0,0,0,1,0,1,0,0,0,0,0,1,0,0,0,1,0,0,0,0,0,0,0,0
853,Gangsta.,https://www.crunchyroll.com/gangsta,https://img1.ak.crunchyroll.com/i/spire1/0bda0d44d3660d00eb04b016523a75c91436098942_full.jpg,12,17,4.29,action|drama|seinen,1,1,2,1,12,1,0,0,1,0,0,0,0,0,0,0,0,0,0,0,0,0,0,0,0,0,1,0,0,0,0,0,0,0
854,DD Fist of the North Star,https://www.crunchyroll.com/dd-fist-of-the-north-star,https://img1.ak.crunchyroll.com/i/spire1/cb9b38fa79ded7552a82b637ae4713171444266763_full.jpg,25,17,4.24,comedy|fantasy|shonen|slice of life,2,0,0,5,10,0,0,1,0,0,1,0,0,0,0,0,0,0,0,0,0,0,0,0,0,0,0,0,0,1,1,0,0,0
855,Blue Submarine No. 6,https://www.crunchyroll.com/blue-submarine-no-6,https://img1.ak.crunchyroll.com/i/spire2/be93d2ce509809e6a8404a8a43b6948a1433881746_full.jpg,12,17,3.47,action|drama|sci-fi,3,1,3,5,5,1,0,0,1,0,0,0,0,0,0,0,0,0,0,0,0,0,0,0,0,1,0,0,0,0,0,0,0,0
856,Mangirl!,https://www.crunchyroll.com/mangirl,https://img1.ak.crunchyroll.com/i/spire3/e64024a2ef4eb6c8bc4ce942b0544c571356627125_full.jpg,13,17,3.35,comedy|shonen,0,2,8,6,1,0,0,1,0,0,0,0,0,0,0,0,0,0,0,0,0,0,0,0,0,0,0,0,0,1,0,0,0,0
857,RWBY VOLUME 1-3: The Beginning,https://www.crunchyroll.com/rwby-volume-1-3-the-beginning-japanese-dub,https://img1.ak.crunchyroll.com/i/spire1/574add456582b87294130b10e2f1f72a1499433991_full.jpg,13,17,3.35,action|adventure|drama|fantasy|sci-fi,5,0,2,4,6,1,1,0,1,0,1,0,0,0,0,0,0,0,0,0,0,0,0,0,0,1,0,0,0,0,0,0,0,0
858,Majin Bone,https://www.crunchyroll.com/majin-bone,https://img1.ak.crunchyroll.com/i/spire2/0ba77ad51b68432952911659d1ab14ae1396374474_full.jpg,52,17,3.29,action|fantasy|isekai|shonen,3,2,5,1,6,1,0,0,0,0,1,0,0,0,0,0,1,0,0,0,0,0,0,0,0,0,0,0,0,1,0,0,0,0
859,Pikotaro no LULLABY LA LA BY,https://www.crunchyroll.com/pikotaros-lullaby-la-la-by,https://img1.ak.crunchyroll.com/i/spire3/8377c11c273d2736835c15ebfe69d79c1501721214_full.jpg,12,16,4.75,comedy|slice of life,1,0,0,0,15,0,0,1,0,0,0,0,0,0,0,0,0,0,0,0,0,0,0,0,0,0,0,0,0,0,1,0,0,0
860,ENDRO!,https://www.crunchyroll.com/endro,https://img1.ak.crunchyroll.com/i/spire3/ff283b0a2bb6e9372bbafa3704b25b101547258581_full.jpg,12,16,4.75,fantasy|slice of life,0,0,2,0,14,0,0,0,0,0,1,0,0,0,0,0,0,0,0,0,0,0,0,0,0,0,0,0,0,0,1,0,0,0
861,MOBILE SUIT GUNDAM THE ORIGIN Advent of the Red Comet,https://www.crunchyroll.com/mobile-suit-gundam-the-origin-advent-of-the-red-comet,https://img1.ak.crunchyroll.com/i/spire3/27a0fa24ce5ac917e489cc5f5284ea911561665891_full.jpg,13,16,4.69,action|mecha|sci-fi,0,0,1,3,12,1,0,0,0,0,0,0,0,0,0,0,0,0,0,0,1,0,0,0,0,1,0,0,0,0,0,0,0,0
862,MAJOR 2nd,https://www.crunchyroll.com/major-2nd,https://img1.ak.crunchyroll.com/i/spire3/931425db30c92009e04105b249e9906f1523049829_full.jpg,25,16,4.62,shonen|sports,0,0,1,4,11,0,0,0,0,0,0,0,0,0,0,0,0,0,0,0,0,0,0,0,0,0,0,0,0,1,0,1,0,0
863,Anima Yell!,https://www.crunchyroll.com/anima-yell,https://img1.ak.crunchyroll.com/i/spire1/78c95598d3ea3c1607c47ee25d5c04d71538904991_full.jpg,12,16,4.62,comedy|slice of life|sports,0,0,0,6,10,0,0,1,0,0,0,0,0,0,0,0,0,0,0,0,0,0,0,0,0,0,0,0,0,0,1,1,0,0
864,Hi-sCool! Seha Girls,https://www.crunchyroll.com/hi-scool-seha-girls,https://img1.ak.crunchyroll.com/i/spire1/c67abd71a903f65d1610cd26959e755e1412715434_full.jpg,13,16,4.31,comedy|slice of life,0,0,5,1,10,0,0,1,0,0,0,0,0,0,0,0,0,0,0,0,0,0,0,0,0,0,0,0,0,0,1,0,0,0
865,The Princess and the Pilot,https://www.crunchyroll.com/the-princess-and-the-pilot,https://img1.ak.crunchyroll.com/i/spire2/db7b52a0d83b926d4f3ebfa5c011521c1400029358_full.jpg,12,16,4.25,action|adventure|drama|romance,0,1,2,5,8,1,1,0,1,0,0,0,0,0,0,0,0,0,0,0,0,0,0,0,1,0,0,0,0,0,0,0,0,0
866,Crunchycast,https://www.crunchyroll.com/crunchycast,https://img1.ak.crunchyroll.com/i/spire3/efcc21cff14aab1c61ec1c6e9b6da8991568142186_full.jpg,12,16,4.19,,1,1,2,2,10,0,0,0,0,0,0,0,0,0,0,0,0,0,0,0,0,0,0,0,0,0,0,0,0,0,0,0,0,0
867,Z/X IGNITION,https://www.crunchyroll.com/zx-ignition,https://img1.ak.crunchyroll.com/i/spire1/4af1352dfef762a7f4ab95fd2263a83b1388891357_full.jpg,12,16,4.0,action|adventure|fantasy|shonen,0,1,4,5,6,1,1,0,0,0,1,0,0,0,0,0,0,0,0,0,0,0,0,0,0,0,0,0,0,1,0,0,0,0
868,Yu-Gi-Oh! ZEXAL,https://www.crunchyroll.com/yu-gi-oh-zexal,https://img1.ak.crunchyroll.com/i/spire2/2da12ed5b907017b6d52d4f8670270121416000119_full.jpg,12,16,4.0,action|fantasy|sci-fi|shonen|supernatural,2,1,2,1,10,1,0,0,0,0,1,0,0,0,0,0,0,0,0,0,0,0,0,0,0,1,0,0,0,1,0,0,1,0
869,Hackadoll THE ANIMATION,https://www.crunchyroll.com/hackadoll-the-animation,https://img1.ak.crunchyroll.com/i/spire1/72eef505e5a887ed969658ddbd7fbe781443658544_full.jpg,13,16,3.88,comedy,1,1,2,7,5,0,0,1,0,0,0,0,0,0,0,0,0,0,0,0,0,0,0,0,0,0,0,0,0,0,0,0,0,0
870,Gundam Build Divers,https://www.crunchyroll.com/gundam-build-divers,https://img1.ak.crunchyroll.com/i/spire3/c45b9e6f3a7da77892cc836f694ccfed1571077423_full.jpg,39,16,3.75,action|mecha|sci-fi|slice of life,1,1,5,3,6,1,0,0,0,0,0,0,0,0,0,0,0,0,0,0,1,0,0,0,0,1,0,0,0,0,1,0,0,0
871,Onara Goro,https://www.crunchyroll.com/onara-goro,https://img1.ak.crunchyroll.com/i/spire4/a6bf1ab5f4e7f5c26696847e784c46341510179280_full.jpg,11,16,3.56,comedy|slice of life,1,4,2,3,6,0,0,1,0,0,0,0,0,0,0,0,0,0,0,0,0,0,0,0,0,0,0,0,0,0,1,0,0,0
872,VIRTUALSAN - LOOKING,https://www.crunchyroll.com/virtualsan-looking,https://img1.ak.crunchyroll.com/i/spire3/294fd51bc99b780e6209896e3953d0a11547656234_full.jpg,12,16,3.12,comedy,4,3,1,3,5,0,0,1,0,0,0,0,0,0,0,0,0,0,0,0,0,0,0,0,0,0,0,0,0,0,0,0,0,0
873,Wagamama High Spec,https://www.crunchyroll.com/wagamama-high-spec,https://img1.ak.crunchyroll.com/i/spire2/0e1f695c5f3d9629d4b6b4b2cf93729f1460330137_full.jpg,12,16,2.62,comedy|slice of life,3,4,5,4,0,0,0,1,0,0,0,0,0,0,0,0,0,0,0,0,0,0,0,0,0,0,0,0,0,0,1,0,0,0
874,Taisho Mebiusline Chicchaisan,https://www.crunchyroll.com/taisho-mebiusline-chicchaisan,https://img1.ak.crunchyroll.com/i/spire4/c0c8705c5e8333f6d31e745bf8d929e91507940908_full.jpg,13,16,2.06,adventure|historical|supernatural,8,2,3,3,0,0,1,0,0,0,0,0,0,1,0,0,0,0,0,0,0,0,0,0,0,0,0,0,0,0,0,0,1,0
875,Outlaw Star,https://www.crunchyroll.com/outlaw-star,https://img1.ak.crunchyroll.com/i/spire1/f0c7ba741f97f78fda8e7fe316f4883d1532548260_full.jpg,12,15,4.73,,0,1,0,1,13,0,0,0,0,0,0,0,0,0,0,0,0,0,0,0,0,0,0,0,0,0,0,0,0,0,0,0,0,0
876,Ninja Girl & Samurai Master,https://www.crunchyroll.com/ninja-girl-samurai-master,https://img1.ak.crunchyroll.com/i/spire3/695cf883638f4953935df60d641457bb1493158401_full.jpg,79,15,4.67,action|adventure|comedy|historical,0,0,0,5,10,1,1,1,0,0,0,0,0,1,0,0,0,0,0,0,0,0,0,0,0,0,0,0,0,0,0,0,0,0
877,Tiger Mask W,https://www.crunchyroll.com/tiger-mask-w,https://img1.ak.crunchyroll.com/i/spire1/22034f45c0f40a0a1788fae815711a331475267038_full.jpg,38,15,4.67,action|drama|shonen|sports,0,0,0,5,10,1,0,0,1,0,0,0,0,0,0,0,0,0,0,0,0,0,0,0,0,0,0,0,0,1,0,1,0,0
878,JOKER,https://www.crunchyroll.com/joker,https://img1.ak.crunchyroll.com/i/spire3/78226a3af3a0c6cb83219f592e8f444e1459964362_full.jpg,52,15,4.4,adventure|comedy|mystery|shonen,0,0,2,5,8,0,1,1,0,0,0,0,0,0,0,0,0,0,0,0,0,0,1,0,0,0,0,0,0,1,0,0,0,0
879,Donyatsu,https://www.crunchyroll.com/donyatsu,https://img1.ak.crunchyroll.com/i/spire4/8f62e2477b04c56c1d8a0bcf2eddc1ba1425084853_full.jpg,12,15,4.33,comedy|post-apocalyptic,1,1,0,3,10,0,0,1,0,0,0,0,0,0,0,0,0,0,0,0,0,0,0,1,0,0,0,0,0,0,0,0,0,0
880,Tribe Cool Crew,https://www.crunchyroll.com/tribe-cool-crew,https://img1.ak.crunchyroll.com/i/spire1/138123a3f2f99a62701bf79a7b2e17f41411849923_full.jpg,50,15,4.27,action|comedy|slice of life|sports,1,0,1,5,8,1,0,1,0,0,0,0,0,0,0,0,0,0,0,0,0,0,0,0,0,0,0,0,0,0,1,1,0,0
881,Kyo Kara Maoh,https://www.crunchyroll.com/kyo-kara-maoh,https://img1.ak.crunchyroll.com/i/spire2/b06a81b50b4a26a0b8caeb750c371de11558417305_full.jpg,12,15,4.2,adventure|comedy|fantasy|harem|isekai|supernatural,3,0,0,0,12,0,1,1,0,0,1,0,1,0,0,0,1,0,0,0,0,0,0,0,0,0,0,0,0,0,0,0,1,0
882,Cardfight!! Vanguard Asia Circuit (Season 2),https://www.crunchyroll.com/cardfight-vanguard-asia-circuit-season-2,https://img1.ak.crunchyroll.com/i/spire2/f73fc48e2a2d66292ec3cbff43fdb6111345075318_full.jpg,12,15,4.13,,2,1,1,0,11,0,0,0,0,0,0,0,0,0,0,0,0,0,0,0,0,0,0,0,0,0,0,0,0,0,0,0,0,0
883,AMAZING STRANGER,https://www.crunchyroll.com/amazing-stranger,https://img1.ak.crunchyroll.com/i/spire4/397a5870401ef5d8ed6a7bf0e0fa804d1554507432_full.jpg,12,15,3.73,comedy|romance,3,0,1,5,6,0,0,1,0,0,0,0,0,0,0,0,0,0,0,0,0,0,0,0,1,0,0,0,0,0,0,0,0,0
884,Fullmetal Alchemist: The Conqueror of Shamballa,https://www.crunchyroll.com/fullmetal-alchemist-the-conqueror-of-shamballa,https://img1.ak.crunchyroll.com/i/spire3/a3508283e4fe7ad3c7659b052654490e1478092816_full.jpg,1,15,3.6,action|adventure|drama|fantasy|shonen,3,1,1,4,6,1,1,0,1,0,1,0,0,0,0,0,0,0,0,0,0,0,0,0,0,0,0,0,0,1,0,0,0,0
885,Yatogame-chan Kansatsu Nikki,https://www.crunchyroll.com/yatogame-chan-kansatsu-nikki,https://img1.ak.crunchyroll.com/i/spire2/ee684355f8eebb17e3dae6ade27934621554708530_full.jpg,23,15,3.2,comedy|shonen|slice of life,2,2,5,3,3,0,0,1,0,0,0,0,0,0,0,0,0,0,0,0,0,0,0,0,0,0,0,0,0,1,1,0,0,0
886,Mobile Suit Gundam Seed Destiny,https://www.crunchyroll.com/mobile-suit-gundam-seed-destiny,https://img1.ak.crunchyroll.com/i/spire4/b51c18650548c3b0da839a1b2f7e864d1529085500_full.jpg,50,15,3.0,action|mecha|sci-fi,3,3,4,1,4,1,0,0,0,0,0,0,0,0,0,0,0,0,0,0,1,0,0,0,0,1,0,0,0,0,0,0,0,0
887,Squishy! Black Clover,https://www.crunchyroll.com/squishy-black-clover,https://img1.ak.crunchyroll.com/i/spire2/46c54f7172c40ab99aa63c9200427a891580335831_full.jpg,8,15,2.8,action|comedy|fantasy|shonen,7,1,1,0,6,1,0,1,0,0,1,0,0,0,0,0,0,0,0,0,0,0,0,0,0,0,0,0,0,1,0,0,0,0
888,The Eccentric Family 2,https://www.crunchyroll.com/the-eccentric-family-2,https://img1.ak.crunchyroll.com/i/spire1/d4dc90fd4a8dac736cdd95c9236353591491511177_full.jpg,12,14,4.93,comedy|drama|fantasy|slice of life|supernatural,0,0,0,1,13,0,0,1,1,0,1,0,0,0,0,0,0,0,0,0,0,0,0,0,0,0,0,0,0,0,1,0,1,0
889,Yurikuma Arashi,https://www.crunchyroll.com/yurikuma-arashi,https://img1.ak.crunchyroll.com/i/spire1/232b78a7e4e10c28f9fcd2bb74b8b22a1420158390_full.jpg,12,14,4.71,comedy|drama|fantasy|romance|seinen|supernatural,0,0,1,2,11,0,0,1,1,0,1,0,0,0,0,0,0,0,0,0,0,0,0,0,1,0,1,0,0,0,0,0,1,0
890,Traveling Daru,https://www.crunchyroll.com/traveling-daru,https://img1.ak.crunchyroll.com/i/spire1/5eb2bd70dc533bf135264b94b6354f771343944850_full.jpg,12,14,4.64,adventure|comedy|slice of life,0,1,0,2,11,0,1,1,0,0,0,0,0,0,0,0,0,0,0,0,0,0,0,0,0,0,0,0,0,0,1,0,0,0
891,Mitchiri Neko,https://www.crunchyroll.com/mitchiri-neko,https://img1.ak.crunchyroll.com/i/spire2/df36a4d78ce8b599d40f325e7cc7349d1514516525_full.jpg,13,14,4.43,comedy|slice of life,0,1,1,3,9,0,0,1,0,0,0,0,0,0,0,0,0,0,0,0,0,0,0,0,0,0,0,0,0,0,1,0,0,0
892,Asteroid in Love,https://www.crunchyroll.com/asteroid-in-love,https://img1.ak.crunchyroll.com/i/spire2/70000feb0ad22a93e5fddaf9bd94b5a61577809020_full.jpg,12,14,4.36,comedy|romance|slice of life,1,0,1,3,9,0,0,1,0,0,0,0,0,0,0,0,0,0,0,0,0,0,0,0,1,0,0,0,0,0,1,0,0,0
893,Ultraman X,https://www.crunchyroll.com/ultraman-x,https://img1.ak.crunchyroll.com/i/spire3/a0e730a94fc4025e28a0a25c91b6be7c1437159955_full.jpg,24,14,4.29,,1,1,1,1,10,0,0,0,0,0,0,0,0,0,0,0,0,0,0,0,0,0,0,0,0,0,0,0,0,0,0,0,0,0
894,Cardfight!! Vanguard Link Joker (Season 3),https://www.crunchyroll.com/cardfight-vanguard-link-joker-season-3,https://img1.ak.crunchyroll.com/i/spire2/d4238eda889fcd1781fc21c83ab805581357683081_full.jpg,12,14,4.29,action,1,1,1,1,10,1,0,0,0,0,0,0,0,0,0,0,0,0,0,0,0,0,0,0,0,0,0,0,0,0,0,0,0,0
895,The Dragon Dentist,https://www.crunchyroll.com/the-dragon-dentist,https://img1.ak.crunchyroll.com/i/spire3/0387c0a9b146f5c28022531f01578e8a1487383801_full.jpg,2,14,4.21,action|adventure|fantasy|supernatural,1,1,1,2,9,1,1,0,0,0,1,0,0,0,0,0,0,0,0,0,0,0,0,0,0,0,0,0,0,0,0,0,1,0
896,Touken Ranbu - Hanamaru,https://www.crunchyroll.com/touken-ranbu-hanamaru,https://img1.ak.crunchyroll.com/i/spire3/5ef67627d2ce3a15eb9aa365fd8319371475618063_full.jpg,24,14,4.0,action|comedy|drama|fantasy|historical|slice of life,0,3,2,1,8,1,0,1,1,0,1,0,0,1,0,0,0,0,0,0,0,0,0,0,0,0,0,0,0,0,1,0,0,0
897,Tesagure! Bukatsumono,https://www.crunchyroll.com/tesagure-bukatsumono,https://img1.ak.crunchyroll.com/i/spire3/4ad64d902f920bef0d30d6d4496760b21428175588_full.jpg,36,14,3.86,comedy|slice of life,2,0,2,4,6,0,0,1,0,0,0,0,0,0,0,0,0,0,0,0,0,0,0,0,0,0,0,0,0,0,1,0,0,0
898,Crossing Time,https://www.crunchyroll.com/crossing-time,https://img1.ak.crunchyroll.com/i/spire4/0a87bda81e1bf231e22dbece79f5eb411523241970_full.jpg,12,14,3.86,comedy|romance|slice of life,1,0,3,6,4,0,0,1,0,0,0,0,0,0,0,0,0,0,0,0,0,0,0,0,1,0,0,0,0,0,1,0,0,0
899,Peeping Life TV Season 1??,https://www.crunchyroll.com/peeping-life-tv-season-1,https://img1.ak.crunchyroll.com/i/spire3/6262971e7e23cb4e86728545c9b172f71444046558_full.jpg,12,14,3.5,comedy,4,0,0,5,5,0,0,1,0,0,0,0,0,0,0,0,0,0,0,0,0,0,0,0,0,0,0,0,0,0,0,0,0,0
900,Nurse Witch KOMUGI R,https://www.crunchyroll.com/nurse-witch-komugi-r,https://img1.ak.crunchyroll.com/i/spire3/de3c5b50dee64c1144c977f678a208d41452039271_full.jpg,12,14,3.43,comedy|fantasy|idols,2,0,6,2,4,0,0,1,0,0,1,0,0,0,0,1,0,0,0,0,0,0,0,0,0,0,0,0,0,0,0,0,0,0
901,Cardfight!! Vanguard G,https://www.crunchyroll.com/cardfight-vanguard-g,https://img1.ak.crunchyroll.com/i/spire4/e3dd2d16dbb79f47aede6a4ea43cf2431507655985_full.jpg,12,14,3.43,action|comedy|drama,3,1,3,1,6,1,0,1,1,0,0,0,0,0,0,0,0,0,0,0,0,0,0,0,0,0,0,0,0,0,0,0,0,0
902,You Don't Know Gunma Yet,https://www.crunchyroll.com/you-dont-know-gunma-yet,https://img1.ak.crunchyroll.com/i/spire1/dc592cdaffe39ce24be6f822a55479371523077379_full.jpg,12,14,3.14,comedy|slice of life|thriller,4,1,0,7,2,0,0,1,0,0,0,0,0,0,0,0,0,0,0,0,0,0,0,0,0,0,0,0,0,0,1,0,0,1
903,OZMAFIA!!,https://www.crunchyroll.com/ozmafia,https://img1.ak.crunchyroll.com/i/spire4/23ef786bfb7b4666c9b94c57f830a59c1467752978_full.jpg,12,14,3.0,comedy|fantasy|romance|slice of life,3,3,2,3,3,0,0,1,0,0,1,0,0,0,0,0,0,0,0,0,0,0,0,0,1,0,0,0,0,0,1,0,0,0
904,HEYBOT!,https://www.crunchyroll.com/heybot,https://img1.ak.crunchyroll.com/i/spire3/398d07a0291f250929c2d37c278e85d61474071146_full.jpg,50,14,2.86,comedy|sci-fi,4,3,2,1,4,0,0,1,0,0,0,0,0,0,0,0,0,0,0,0,0,0,0,0,0,1,0,0,0,0,0,0,0,0
905,Anime Academy,https://www.crunchyroll.com/anime-academy,https://img1.ak.crunchyroll.com/i/spire2/28830c7c9062347c63f669a08b20ec941479245526_full.jpg,12,14,2.64,,8,0,0,1,5,0,0,0,0,0,0,0,0,0,0,0,0,0,0,0,0,0,0,0,0,0,0,0,0,0,0,0,0,0
906,Library War,https://www.crunchyroll.com/library-war,https://img1.ak.crunchyroll.com/i/spire4/a278138311c576d8575c0e0e87e760d51463183540_full.jpg,12,13,4.85,action|romance,0,0,0,2,11,1,0,0,0,0,0,0,0,0,0,0,0,0,0,0,0,0,0,0,1,0,0,0,0,0,0,0,0,0
907,MIX,https://www.crunchyroll.com/mix,https://img1.ak.crunchyroll.com/i/spire4/2f73165571579cd8cd87aad87fea64261555613008_full.jpg,12,13,4.85,shonen|sports,0,0,0,2,11,0,0,0,0,0,0,0,0,0,0,0,0,0,0,0,0,0,0,0,0,0,0,0,0,1,0,1,0,0
908,Crazy For Me,https://www.crunchyroll.com/crazy-for-me,https://img1.ak.crunchyroll.com/i/spire3/d217d70ad8b4a9c6153aa221dbfb01ee1428631818_full.jpg,12,13,4.69,comedy,0,1,0,1,11,0,0,1,0,0,0,0,0,0,0,0,0,0,0,0,0,0,0,0,0,0,0,0,0,0,0,0,0,0
909,Space Battleship Tiramisu,https://www.crunchyroll.com/space-battleship-tiramisu,https://img1.ak.crunchyroll.com/i/spire3/bcd100d7dfa2517d498d8910059533b91522646828_full.jpg,12,13,4.62,comedy|mecha|sci-fi|seinen|slice of life,0,0,2,1,10,0,0,1,0,0,0,0,0,0,0,0,0,0,0,0,1,0,0,0,0,1,1,0,0,0,1,0,0,0
910,Os Cavaleiros do Zodíaco - Saga de Hades,https://www.crunchyroll.com/saint-seiya-hades,https://img1.ak.crunchyroll.com/i/spire1/58d0209abe21f11da0fa61f13b49c04b1401840035_full.jpg,62,13,4.54,,0,1,1,1,10,0,0,0,0,0,0,0,0,0,0,0,0,0,0,0,0,0,0,0,0,0,0,0,0,0,0,0,0,0
911,Tabimachi Lateshow,https://www.crunchyroll.com/tabimachi-lateshow,https://img1.ak.crunchyroll.com/i/spire3/9bb4bfff9c611bb365a87c4b34176dd21452118832_full.jpg,4,13,4.54,drama|seinen|slice of life,0,0,1,4,8,0,0,0,1,0,0,0,0,0,0,0,0,0,0,0,0,0,0,0,0,0,1,0,0,0,1,0,0,0
912,IRYU - Team Medical Dragon,https://www.crunchyroll.com/iryu-team-medical-dragon,https://img1.ak.crunchyroll.com/i/spire2/cd256dba81ad96ff66959305044b131c1408830317_full.jpg,12,13,4.54,,0,0,0,6,7,0,0,0,0,0,0,0,0,0,0,0,0,0,0,0,0,0,0,0,0,0,0,0,0,0,0,0,0,0
913,Deltora Quest,https://www.crunchyroll.com/deltora-quest,https://img1.ak.crunchyroll.com/i/spire2/191f2fcf9647e189a22f88b3fc8994911448320338_full.jpg,12,13,4.46,adventure|fantasy,1,0,0,3,9,0,1,0,0,0,1,0,0,0,0,0,0,0,0,0,0,0,0,0,0,0,0,0,0,0,0,0,0,0
914,Wooser's Hand-to-Mouth Life,https://www.crunchyroll.com/woosers-hand-to-mouth-life,https://img1.ak.crunchyroll.com/i/spire4/8ab205b921e6879107d38327a241a78c1391046932_full.jpg,24,13,3.77,comedy|slice of life,0,2,4,2,5,0,0,1,0,0,0,0,0,0,0,0,0,0,0,0,0,0,0,0,0,0,0,0,0,0,1,0,0,0
915,Girl Friend BETA,https://www.crunchyroll.com/girl-friend-beta,https://img1.ak.crunchyroll.com/i/spire2/1f17c05c28b5aa27bd9a02f6a6d3dda01412914245_full.jpg,12,13,3.69,romance|slice of life,0,2,3,5,3,0,0,0,0,0,0,0,0,0,0,0,0,0,0,0,0,0,0,0,1,0,0,0,0,0,1,0,0,0
916,World Fool News,https://www.crunchyroll.com/world-fool-news,https://img1.ak.crunchyroll.com/i/spire2/4f788a99f291cb250e52b9da609374d01493158729_full.jpg,12,13,3.62,comedy|slice of life,1,2,2,4,4,0,0,1,0,0,0,0,0,0,0,0,0,0,0,0,0,0,0,0,0,0,0,0,0,0,1,0,0,0
917,Love Rice,https://www.crunchyroll.com/love-rice,https://img1.ak.crunchyroll.com/i/spire4/5da6a1f706dfc9243ccf0bea4a62ef471507941077_full.jpg,24,13,3.46,comedy|slice of life,1,3,3,1,5,0,0,1,0,0,0,0,0,0,0,0,0,0,0,0,0,0,0,0,0,0,0,0,0,0,1,0,0,0
918,Tenjho Tenge,https://www.crunchyroll.com/tenjho-tenge,https://img1.ak.crunchyroll.com/i/spire1/82811426d55fb8703b79014c6431381c1450389681_full.jpg,12,13,2.69,action|seinen|supernatural,4,3,0,5,1,1,0,0,0,0,0,0,0,0,0,0,0,0,0,0,0,0,0,0,0,0,1,0,0,0,0,0,1,0
919,Kaiba,https://www.crunchyroll.com/kaiba,https://img1.ak.crunchyroll.com/i/spire2/f2423a0362d8b51d6ffeee5a9805ba2d1557392387_full.jpg,12,12,5.0,adventure|drama|fantasy|romance|sci-fi,0,0,0,0,12,0,1,0,1,0,1,0,0,0,0,0,0,0,0,0,0,0,0,0,1,1,0,0,0,0,0,0,0,0
920,BONO BONO,https://www.crunchyroll.com/bono-bono,https://img1.ak.crunchyroll.com/i/spire2/9bb411260cdb1f1aaa61833e65b87bd21534369766_full.jpg,154,12,4.92,comedy|slice of life,0,0,0,1,11,0,0,1,0,0,0,0,0,0,0,0,0,0,0,0,0,0,0,0,0,0,0,0,0,0,1,0,0,0
921,Hikaru no Go,https://www.crunchyroll.com/hikaru-no-go,https://img1.ak.crunchyroll.com/i/spire2/e4e58e88a92c518dd61803f148f5dd031576204334_full.jpg,12,12,4.83,fantasy|sports,0,0,0,2,10,0,0,0,0,0,1,0,0,0,0,0,0,0,0,0,0,0,0,0,0,0,0,0,0,0,0,1,0,0
922,MARGINAL #4 the Animation,https://www.crunchyroll.com/marginal-4-the-animation,https://img1.ak.crunchyroll.com/i/spire4/3e476e829acba51349b6ac7f3ae379c71538080659_full.jpg,12,12,4.5,idols|slice of life,0,1,0,3,8,0,0,0,0,0,0,0,0,0,0,1,0,0,0,0,0,0,0,0,0,0,0,0,0,0,1,0,0,0
923,Miss Bernard said.,https://www.crunchyroll.com/miss-bernard-said,https://img1.ak.crunchyroll.com/i/spire3/85a0c35bab9f0775c2c30c7f970e77091475746204_full.jpg,12,12,4.42,comedy|slice of life,0,0,2,3,7,0,0,1,0,0,0,0,0,0,0,0,0,0,0,0,0,0,0,0,0,0,0,0,0,0,1,0,0,0
924,Cinderella Nine,https://www.crunchyroll.com/cinderella-nine,https://img1.ak.crunchyroll.com/i/spire2/4965b04951dbfd0e351b98ea363e32f61554598886_full.jpg,12,12,4.25,drama|slice of life|sports,0,1,3,0,8,0,0,0,1,0,0,0,0,0,0,0,0,0,0,0,0,0,0,0,0,0,0,0,0,0,1,1,0,0
925,Gunbuster 2,https://www.crunchyroll.com/gunbuster-2,https://img1.ak.crunchyroll.com/i/spire1/b36aeb542b05edc20c2f9c23b16c2c5c1442436804_full.jpg,12,12,4.25,action|drama|mecha|sci-fi,0,2,1,1,8,1,0,0,1,0,0,0,0,0,0,0,0,0,0,0,1,0,0,0,0,1,0,0,0,0,0,0,0,0
926,Koro Sensei Quest!,https://www.crunchyroll.com/koro-sensei-quest,https://img1.ak.crunchyroll.com/i/spire1/334f67c4ab46e80484a46e2400b2e78c1483641267_full.jpg,12,12,4.25,comedy|fantasy|shonen,1,0,2,1,8,0,0,1,0,0,1,0,0,0,0,0,0,0,0,0,0,0,0,0,0,0,0,0,0,1,0,0,0,0
927,Nyanbo!,https://www.crunchyroll.com/nyanbo,https://img1.ak.crunchyroll.com/i/spire1/c0e4062c697750b7a32757413989f75b1474913023_full.jpg,26,12,4.08,comedy|sci-fi,0,1,1,6,4,0,0,1,0,0,0,0,0,0,0,0,0,0,0,0,0,0,0,0,0,1,0,0,0,0,0,0,0,0
928,Null & Peta,https://www.crunchyroll.com/null-peta,https://img1.ak.crunchyroll.com/i/spire3/212f23abd84789d53c987a004a06803b1570171168_full.jpg,12,12,3.92,comedy|slice of life,1,2,1,1,7,0,0,1,0,0,0,0,0,0,0,0,0,0,0,0,0,0,0,0,0,0,0,0,0,0,1,0,0,0
929,"Ceres, Celestial Legend",https://www.crunchyroll.com/ceres-celestial-legend,https://img1.ak.crunchyroll.com/i/spire1/501f7297da90e3cfae79b092bb900bf31440803404_full.jpg,12,12,3.83,drama|romance|supernatural,0,2,3,2,5,0,0,0,1,0,0,0,0,0,0,0,0,0,0,0,0,0,0,0,1,0,0,0,0,0,0,0,1,0
930,Sorcery in the Big City,https://www.crunchyroll.com/sorcery-in-the-big-city,https://img1.ak.crunchyroll.com/i/spire2/33323d54b18748b5b792e686825089861512004169_full.jpg,1,12,3.75,action|adventure|fantasy|mystery|supernatural,0,3,2,2,5,1,1,0,0,0,1,0,0,0,0,0,0,0,0,0,0,0,1,0,0,0,0,0,0,0,0,0,1,0
931,DREAM FESTIVAL!,https://www.crunchyroll.com/dream-festival,https://img1.ak.crunchyroll.com/i/spire1/865b418af3b2d674b614fcac258e1e111507071133_full.jpg,24,12,3.67,drama|idols|music,2,1,2,1,6,0,0,0,1,0,0,0,0,0,0,1,0,0,0,0,0,1,0,0,0,0,0,0,0,0,0,0,0,0
932,Tantei Team KZ Jiken Note,https://www.crunchyroll.com/tantei-team-kz-jiken-note,https://img1.ak.crunchyroll.com/i/spire4/98528102f887e665b8b88892cf635ff01444172299_full.jpg,16,12,3.67,mystery,0,0,6,4,2,0,0,0,0,0,0,0,0,0,0,0,0,0,0,0,0,0,1,0,0,0,0,0,0,0,0,0,0,0
933,Butlers X Battlers,https://www.crunchyroll.com/butlers-x-battlers,https://img1.ak.crunchyroll.com/i/spire1/f7510d2e62fddf8d0705b5960cbe53511523422491_full.jpg,12,12,3.25,action|supernatural,1,3,4,0,4,1,0,0,0,0,0,0,0,0,0,0,0,0,0,0,0,0,0,0,0,0,0,0,0,0,0,0,1,0
934,This Boy Suffers from Crystallization,https://www.crunchyroll.com/this-boy-suffers-from-crystallization,https://img1.ak.crunchyroll.com/i/spire2/3cd537e2f436024b14dc920cf38822a71468358093_full.jpg,12,12,3.17,drama|fantasy|romance,1,3,4,1,3,0,0,0,1,0,1,0,0,0,0,0,0,0,0,0,0,0,0,0,1,0,0,0,0,0,0,0,0,0
935,Milpom,https://www.crunchyroll.com/milpom,https://img1.ak.crunchyroll.com/i/spire4/b8e1ba30781a55fe5fe4ea52bfa98c9b1529085652_full.jpg,6,12,2.67,comedy,4,1,3,3,1,0,0,1,0,0,0,0,0,0,0,0,0,0,0,0,0,0,0,0,0,0,0,0,0,0,0,0,0,0
936,Urawa no Usagi-chan,https://www.crunchyroll.com/urawa-no-usagi-chan,https://img1.ak.crunchyroll.com/i/spire4/e48952743146d7a28c427717decb57161428521407_full.jpg,12,12,2.58,comedy|slice of life,4,2,2,3,1,0,0,1,0,0,0,0,0,0,0,0,0,0,0,0,0,0,0,0,0,0,0,0,0,0,1,0,0,0
937,BAKUMATSU,https://www.crunchyroll.com/bakumatsu,https://img1.ak.crunchyroll.com/i/spire3/3c1de9ef7345de025c51ba20cfee30341542241298_full.jpg,24,12,2.33,action,5,3,1,1,2,1,0,0,0,0,0,0,0,0,0,0,0,0,0,0,0,0,0,0,0,0,0,0,0,0,0,0,0,0
938,Dr. Coto's Clinic,https://www.crunchyroll.com/dr-cotos-clinic,https://img1.ak.crunchyroll.com/i/spire2/5f455a54d4eeed2d6b38fdce978495e91433192043_full.jpg,12,11,5.0,,0,0,0,0,11,0,0,0,0,0,0,0,0,0,0,0,0,0,0,0,0,0,0,0,0,0,0,0,0,0,0,0,0,0
939,Detective vs Detectives,https://www.crunchyroll.com/detective-vs-detectives,https://img1.ak.crunchyroll.com/i/spire1/c4487de9413914e08bf08c8016e89dee1437090431_full.jpg,12,11,5.0,,0,0,0,0,11,0,0,0,0,0,0,0,0,0,0,0,0,0,0,0,0,0,0,0,0,0,0,0,0,0,0,0,0,0
940,Samurai Troopers,https://www.crunchyroll.com/samurai-troopers,https://img1.ak.crunchyroll.com/i/spire1/fd96acbcfeee61b1d14c46137889f7181482374034_full.jpg,12,11,4.91,action|adventure|drama|fantasy|historical|shonen|supernatural,0,0,0,1,10,1,1,0,1,0,1,0,0,1,0,0,0,0,0,0,0,0,0,0,0,0,0,0,0,1,0,0,1,0
941,Gundam Build Fighters,https://www.crunchyroll.com/gundam-build-fighters,https://img1.ak.crunchyroll.com/i/spire2/47362ca7ea9b03c780103068bb30864b1490213743_full.jpg,50,11,4.91,action|mecha|sci-fi|slice of life,0,0,0,1,10,1,0,0,0,0,0,0,0,0,0,0,0,0,0,0,1,0,0,0,0,1,0,0,0,0,1,0,0,0
942,Cromartie High School,https://www.crunchyroll.com/cromartie-high-school,https://img1.ak.crunchyroll.com/i/spire1/567d9d5078422e91c1c2e0eb1bec28dd1499982805_full.jpg,12,11,4.73,comedy|shonen,0,0,1,1,9,0,0,1,0,0,0,0,0,0,0,0,0,0,0,0,0,0,0,0,0,0,0,0,0,1,0,0,0,0
943,Oda Cinnamon Nobunaga,https://www.crunchyroll.com/oda-cinnamon-nobunaga,https://img1.ak.crunchyroll.com/i/spire3/55ba27bee6e6e81cc5165c7f99a5858e1578587860_full.jpg,11,11,4.64,comedy,0,0,2,0,9,0,0,1,0,0,0,0,0,0,0,0,0,0,0,0,0,0,0,0,0,0,0,0,0,0,0,0,0,0
944,Mobile Fighter G Gundam,https://www.crunchyroll.com/mobile-fighter-g-gundam,https://img1.ak.crunchyroll.com/i/spire4/9603d1d63886a4446e86860e0a304b271489008660_full.jpg,49,11,4.45,action|mecha|sci-fi,0,0,2,2,7,1,0,0,0,0,0,0,0,0,0,0,0,0,0,0,1,0,0,0,0,1,0,0,0,0,0,0,0,0
945,Magia Record: Puella Magi Madoka Magica Side Story,https://www.crunchyroll.com/magia-record-puella-magi-madoka-magica-side-story,https://img1.ak.crunchyroll.com/i/spire2/82643347ae12c3c80c8bec22fc5ce0511578705556_full.jpg,10,11,4.45,fantasy,0,1,1,1,8,0,0,0,0,0,1,0,0,0,0,0,0,0,0,0,0,0,0,0,0,0,0,0,0,0,0,0,0,0
946,Starmyu,https://www.crunchyroll.com/starmyu,https://img1.ak.crunchyroll.com/i/spire3/dd98d8806b2de8ec89f75f21f65863ed1491256671_full.jpg,24,11,4.36,comedy|idols|music|slice of life,1,0,0,3,7,0,0,1,0,0,0,0,0,0,0,1,0,0,0,0,0,1,0,0,0,0,0,0,0,0,1,0,0,0
947,ROOM CAMP,https://www.crunchyroll.com/room-camp,https://img1.ak.crunchyroll.com/i/spire4/2744897b39bed49f06fce0ccddd76ab61577931713_full.jpg,11,11,4.27,comedy|slice of life,0,2,0,2,7,0,0,1,0,0,0,0,0,0,0,0,0,0,0,0,0,0,0,0,0,0,0,0,0,0,1,0,0,0
948,Akagi (Drama),https://www.crunchyroll.com/akagi-drama,https://img1.ak.crunchyroll.com/i/spire4/c4a8a1fa13cfa6de257b624a40e248421437188761_full.jpg,10,11,4.27,,0,2,0,2,7,0,0,0,0,0,0,0,0,0,0,0,0,0,0,0,0,0,0,0,0,0,0,0,0,0,0,0,0,0
949,KING OF PRISM -Shiny Seven Stars-,https://www.crunchyroll.com/king-of-prism-shiny-seven-stars-,https://img1.ak.crunchyroll.com/i/spire3/64f33fa4db13a8bd798f87ea90bc187e1555304044_full.jpg,12,11,4.18,idols|music|sports,2,0,0,1,8,0,0,0,0,0,0,0,0,0,0,1,0,0,0,0,0,1,0,0,0,0,0,0,0,0,0,1,0,0
950,Robot Girls Z,https://www.crunchyroll.com/robot-girls-z,https://img1.ak.crunchyroll.com/i/spire3/337c0c4ddbc360b2dd4edc3b826189af1432160529_full.jpg,9,11,4.18,comedy|fantasy|mecha|sci-fi,1,0,2,1,7,0,0,1,0,0,1,0,0,0,0,0,0,0,0,0,1,0,0,0,0,1,0,0,0,0,0,0,0,0
951,Piacevole,https://www.crunchyroll.com/piacevole,https://img1.ak.crunchyroll.com/i/spire4/5e6137d212f3f7c80b51ecdfc480c6741484082868_full.jpg,12,11,4.09,comedy|slice of life,0,0,1,8,2,0,0,1,0,0,0,0,0,0,0,0,0,0,0,0,0,0,0,0,0,0,0,0,0,0,1,0,0,0
952,Our Home's Fox Deity,https://www.crunchyroll.com/our-homes-fox-deity,https://img1.ak.crunchyroll.com/i/spire1/0651678557dda311d257711108f4011d1359753911_full.jpg,12,11,4.09,comedy|drama|fantasy|slice of life|supernatural,0,0,2,6,3,0,0,1,1,0,1,0,0,0,0,0,0,0,0,0,0,0,0,0,0,0,0,0,0,0,1,0,1,0
953,ClassicaLoid,https://www.crunchyroll.com/classicaloid,https://img1.ak.crunchyroll.com/i/spire4/c269554bf4323fe75285e795c57e060a1475826088_full.jpg,25,11,3.91,comedy|music|sci-fi,1,1,2,1,6,0,0,1,0,0,0,0,0,0,0,0,0,0,0,0,0,1,0,0,0,1,0,0,0,0,0,0,0,0
954,Magical Somera-chan,https://www.crunchyroll.com/magical-somera-chan,https://img1.ak.crunchyroll.com/i/spire3/b866c2c6b15f76040b4685f3d03c4e971534192775_full.jpg,12,11,3.73,comedy,0,2,2,4,3,0,0,1,0,0,0,0,0,0,0,0,0,0,0,0,0,0,0,0,0,0,0,0,0,0,0,0,0,0
955,NINJA SLAYER FROM ANIMATION,https://www.crunchyroll.com/ninja-slayer-from-animation,https://img1.ak.crunchyroll.com/i/spire4/81bc8bda2e589889a7764bccc3de98ea1429152945_full.jpg,12,11,3.64,action|comedy|sci-fi|shonen,3,0,0,3,5,1,0,1,0,0,0,0,0,0,0,0,0,0,0,0,0,0,0,0,0,1,0,0,0,1,0,0,0,0
956,DEMIAN,https://www.crunchyroll.com/demian,https://img1.ak.crunchyroll.com/i/spire1/beb038207ac4d92814fce129e66f30431347493971_full.jpg,12,11,3.55,action|mecha|sci-fi,1,2,2,2,4,1,0,0,0,0,0,0,0,0,0,0,0,0,0,0,1,0,0,0,0,1,0,0,0,0,0,0,0,0
957,PES: Peace Eco Smile,https://www.crunchyroll.com/pes-peace-eco-smile,https://img1.ak.crunchyroll.com/i/spire2/b042f50ea0f0fc79ba8595a2bff6137b1341252556_full.jpg,12,11,3.0,,3,2,1,2,3,0,0,0,0,0,0,0,0,0,0,0,0,0,0,0,0,0,0,0,0,0,0,0,0,0,0,0,0,0
958,TWOCAR,https://www.crunchyroll.com/twocar,https://img1.ak.crunchyroll.com/i/spire1/90d16f1748906289cb4ff6b72565f2731507942341_full.jpg,12,11,2.55,action|seinen|sports,4,2,2,1,2,1,0,0,0,0,0,0,0,0,0,0,0,0,0,0,0,0,0,0,0,0,1,0,0,0,0,1,0,0
959,Wonder Momo,https://www.crunchyroll.com/wonder-momo,https://img1.ak.crunchyroll.com/i/spire3/afc892b4d9467953e5ed6318342908eb1391496006_full.jpg,5,11,2.27,action|idols|magical girls|sci-fi,3,4,3,0,1,1,0,0,0,0,0,0,0,0,0,1,0,0,1,0,0,0,0,0,0,1,0,0,0,0,0,0,0,0
960,Call to Cosplay,https://www.crunchyroll.com/call-to-cosplay,https://img1.ak.crunchyroll.com/i/spire1/85be42bff563308a8ace9c4ba04e33391424998316_full.jpg,12,11,2.0,,6,1,2,2,0,0,0,0,0,0,0,0,0,0,0,0,0,0,0,0,0,0,0,0,0,0,0,0,0,0,0,0,0,0
961,A Talk on Titan,https://www.crunchyroll.com/a-talk-on-titan,https://img1.ak.crunchyroll.com/i/spire2/e28548008241fd45210c9f91aca9ff9a1533331723_full.jpg,12,11,1.64,,9,0,0,1,1,0,0,0,0,0,0,0,0,0,0,0,0,0,0,0,0,0,0,0,0,0,0,0,0,0,0,0,0,0
962,We Rent Tsukumogami,https://www.crunchyroll.com/we-rent-tsukumogami,https://img1.ak.crunchyroll.com/i/spire4/8ea28471581ba584ff58478289ab7da41532130537_full.jpg,12,10,5.0,drama|fantasy|historical|romance|supernatural,0,0,0,0,10,0,0,0,1,0,1,0,0,1,0,0,0,0,0,0,0,0,0,0,1,0,0,0,0,0,0,0,1,0
963,Why Did You Come to Japan?,https://www.crunchyroll.com/why-did-you-come-to-japan,https://img1.ak.crunchyroll.com/i/spire2/3b165f987db6707344d46f17e1ee4f6b1545453213_full.jpg,12,10,5.0,,0,0,0,0,10,0,0,0,0,0,0,0,0,0,0,0,0,0,0,0,0,0,0,0,0,0,0,0,0,0,0,0,0,0
964,Flame of Recca,https://www.crunchyroll.com/flame-of-recca,https://img1.ak.crunchyroll.com/i/spire1/5f5c21cf320f33d1f3b744d5fedf9fe01454970355_full.jpg,12,10,5.0,action|adventure|shonen|supernatural,0,0,0,0,10,1,1,0,0,0,0,0,0,0,0,0,0,0,0,0,0,0,0,0,0,0,0,0,0,1,0,0,1,0
965,Book Girl,https://www.crunchyroll.com/book-girl,https://img1.ak.crunchyroll.com/i/spire4/b82dd5e91eab13e4e84b0e4f29a7f0f31401836783_full.jpg,1,10,4.9,drama|mystery|romance,0,0,0,1,9,0,0,0,1,0,0,0,0,0,0,0,0,0,0,0,0,0,1,0,1,0,0,0,0,0,0,0,0,0
966,Hard To Say I Love You,https://www.crunchyroll.com/hard-to-say-i-love-you,https://img1.ak.crunchyroll.com/i/spire2/88bd3d7c2bc1772957ed42832320e4c41414107803_full.jpg,12,10,4.7,,0,0,1,1,8,0,0,0,0,0,0,0,0,0,0,0,0,0,0,0,0,0,0,0,0,0,0,0,0,0,0,0,0,0
967,Princess Nine,https://www.crunchyroll.com/princess-nine,https://img1.ak.crunchyroll.com/i/spire3/01841c72255e626d806229593deab6c11451346445_full.jpg,12,10,4.6,action|drama|sports,0,1,0,1,8,1,0,0,1,0,0,0,0,0,0,0,0,0,0,0,0,0,0,0,0,0,0,0,0,0,0,1,0,0
968,Bludgeoning Angel Dokuro-chan,https://www.crunchyroll.com/bludgeoning-angel-dokuro-chan,https://img1.ak.crunchyroll.com/i/spire1/521e75fbff85f531097ea32ee0f792e31558455005_full.jpg,12,10,4.6,comedy|magical girls|romance,1,0,0,0,9,0,0,1,0,0,0,0,0,0,0,0,0,0,1,0,0,0,0,0,1,0,0,0,0,0,0,0,0,0
969,Full Metal Panic? Fumoffu,https://www.crunchyroll.com/full-metal-panic-fumoffu,https://img1.ak.crunchyroll.com/i/spire2/6767d172823d0b2508feef97da066f561508463937_full.jpg,12,10,4.6,action|comedy|mecha|slice of life,0,0,1,2,7,1,0,1,0,0,0,0,0,0,0,0,0,0,0,0,1,0,0,0,0,0,0,0,0,0,1,0,0,0
970,Jin Roh,https://www.crunchyroll.com/jin-roh,https://img1.ak.crunchyroll.com/i/spire2/314ddfd64d713ccd66a72f74543c65d81448937298_full.jpg,12,10,4.5,drama|romance|sci-fi|thriller,0,1,0,2,7,0,0,0,1,0,0,0,0,0,0,0,0,0,0,0,0,0,0,0,1,1,0,0,0,0,0,0,0,1
971,Hina Logic - from Luck & Logic,https://www.crunchyroll.com/hina-logic-from-luck-logic,https://img1.ak.crunchyroll.com/i/spire3/7be2331224b533070ad5afb5e89c2d521498254688_full.jpg,12,10,4.3,action|comedy|fantasy,0,0,2,3,5,1,0,1,0,0,1,0,0,0,0,0,0,0,0,0,0,0,0,0,0,0,0,0,0,0,0,0,0,0
972,Da Capo III,https://www.crunchyroll.com/da-capo-iii,https://img1.ak.crunchyroll.com/i/spire3/36977e781ac4b09317621b8b4984b6431357336262_full.jpg,13,10,4.3,comedy|drama|harem|romance,0,0,2,3,5,0,0,1,1,0,0,0,1,0,0,0,0,0,0,0,0,0,0,0,1,0,0,0,0,0,0,0,0,0
973,DRAGON COLLECTION,https://www.crunchyroll.com/dragon-collection,https://img1.ak.crunchyroll.com/i/spire3/715cacb6ef95464af34eb52be8ea28f31396811596_full.jpg,12,10,4.0,action|adventure|fantasy,1,1,1,1,6,1,1,0,0,0,1,0,0,0,0,0,0,0,0,0,0,0,0,0,0,0,0,0,0,0,0,0,0,0
974,ANISAVA,https://www.crunchyroll.com/anisava,https://img1.ak.crunchyroll.com/i/spire2/a134a3fc3acdcc487ae6c2770fd715861410310763_full.jpg,12,10,4.0,comedy|slice of life,1,0,1,4,4,0,0,1,0,0,0,0,0,0,0,0,0,0,0,0,0,0,0,0,0,0,0,0,0,0,1,0,0,0
975,Minami Kamakura High School Girls Cycling Club,https://www.crunchyroll.com/minami-kamakura-high-school-girls-cycling-club,https://img1.ak.crunchyroll.com/i/spire4/642b043fc0e0fecd7f301ce0725bc0971483178985_full.jpg,13,10,4.0,slice of life|sports,1,0,1,4,4,0,0,0,0,0,0,0,0,0,0,0,0,0,0,0,0,0,0,0,0,0,0,0,0,0,1,1,0,0
976,Ebiten,https://www.crunchyroll.com/ebiten,https://img1.ak.crunchyroll.com/i/spire3/daad9a54c269658d9641b833b675b40c1350075089_full.jpg,12,10,3.6,comedy|slice of life,2,0,2,2,4,0,0,1,0,0,0,0,0,0,0,0,0,0,0,0,0,0,0,0,0,0,0,0,0,0,1,0,0,0
977,Zombie Loan,https://www.crunchyroll.com/zombie-loan,https://img1.ak.crunchyroll.com/i/spire1/0850beb0468aa5fd1eb3d857a0c757641450749335_full.jpg,12,10,3.5,action|romance|supernatural|thriller,0,1,4,4,1,1,0,0,0,0,0,0,0,0,0,0,0,0,0,0,0,0,0,0,1,0,0,0,0,0,0,0,1,1
978,A Taste of Honey,https://www.crunchyroll.com/a-taste-of-honey,https://img1.ak.crunchyroll.com/i/spire1/e5c9c94582aa5e7da1f8b2eb280831601417459216_full.jpg,12,10,3.3,,3,1,0,2,4,0,0,0,0,0,0,0,0,0,0,0,0,0,0,0,0,0,0,0,0,0,0,0,0,0,0,0,0,0
979,Inuyasha,https://www.crunchyroll.com/inuyasha,https://img1.ak.crunchyroll.com/i/spire2/0a111c02b8ec030ff6ae9943782484601576043538_full.jpg,12,9,5.0,action|adventure|fantasy|romance,0,0,0,0,9,1,1,0,0,0,1,0,0,0,0,0,0,0,0,0,0,0,0,0,1,0,0,0,0,0,0,0,0,0
980,Samurai Pizza Cats,https://www.crunchyroll.com/samurai-pizza-cats,https://img1.ak.crunchyroll.com/i/spire4/11a76bac0946064a5aaf97942381bf2a1450988950_full.jpg,12,9,4.89,action|comedy|historical|sci-fi|shonen,0,0,0,1,8,1,0,1,0,0,0,0,0,1,0,0,0,0,0,0,0,0,0,0,0,1,0,0,0,1,0,0,0,0
981,Wild Mom,https://www.crunchyroll.com/wild-mom,https://img1.ak.crunchyroll.com/i/spire3/b3c19dbbcd5422bbcbe1d24c9a4bb6df1433194570_full.jpg,12,9,4.89,,0,0,0,1,8,0,0,0,0,0,0,0,0,0,0,0,0,0,0,0,0,0,0,0,0,0,0,0,0,0,0,0,0,0
982,Galileo,https://www.crunchyroll.com/galileo,https://img1.ak.crunchyroll.com/i/spire2/35cd48cd72c817a7b6d386adebde42ed1406838029_full.jpg,12,9,4.78,,0,0,0,2,7,0,0,0,0,0,0,0,0,0,0,0,0,0,0,0,0,0,0,0,0,0,0,0,0,0,0,0,0,0
983,Digimon Universe App Monsters,https://www.crunchyroll.com/digimon-universe-app-monsters,https://img1.ak.crunchyroll.com/i/spire2/ba814f4d03f4889fc80818119b116b211570840201_full.jpg,52,9,4.67,action|sci-fi,0,0,1,1,7,1,0,0,0,0,0,0,0,0,0,0,0,0,0,0,0,0,0,0,0,1,0,0,0,0,0,0,0,0
984,Always the Two of Us,https://www.crunchyroll.com/always-the-two-of-us,https://img1.ak.crunchyroll.com/i/spire1/cab98bf8719773801529793175fa02a51417459198_full.jpg,12,9,4.44,,0,0,1,3,5,0,0,0,0,0,0,0,0,0,0,0,0,0,0,0,0,0,0,0,0,0,0,0,0,0,0,0,0,0
985,Looking Up at the Half-Moon,https://www.crunchyroll.com/looking-up-at-the-half-moon,https://img1.ak.crunchyroll.com/i/spire1/c0e6bae5712199314801ffa78302823c1474405872_full.jpg,12,9,4.44,comedy|drama|romance,1,0,0,1,7,0,0,1,1,0,0,0,0,0,0,0,0,0,0,0,0,0,0,0,1,0,0,0,0,0,0,0,0,0
986,Ordinary Miracles,https://www.crunchyroll.com/ordinary-miracles,https://img1.ak.crunchyroll.com/i/spire2/779474fd9fc0cf1d59797fc3a68a36741427227717_full.jpg,12,9,4.33,,1,0,1,0,7,0,0,0,0,0,0,0,0,0,0,0,0,0,0,0,0,0,0,0,0,0,0,0,0,0,0,0,0,0
987,Shonen Ashibe GO! GO! Goma-chan,https://www.crunchyroll.com/shonen-ashibe-go-go-goma-chan,https://img1.ak.crunchyroll.com/i/spire4/c0763707da2f4aeae8ce78642a6248bd1532553588_full.jpg,120,9,4.33,adventure|comedy|slice of life,0,0,2,2,5,0,1,1,0,0,0,0,0,0,0,0,0,0,0,0,0,0,0,0,0,0,0,0,0,0,1,0,0,0
988,Chrono Crusade,https://www.crunchyroll.com/chrono-crusade,https://img1.ak.crunchyroll.com/i/spire3/d2ee96cf6cb36b452343bedcc216a8621529098728_full.jpg,12,9,4.22,action|adventure|drama|fantasy|romance|supernatural,0,0,1,5,3,1,1,0,1,0,1,0,0,0,0,0,0,0,0,0,0,0,0,0,1,0,0,0,0,0,0,0,1,0
989,Shamanic Princess,https://www.crunchyroll.com/shamanic-princess,https://img1.ak.crunchyroll.com/i/spire3/8f08b696dab5067e71ef1e3948fb58631382124974_full.jpg,12,9,3.67,action|drama|fantasy|magical girls|romance,0,2,2,2,3,1,0,0,1,0,1,0,0,0,0,0,0,0,1,0,0,0,0,0,1,0,0,0,0,0,0,0,0,0
990,Dimension High School,https://www.crunchyroll.com/dimension-high-school,https://img1.ak.crunchyroll.com/i/spire2/71eeb4b45b0ad12b409162322d4291771548973453_full.jpg,12,9,3.33,adventure|mystery,2,0,2,3,2,0,1,0,0,0,0,0,0,0,0,0,0,0,0,0,0,0,1,0,0,0,0,0,0,0,0,0,0,0
991,Million Arthur,https://www.crunchyroll.com/million-arthur,https://img1.ak.crunchyroll.com/i/spire3/81b58cbd75f2d2501f1f8af0202bacaf1555594918_full.jpg,12,9,3.0,adventure|fantasy,1,4,1,0,3,0,1,0,0,0,1,0,0,0,0,0,0,0,0,0,0,0,0,0,0,0,0,0,0,0,0,0,0,0
992,Ikemen Sengoku: Bromances Across Time,https://www.crunchyroll.com/ikemen-sengoku-bromances-across-time,https://img1.ak.crunchyroll.com/i/spire4/f0b2bc2e56d907f52c15e7ac5ead7c551499857083_full.jpg,12,8,5.0,comedy|historical|romance,0,0,0,0,8,0,0,1,0,0,0,0,0,1,0,0,0,0,0,0,0,0,0,0,1,0,0,0,0,0,0,0,0,0
993,Gakuen Alice,https://www.crunchyroll.com/gakuen-alice,https://img1.ak.crunchyroll.com/i/spire3/6930616e551edeb6b2e5ed84f393ec401487113107_full.jpg,12,8,5.0,comedy|shojo,0,0,0,0,8,0,0,1,0,0,0,0,0,0,0,0,0,0,0,0,0,0,0,0,0,0,0,0,1,0,0,0,0,0
994,Ghostwriter,https://www.crunchyroll.com/ghostwriter,https://img1.ak.crunchyroll.com/i/spire3/52c53764067f56df594793b3b24ca14c1438222793_full.jpg,12,8,5.0,,0,0,0,0,8,0,0,0,0,0,0,0,0,0,0,0,0,0,0,0,0,0,0,0,0,0,0,0,0,0,0,0,0,0
995,Martian Successor Nadesico,https://www.crunchyroll.com/martian-successor-nadesico,https://img1.ak.crunchyroll.com/i/spire4/97a20ba0c347e1b9f16ff4b205bf54a21511794165_full.jpg,12,8,5.0,comedy|mecha|sci-fi,0,0,0,0,8,0,0,1,0,0,0,0,0,0,0,0,0,0,0,0,1,0,0,0,0,1,0,0,0,0,0,0,0,0
996,PriPri Chi-chan!!,https://www.crunchyroll.com/pripri-chi-chan,https://img1.ak.crunchyroll.com/i/spire3/997cd2a0098ae8c69f927c4d9ddb9fc31492206312_full.jpg,12,8,5.0,comedy|sci-fi|shojo,0,0,0,0,8,0,0,1,0,0,0,0,0,0,0,0,0,0,0,0,0,0,0,0,0,1,0,0,1,0,0,0,0,0
997,Ultraman Geed,https://www.crunchyroll.com/ultraman-geed,https://img1.ak.crunchyroll.com/i/spire2/a5cba103977a415dfb3140a5e2cc73471499459585_full.jpg,26,8,4.88,action|fantasy|mecha|sci-fi,0,0,0,1,7,1,0,0,0,0,1,0,0,0,0,0,0,0,0,0,1,0,0,0,0,1,0,0,0,0,0,0,0,0
998,Angel Heart,https://www.crunchyroll.com/angel-heart,https://img1.ak.crunchyroll.com/i/spire1/f651debb0f7a41f394a0ca9efebf88581444430837_full.jpg,12,8,4.88,action,0,0,0,1,7,1,0,0,0,0,0,0,0,0,0,0,0,0,0,0,0,0,0,0,0,0,0,0,0,0,0,0,0,0
999,Shin Atashinchi,https://www.crunchyroll.com/shin-atashinchi,https://img1.ak.crunchyroll.com/i/spire1/f81ff79a711c6ffb290742cf86480fa51443057401_full.jpg,26,8,4.88,comedy|slice of life,0,0,0,1,7,0,0,1,0,0,0,0,0,0,0,0,0,0,0,0,0,0,0,0,0,0,0,0,0,0,1,0,0,0
1000,Power Office Girls 2013,https://www.crunchyroll.com/power-office-girls-2013,https://img1.ak.crunchyroll.com/i/spire4/b51d83b1cb4618e0c1b2bf055eeaf5ec1426643495_full.jpg,12,8,4.62,,0,0,0,3,5,0,0,0,0,0,0,0,0,0,0,0,0,0,0,0,0,0,0,0,0,0,0,0,0,0,0,0,0,0
1001,You Taught Me All the Precious Things,https://www.crunchyroll.com/you-taught-me-all-the-precious-things,https://img1.ak.crunchyroll.com/i/spire2/143ae0122296a820e50b31664964dfc71429655174_full.jpg,12,8,4.5,,0,0,1,2,5,0,0,0,0,0,0,0,0,0,0,0,0,0,0,0,0,0,0,0,0,0,0,0,0,0,0,0,0,0
1002,Kiitaro's yokai picture diary,https://www.crunchyroll.com/kiitaros-yokai-picture-diary,https://img1.ak.crunchyroll.com/i/spire3/4d785b710da19b4df4366eb36402dff61475673477_full.jpg,12,8,4.25,comedy|fantasy|supernatural,1,0,0,2,5,0,0,1,0,0,1,0,0,0,0,0,0,0,0,0,0,0,0,0,0,0,0,0,0,0,0,0,1,0
1003,Working Buddies!,https://www.crunchyroll.com/working-buddies,https://img1.ak.crunchyroll.com/i/spire2/3b08a3f3cc633034743b596e2727c1461515166825_full.jpg,25,8,4.25,comedy|slice of life,0,0,2,2,4,0,0,1,0,0,0,0,0,0,0,0,0,0,0,0,0,0,0,0,0,0,0,0,0,0,1,0,0,0
1004,"You're Being Summoned, Azazel",https://www.crunchyroll.com/youre-being-summoned-azazel,https://img1.ak.crunchyroll.com/i/spire3/641492583b657de3ba68b82903718f1a1462914624_full.jpg,12,8,4.25,comedy|fantasy|supernatural,1,0,0,2,5,0,0,1,0,0,1,0,0,0,0,0,0,0,0,0,0,0,0,0,0,0,0,0,0,0,0,0,1,0
1005,KOWABON,https://www.crunchyroll.com/kowabon,https://img1.ak.crunchyroll.com/i/spire4/290e141abdcdc83bde29f8e700ebbd051496110322_full.jpg,13,8,4.25,,0,0,2,2,4,0,0,0,0,0,0,0,0,0,0,0,0,0,0,0,0,0,0,0,0,0,0,0,0,0,0,0,0,0
1006,Mazinkaiser SKL,https://www.crunchyroll.com/mazinkaiser-skl,https://img1.ak.crunchyroll.com/i/spire4/441cfcd0c990451baee2584c60ee8b7b1363643590_full.jpg,12,8,4.12,action|adventure|mecha|sci-fi|shonen,0,1,1,2,4,1,1,0,0,0,0,0,0,0,0,0,0,0,0,0,1,0,0,0,0,1,0,0,0,1,0,0,0,0
1007,Ai-Mai-Mi Mousou Catastrophe,https://www.crunchyroll.com/ai-mai-mi-mousou-catastrophe,https://img1.ak.crunchyroll.com/i/spire1/76754ee3b0c6d5bc465631812b9569fc1404972910_full.jpg,12,8,3.88,comedy|slice of life,1,0,1,3,3,0,0,1,0,0,0,0,0,0,0,0,0,0,0,0,0,0,0,0,0,0,0,0,0,0,1,0,0,0
1008,The Nameko Families,https://www.crunchyroll.com/the-nameko-families,https://img1.ak.crunchyroll.com/i/spire1/4d7ef0fc83cac6a46acfe97cee9e5f241427844057_full.jpg,13,8,3.75,comedy|slice of life,1,0,2,2,3,0,0,1,0,0,0,0,0,0,0,0,0,0,0,0,0,0,0,0,0,0,0,0,0,0,1,0,0,0
1009,THE [email protected] CINDERELLA GIRLS Theater,https://www.crunchyroll.com/the-idolmster-cinderella-girls-theater,https://img1.ak.crunchyroll.com/i/spire4/405295b1714f7167db84da5b56c3b0cf1491293698_full.jpg,92,8,3.75,comedy|idols|music|slice of life,2,0,1,0,5,0,0,1,0,0,0,0,0,0,0,1,0,0,0,0,0,1,0,0,0,0,0,0,0,0,1,0,0,0
1010,GTO Taiwan,https://www.crunchyroll.com/gto-taiwan,https://img1.ak.crunchyroll.com/i/spire4/fcddee69c0ba92172edb0e48940af6cf1395522921_full.jpg,12,8,3.75,comedy,0,0,4,2,2,0,0,1,0,0,0,0,0,0,0,0,0,0,0,0,0,0,0,0,0,0,0,0,0,0,0,0,0,0
1011,TSUKIPRO THE ANIMATION,https://www.crunchyroll.com/tsukipro-the-animation,https://img1.ak.crunchyroll.com/i/spire1/d5f83364c0360f7085ebf9a190c7e2401507939393_full.jpg,13,8,3.75,idols|music|slice of life,0,1,1,5,1,0,0,0,0,0,0,0,0,0,0,1,0,0,0,0,0,1,0,0,0,0,0,0,0,0,1,0,0,0
1012,Twin Angels BREAK,https://www.crunchyroll.com/twin-angels-break,https://img1.ak.crunchyroll.com/i/spire2/d91bd4acd918bbc9db5bedbbd2b3b3101491522616_full.jpg,12,8,3.62,action|drama|magical girls|shonen|supernatural,1,0,2,3,2,1,0,0,1,0,0,0,0,0,0,0,0,0,1,0,0,0,0,0,0,0,0,0,0,1,0,0,1,0
1013,FINAL FANTASY XV: EPISODE ARDYN – PROLOGUE,https://www.crunchyroll.com/final-fantasy-xv-episode-ardyn-prologue,https://img1.ak.crunchyroll.com/i/spire1/440fe475df96e973666eedd65bf167be1550299422_full.jpg,1,8,3.5,action|adventure|drama|fantasy,1,1,2,1,3,1,1,0,1,0,1,0,0,0,0,0,0,0,0,0,0,0,0,0,0,0,0,0,0,0,0,0,0,0
1014,Jubei-chan: The Ninja Girl,https://www.crunchyroll.com/jubei-chan-the-ninja-girl,https://img1.ak.crunchyroll.com/i/spire3/a8a561d04e4a96498fb74ee69217c3141377557036_full.jpg,12,8,3.5,action|adventure|comedy|drama|shonen,1,1,2,1,3,1,1,1,1,0,0,0,0,0,0,0,0,0,0,0,0,0,0,0,0,0,0,0,0,1,0,0,0,0
1015,BAKUMATSU GIJINDEN ROMAN,https://www.crunchyroll.com/bakumatsu-gijinden-roman,https://img1.ak.crunchyroll.com/i/spire4/6faa30dc2ed522aa437390f96a9f64d21357328815_full.jpg,12,8,3.38,action|drama|romance|sci-fi,1,1,2,2,2,1,0,0,1,0,0,0,0,0,0,0,0,0,0,0,0,0,0,0,1,1,0,0,0,0,0,0,0,0
1016,Shiratori Reiko,https://www.crunchyroll.com/shiratori-reiko,https://img1.ak.crunchyroll.com/i/spire1/127d54635ab0db1fb7df349314514fcb1453736719_full.jpg,12,8,3.38,,1,1,2,2,2,0,0,0,0,0,0,0,0,0,0,0,0,0,0,0,0,0,0,0,0,0,0,0,0,0,0,0,0,0
1017,DNA^2,https://www.crunchyroll.com/dna2,https://img1.ak.crunchyroll.com/i/spire3/83695d770134d324a248ab3d126f0faa1432771728_full.jpg,12,8,3.38,action|comedy|romance|sci-fi,2,0,1,3,2,1,0,1,0,0,0,0,0,0,0,0,0,0,0,0,0,0,0,0,1,1,0,0,0,0,0,0,0,0
1018,Peacemaker,https://www.crunchyroll.com/peacemaker,https://img1.ak.crunchyroll.com/i/spire4/5b1e4914662ca560eba772ff640a67751501475554_full.jpg,12,8,2.88,,3,0,1,3,1,0,0,0,0,0,0,0,0,0,0,0,0,0,0,0,0,0,0,0,0,0,0,0,0,0,0,0,0,0
1019,Shining Tears X Wind,https://www.crunchyroll.com/shining-tears-x-wind,https://img1.ak.crunchyroll.com/i/spire1/54f698d9000be859b99a321a2a2452311499978792_full.jpg,12,8,2.62,action|adventure|fantasy,2,2,2,1,1,1,1,0,0,0,1,0,0,0,0,0,0,0,0,0,0,0,0,0,0,0,0,0,0,0,0,0,0,0
1020,Rainy Cocoa sideG,https://www.crunchyroll.com/rainy-cocoa-sideg,https://img1.ak.crunchyroll.com/i/spire2/c0ffae7b12d7900efed7c989734638761546916552_full.jpg,12,8,1.88,comedy|slice of life,4,2,1,1,0,0,0,1,0,0,0,0,0,0,0,0,0,0,0,0,0,0,0,0,0,0,0,0,0,0,1,0,0,0
1021,Group Watch,https://www.crunchyroll.com/group-watch,https://img1.ak.crunchyroll.com/i/spire1/ee831fe66e152e763c16c2ef176a70131456264614_full.jpg,12,7,5.0,,0,0,0,0,7,0,0,0,0,0,0,0,0,0,0,0,0,0,0,0,0,0,0,0,0,0,0,0,0,0,0,0,0,0
1022,Desperate Motherhood,https://www.crunchyroll.com/desperate-motherhood,https://img1.ak.crunchyroll.com/i/spire1/29b8bb1265855b0cf48fe5b81b1ffed41415231792_full.jpg,12,7,5.0,,0,0,0,0,7,0,0,0,0,0,0,0,0,0,0,0,0,0,0,0,0,0,0,0,0,0,0,0,0,0,0,0,0,0
1023,Hikakin Beatbox,https://www.crunchyroll.com/hikakin-beatbox,https://img1.ak.crunchyroll.com/i/spire2/57e4519a0fdb990aa455ba4e570741111280197297_full.jpg,12,7,5.0,,0,0,0,0,7,0,0,0,0,0,0,0,0,0,0,0,0,0,0,0,0,0,0,0,0,0,0,0,0,0,0,0,0,0
1024,Kimagure Orange Road,https://www.crunchyroll.com/kimagure-orange-road,https://img1.ak.crunchyroll.com/i/spire1/a4f4c48113caf977abbb6cc4ddfeaa4f1558036604_full.jpg,12,7,5.0,action|comedy|drama|romance|supernatural,0,0,0,0,7,1,0,1,1,0,0,0,0,0,0,0,0,0,0,0,0,0,0,0,1,0,0,0,0,0,0,0,1,0
1025,Zapuni,https://www.crunchyroll.com/zapuni,https://img1.ak.crunchyroll.com/i/spire3/d1a01eb24de54b08c7507220b8e567701362765044_full.jpg,12,7,4.86,,0,0,0,1,6,0,0,0,0,0,0,0,0,0,0,0,0,0,0,0,0,0,0,0,0,0,0,0,0,0,0,0,0,0
1026,Gakuen Heaven,https://www.crunchyroll.com/gakuen-heaven,https://img1.ak.crunchyroll.com/i/spire3/99cbdb6862df3d98351d43cb6afdf7201470133128_full.jpg,12,7,4.86,comedy|drama|harem|romance|slice of life,0,0,0,1,6,0,0,1,1,0,0,0,1,0,0,0,0,0,0,0,0,0,0,0,1,0,0,0,0,0,1,0,0,0
1027,Marmalade Boy,https://www.crunchyroll.com/marmalade-boy,https://img1.ak.crunchyroll.com/i/spire2/b062a3850315a43ae2eb1389541acb761581484715_full.jpg,76,7,4.86,,0,0,0,1,6,0,0,0,0,0,0,0,0,0,0,0,0,0,0,0,0,0,0,0,0,0,0,0,0,0,0,0,0,0
1028,Tsukimonogatari,https://www.crunchyroll.com/tsukimonogatari,https://img1.ak.crunchyroll.com/i/spire3/d30c35a7e579848a8e92e338218f57c81429224923_full.jpg,1,7,4.86,action|comedy|drama|fantasy|harem|supernatural,0,0,0,1,6,1,0,1,1,0,1,0,1,0,0,0,0,0,0,0,0,0,0,0,0,0,0,0,0,0,0,0,1,0
1029,The Prince of Tennis II OVA vs Genius 10,https://www.crunchyroll.com/the-prince-of-tennis-ii-ova-vs-genius-10,https://img1.ak.crunchyroll.com/i/spire2/07ffd09d6983a3080b411232c359f9661434056949_full.jpg,10,7,4.71,action|drama|shonen|sports,0,0,1,0,6,1,0,0,1,0,0,0,0,0,0,0,0,0,0,0,0,0,0,0,0,0,0,0,0,1,0,1,0,0
1030,Mobile Suit Gundam Wing - Endless Waltz,https://www.crunchyroll.com/mobile-suit-gundam-wing-endless-waltz,https://img1.ak.crunchyroll.com/i/spire2/e64bf81f4a7d81127341d1ccdc0a30061490903290_full.jpg,1,7,4.71,action|mecha|sci-fi,0,0,1,0,6,1,0,0,0,0,0,0,0,0,0,0,0,0,0,0,1,0,0,0,0,1,0,0,0,0,0,0,0,0
1031,Honey and Clover,https://www.crunchyroll.com/honey-and-clover,https://img1.ak.crunchyroll.com/i/spire2/6f56e4bdd5113cf6ef57a6c2ba49761c1557807160_full.jpg,12,7,4.71,comedy|drama|romance|slice of life,0,0,1,0,6,0,0,1,1,0,0,0,0,0,0,0,0,0,0,0,0,0,0,0,1,0,0,0,0,0,1,0,0,0
1032,Anonymous Noise,https://www.crunchyroll.com/anonymous-noise,https://img1.ak.crunchyroll.com/i/spire1/e9f0d47f4b251b7930041512422320091491850664_full.jpg,12,7,4.71,drama|music|romance,0,0,0,2,5,0,0,0,1,0,0,0,0,0,0,0,0,0,0,0,0,1,0,0,1,0,0,0,0,0,0,0,0,0
1033,Big Windup! 2,https://www.crunchyroll.com/big-windup-2,https://img1.ak.crunchyroll.com/i/spire4/dda768acb7c08635d4127ec55da3aaee1511794113_full.jpg,12,7,4.71,drama|sports,0,0,1,0,6,0,0,0,1,0,0,0,0,0,0,0,0,0,0,0,0,0,0,0,0,0,0,0,0,0,0,1,0,0
1034,KAIJU GIRLS,https://www.crunchyroll.com/kaiju-girls,https://img1.ak.crunchyroll.com/i/spire1/92eef3342009dfc3ffe1d46dad8677561474921698_full.jpg,24,7,4.57,comedy|fantasy|sci-fi,0,0,1,1,5,0,0,1,0,0,1,0,0,0,0,0,0,0,0,0,0,0,0,0,0,1,0,0,0,0,0,0,0,0
1035,Brave Beats,https://www.crunchyroll.com/brave-beats,https://img1.ak.crunchyroll.com/i/spire2/464752389742141621c5d8e4f84323cc1444425970_full.jpg,22,7,4.43,music|sci-fi,0,1,0,1,5,0,0,0,0,0,0,0,0,0,0,0,0,0,0,0,0,1,0,0,0,1,0,0,0,0,0,0,0,0
1036,Ghost Slayers Ayashi,https://www.crunchyroll.com/ghost-slayers-ayashi,https://img1.ak.crunchyroll.com/i/spire3/8097f5e3b747db4d707dca618d035e241367626825_full.jpg,12,7,4.43,adventure|drama|historical|supernatural,0,0,0,4,3,0,1,0,1,0,0,0,0,1,0,0,0,0,0,0,0,0,0,0,0,0,0,0,0,0,0,0,1,0
1037,Karate Girl,https://www.crunchyroll.com/karate-girl,https://img1.ak.crunchyroll.com/i/spire4/6d677b6757005db3f6d283c9be5785501351104092_full.jpg,12,7,4.43,action|martial arts|thriller,0,0,1,2,4,1,0,0,0,0,0,0,0,0,0,0,0,0,0,1,0,0,0,0,0,0,0,0,0,0,0,0,0,1
1038,Nagasarete Airanto,https://www.crunchyroll.com/nagasarete-airanto,https://img1.ak.crunchyroll.com/i/spire1/b39fdfcf4d57bc7680465f99bd1e442e1557793223_full.jpg,12,7,4.29,harem|romance,1,0,0,1,5,0,0,0,0,0,0,0,1,0,0,0,0,0,0,0,0,0,0,0,1,0,0,0,0,0,0,0,0,0
1039,Thermae Romae,https://www.crunchyroll.com/thermae-romae,https://img1.ak.crunchyroll.com/i/spire3/64f47893fb1fb8cfac30cfad33b2dade1560405160_full.jpg,12,7,4.29,comedy|historical|isekai|seinen|slice of life,0,1,0,2,4,0,0,1,0,0,0,0,0,1,0,0,1,0,0,0,0,0,0,0,0,0,1,0,0,0,1,0,0,0
1040,Ai-Mai-Mi Surgical Friends,https://www.crunchyroll.com/ai-mai-mi-surgical-friends,https://img1.ak.crunchyroll.com/i/spire1/553a345224ffe6e92bbf9ed5f8299c001483469435_full.jpg,12,7,3.86,comedy|slice of life,1,0,2,0,4,0,0,1,0,0,0,0,0,0,0,0,0,0,0,0,0,0,0,0,0,0,0,0,0,0,1,0,0,0
1041,Late night! The Genius Bakabon,https://www.crunchyroll.com/late-night-the-genius-bakabon,https://img1.ak.crunchyroll.com/i/spire1/e9e2e44446dcc49fec0ccaec5d824ba01531187069_full.jpg,12,7,3.86,comedy|slice of life,1,0,1,2,3,0,0,1,0,0,0,0,0,0,0,0,0,0,0,0,0,0,0,0,0,0,0,0,0,0,1,0,0,0
1042,Earl and Fairy,https://www.crunchyroll.com/earl-and-fairy,https://img1.ak.crunchyroll.com/i/spire1/88549aa4b1394159c05c1a44e621b7f81519767074_full.jpg,12,7,3.71,adventure|drama|harem|historical|romance,1,0,2,1,3,0,1,0,1,0,0,0,1,1,0,0,0,0,0,0,0,0,0,0,1,0,0,0,0,0,0,0,0,0
1043,Cardfight!! Vanguard Legion Mate (Season 4),https://www.crunchyroll.com/cardfight-vanguard-legion-mate-season-4,https://img1.ak.crunchyroll.com/i/spire1/efb1d1ee51647da5c1b0d72219480c611395413292_full.jpg,12,7,3.71,action,2,0,0,1,4,1,0,0,0,0,0,0,0,0,0,0,0,0,0,0,0,0,0,0,0,0,0,0,0,0,0,0,0,0
1044,Welcome to the JAPARI PARK,https://www.crunchyroll.com/welcome-to-the-japari-park,https://img1.ak.crunchyroll.com/i/spire3/29b2e42e3615db7dd8286cebc6b57d071539992405_full.jpg,24,7,3.57,,2,0,0,2,3,0,0,0,0,0,0,0,0,0,0,0,0,0,0,0,0,0,0,0,0,0,0,0,0,0,0,0,0,0
1045,Anime Recap,https://www.crunchyroll.com/anime-recap,https://img1.ak.crunchyroll.com/i/spire2/f3f1474c4ddf205190d4219fe50050411523923478_full.jpg,12,7,3.57,,1,2,0,0,4,0,0,0,0,0,0,0,0,0,0,0,0,0,0,0,0,0,0,0,0,0,0,0,0,0,0,0,0,0
1046,Idol Incidents,https://www.crunchyroll.com/idol-incidents,https://img1.ak.crunchyroll.com/i/spire4/446694d176bb4a7ddd7299d177d9d10b1487188471_full.jpg,12,7,3.43,idols|music,0,2,1,3,1,0,0,0,0,0,0,0,0,0,0,1,0,0,0,0,0,1,0,0,0,0,0,0,0,0,0,0,0,0
1047,HEROBANK,https://www.crunchyroll.com/herobank,https://img1.ak.crunchyroll.com/i/spire1/3b6f8a8ad1a1db4ceeefa922059caa8e1529088117_full.jpg,12,7,3.14,action|sci-fi,2,1,1,0,3,1,0,0,0,0,0,0,0,0,0,0,0,0,0,0,0,0,0,0,0,1,0,0,0,0,0,0,0,0
1048,SD GUNDAM WORLD SANGOKU SOKETSUDEN,https://www.crunchyroll.com/sd-gundam-world-sangoku-soketsuden,https://img1.ak.crunchyroll.com/i/spire2/50aad1dab4778d9fce6a2addaa29b3e61564101857_full.jpg,7,7,2.86,action|adventure|mecha|shonen,3,0,1,1,2,1,1,0,0,0,0,0,0,0,0,0,0,0,0,0,1,0,0,0,0,0,0,0,0,1,0,0,0,0
1049,Pastel Memories,https://www.crunchyroll.com/pastel-memories,https://img1.ak.crunchyroll.com/i/spire1/28d0474e5cb2b17fbd4f9764b65e19b61549060465_full.jpg,11,7,2.71,comedy|sci-fi|slice of life,2,2,1,0,2,0,0,1,0,0,0,0,0,0,0,0,0,0,0,0,0,0,0,0,0,1,0,0,0,0,1,0,0,0
1050,Million Doll,https://www.crunchyroll.com/million-doll,https://img1.ak.crunchyroll.com/i/spire1/801bfebed57afb72d0bd21d26f62d5c11436314465_full.jpg,12,7,2.43,idols|music,1,3,2,1,0,0,0,0,0,0,0,0,0,0,0,1,0,0,0,0,0,1,0,0,0,0,0,0,0,0,0,0,0,0
1051,Nazotokine,https://www.crunchyroll.com/nazotokine,https://img1.ak.crunchyroll.com/i/spire3/a13856557a3fa685fd12f85dab3c783b1475669513_full.jpg,12,7,1.57,comedy|drama|isekai|sci-fi,4,2,1,0,0,0,0,1,1,0,0,0,0,0,0,0,1,0,0,0,0,0,0,0,0,1,0,0,0,0,0,0,0,0
1052,Lupin the Third Part 2,https://www.crunchyroll.com/lupin-the-third-part-2,https://img1.ak.crunchyroll.com/i/spire1/82881adcf7f2a64d0dae74af5e26f8591433555531_full.jpg,12,6,5.0,action|adventure|mystery|seinen,0,0,0,0,6,1,1,0,0,0,0,0,0,0,0,0,0,0,0,0,0,0,1,0,0,0,1,0,0,0,0,0,0,0
1053,Emma: A Victorian Romance,https://www.crunchyroll.com/emma-a-victorian-romance,https://img1.ak.crunchyroll.com/i/spire2/791e078dfc20f570d46808ca9819b6dc1536107211_full.jpg,12,6,4.67,drama|historical|romance,0,0,1,0,5,0,0,0,1,0,0,0,0,1,0,0,0,0,0,0,0,0,0,0,1,0,0,0,0,0,0,0,0,0
1054,Ultraman Gaia,https://www.crunchyroll.com/ultraman-gaia,https://img1.ak.crunchyroll.com/i/spire2/87b0749b792e2dd31aace51741ec884f1455072767_full.jpg,12,6,4.67,,0,0,1,0,5,0,0,0,0,0,0,0,0,0,0,0,0,0,0,0,0,0,0,0,0,0,0,0,0,0,0,0,0,0
1055,True Tears,https://www.crunchyroll.com/true-tears,https://img1.ak.crunchyroll.com/i/spire2/f3396572ad217714911c0b9d0ebc763a1499980478_full.jpg,12,6,4.67,drama|romance|slice of life,0,0,0,2,4,0,0,0,1,0,0,0,0,0,0,0,0,0,0,0,0,0,0,0,1,0,0,0,0,0,1,0,0,0
1056,Anisong Station,https://www.crunchyroll.com/anisong-station,https://img1.ak.crunchyroll.com/i/spire4/83162426cfbc2ec75589a03d722555b61517452749_full.jpg,12,6,4.5,idols|music,0,1,0,0,5,0,0,0,0,0,0,0,0,0,0,1,0,0,0,0,0,1,0,0,0,0,0,0,0,0,0,0,0,0
1057,Nekomonogatari Black,https://www.crunchyroll.com/nekomonogatari-black,https://img1.ak.crunchyroll.com/i/spire4/f7582dc61846a118b093b8eda7c002ff1429227835_full.jpg,4,6,4.33,action|comedy|drama|fantasy|harem|supernatural|thriller,1,0,0,0,5,1,0,1,1,0,1,0,1,0,0,0,0,0,0,0,0,0,0,0,0,0,0,0,0,0,0,0,1,1
1058,Wacky TV Nanana,https://www.crunchyroll.com/wacky-tv-nanana,https://img1.ak.crunchyroll.com/i/spire4/c21019f7c671dc5dd72f7c402a1237d71554983232_full.jpg,48,6,4.33,comedy,0,0,2,0,4,0,0,1,0,0,0,0,0,0,0,0,0,0,0,0,0,0,0,0,0,0,0,0,0,0,0,0,0,0
1059,SENGOKUCHOJYUGIGA,https://www.crunchyroll.com/sengokuchojyugiga,https://img1.ak.crunchyroll.com/i/spire2/5c7e176aa972d2d41f0378a86cd9c1131475923572_full.jpg,26,6,4.17,comedy|fantasy|historical|slice of life|supernatural,1,0,0,1,4,0,0,1,0,0,1,0,0,1,0,0,0,0,0,0,0,0,0,0,0,0,0,0,0,0,1,0,1,0
1060,Lupin the Third Part 1,https://www.crunchyroll.com/lupin-the-third-part-1,https://img1.ak.crunchyroll.com/i/spire4/456699552b1cfcafd0adbd106bd8bee21443743181_full.jpg,12,6,4.17,action|adventure|mystery|seinen,1,0,0,1,4,1,1,0,0,0,0,0,0,0,0,0,0,0,0,0,0,0,1,0,0,0,1,0,0,0,0,0,0,0
1061,Please Twins!,https://www.crunchyroll.com/please-twins,https://img1.ak.crunchyroll.com/i/spire1/ed5d8f884c7258b960f19393838fa7b01480448038_full.jpg,12,6,4.17,comedy|drama|harem|romance,0,0,1,3,2,0,0,1,1,0,0,0,1,0,0,0,0,0,0,0,0,0,0,0,1,0,0,0,0,0,0,0,0,0
1062,gdgd men's party,https://www.crunchyroll.com/gdgd-mens-party,https://img1.ak.crunchyroll.com/i/spire2/aeb83c77215833a8fc937fa0f016b4781516053701_full.jpg,12,6,4.0,comedy,1,0,0,2,3,0,0,1,0,0,0,0,0,0,0,0,0,0,0,0,0,0,0,0,0,0,0,0,0,0,0,0,0,0
1063,Hana Yori Dango (Boys Over Flowers),https://www.crunchyroll.com/hana-yori-dango-boys-over-flowers,https://img1.ak.crunchyroll.com/i/spire1/67ecad5f9799853799674052d4e96fb51580256214_full.jpg,51,6,4.0,romance|shojo,0,1,1,1,3,0,0,0,0,0,0,0,0,0,0,0,0,0,0,0,0,0,0,0,1,0,0,0,1,0,0,0,0,0
1064,Usakame,https://www.crunchyroll.com/usakame,https://img1.ak.crunchyroll.com/i/spire4/429e4c9bb85bdba663ec945ee2bec6631460330376_full.jpg,12,6,3.83,comedy|slice of life|sports,0,2,0,1,3,0,0,1,0,0,0,0,0,0,0,0,0,0,0,0,0,0,0,0,0,0,0,0,0,0,1,1,0,0
1065,Music Girls,https://www.crunchyroll.com/music-girls,https://img1.ak.crunchyroll.com/i/spire3/166ebe54def566fb69d7eab8ec15f46c1530981011_full.jpg,12,6,3.67,idols|music|shojo|slice of life,0,1,2,1,2,0,0,0,0,0,0,0,0,0,0,1,0,0,0,0,0,1,0,0,0,0,0,0,1,0,1,0,0,0
1066,Lost Universe,https://www.crunchyroll.com/lost-universe,https://img1.ak.crunchyroll.com/i/spire4/13c1670e6c4be51ee3e5485c8611c8471462930350_full.jpg,12,6,3.67,adventure|comedy|drama|sci-fi|shonen,0,1,0,5,0,0,1,1,1,0,0,0,0,0,0,0,0,0,0,0,0,0,0,0,0,1,0,0,0,1,0,0,0,0
1067,Fist of the North Star: The Movie,https://www.crunchyroll.com/fist-of-the-north-star-the-movie,https://img1.ak.crunchyroll.com/i/spire2/180f513565ae9ebc82dc0571ce9ffbbd1568139928_full.jpg,12,6,3.67,action|adventure|post-apocalyptic|sci-fi|shonen,2,0,0,0,4,1,1,0,0,0,0,0,0,0,0,0,0,0,0,0,0,0,0,1,0,1,0,0,0,1,0,0,0,0
1068,Ultraman Nexus,https://www.crunchyroll.com/ultraman-nexus,https://img1.ak.crunchyroll.com/i/spire2/a73430581e7dfece2021752418f0813d1455072817_full.jpg,12,6,3.5,,2,0,0,1,3,0,0,0,0,0,0,0,0,0,0,0,0,0,0,0,0,0,0,0,0,0,0,0,0,0,0,0,0,0
1069,Dallos,https://www.crunchyroll.com/dallos,https://img1.ak.crunchyroll.com/i/spire2/b59dea4bbbaca46fd4ea2a475f4218eb1430953840_full.jpg,12,6,3.33,drama|sci-fi,1,1,0,3,1,0,0,0,1,0,0,0,0,0,0,0,0,0,0,0,0,0,0,0,0,1,0,0,0,0,0,0,0,0
1070,El-Hazard: The Wanderers,https://www.crunchyroll.com/el-hazard-the-wanderers,https://img1.ak.crunchyroll.com/i/spire4/a3bb2acebb325247e8c07759d5a992751494447900_full.jpg,12,6,3.17,adventure|comedy|isekai,1,1,2,0,2,0,1,1,0,0,0,0,0,0,0,0,1,0,0,0,0,0,0,0,0,0,0,0,0,0,0,0,0,0
1071,Ah My Buddha!!,https://www.crunchyroll.com/ah-my-buddha,https://img1.ak.crunchyroll.com/i/spire3/82c593b21b90f079f1d453aee28075da1463025041_full.jpg,12,6,3.0,comedy|harem|slice of life|supernatural,0,2,2,2,0,0,0,1,0,0,0,0,1,0,0,0,0,0,0,0,0,0,0,0,0,0,0,0,0,0,1,0,1,0
1072,Street Fighter II: The Animated Series,https://www.crunchyroll.com/street-fighter-ii-the-animated-series,https://img1.ak.crunchyroll.com/i/spire1/af2a6aeb840be14121f2e9a0bd3bd4a21519769882_full.jpg,12,6,2.83,action,1,2,1,1,1,1,0,0,0,0,0,0,0,0,0,0,0,0,0,0,0,0,0,0,0,0,0,0,0,0,0,0,0,0
1073,Chargeman Ken,https://www.crunchyroll.com/chargeman-ken,https://img1.ak.crunchyroll.com/i/spire4/89c31894c0ec10bcf0fe7578aa2975fa1499977951_full.jpg,12,6,2.5,action|adventure|sci-fi,3,1,0,0,2,1,1,0,0,0,0,0,0,0,0,0,0,0,0,0,0,0,0,0,0,1,0,0,0,0,0,0,0,0
1074,Rainy Cocoa,https://www.crunchyroll.com/rainy-cocoa,https://img1.ak.crunchyroll.com/i/spire2/cdbe78e3c259363f08b32a6fb1375d161507940549_full.jpg,24,6,2.33,comedy|slice of life,2,2,0,2,0,0,0,1,0,0,0,0,0,0,0,0,0,0,0,0,0,0,0,0,0,0,0,0,0,0,1,0,0,0
1075,Crane Game Girls,https://www.crunchyroll.com/crane-game-girls,https://img1.ak.crunchyroll.com/i/spire3/f9620dfbaf00aeb3e285955f70104c001459906859_full.jpg,25,6,2.0,comedy|sci-fi,3,1,1,1,0,0,0,1,0,0,0,0,0,0,0,0,0,0,0,0,0,0,0,0,0,1,0,0,0,0,0,0,0,0
1076,"Welcome, Chitose",https://www.crunchyroll.com/welcome-chitose,https://img1.ak.crunchyroll.com/i/spire3/56109e831c1f5b1a59d4069725fc30801558475575_full.jpg,12,5,5.0,,0,0,0,0,5,0,0,0,0,0,0,0,0,0,0,0,0,0,0,0,0,0,0,0,0,0,0,0,0,0,0,0,0,0
1077,Meow Meow Japanese History,https://www.crunchyroll.com/meow-meow-japanese-history,https://img1.ak.crunchyroll.com/i/spire1/994354b3b71c72e20e537436a7923e021513147731_full.jpg,96,5,5.0,comedy|historical,0,0,0,0,5,0,0,1,0,0,0,0,0,1,0,0,0,0,0,0,0,0,0,0,0,0,0,0,0,0,0,0,0,0
1078,Accel World,https://www.crunchyroll.com/accel-world,https://img1.ak.crunchyroll.com/i/spire4/ae4c67ecb34c76379beb0a072ef4205d1575414444_full.jpg,12,5,5.0,sci-fi,0,0,0,0,5,0,0,0,0,0,0,0,0,0,0,0,0,0,0,0,0,0,0,0,0,1,0,0,0,0,0,0,0,0
1079,The Last - Naruto the Movie,https://www.crunchyroll.com/the-last-naruto-the-movie,https://img1.ak.crunchyroll.com/i/spire2/f47204bf0129a975766be5b0e2cd56a71576186466_full.jpg,12,5,5.0,romance|shonen,0,0,0,0,5,0,0,0,0,0,0,0,0,0,0,0,0,0,0,0,0,0,0,0,1,0,0,0,0,1,0,0,0,0
1080,Inukami!,https://www.crunchyroll.com/inukami,https://img1.ak.crunchyroll.com/i/spire3/687eb2f221636d2ee47a0817d32959981557436470_full.jpg,12,5,4.8,action|comedy|romance|supernatural,0,0,0,1,4,1,0,1,0,0,0,0,0,0,0,0,0,0,0,0,0,0,0,0,1,0,0,0,0,0,0,0,1,0
1081,Street Fighter II The Animated Movie,https://www.crunchyroll.com/street-fighter-ii-the-animated-movie,https://img1.ak.crunchyroll.com/i/spire3/619ff749bd375ebbb0fc63a9476a7ead1469494904_full.jpg,12,5,4.8,action,0,0,0,1,4,1,0,0,0,0,0,0,0,0,0,0,0,0,0,0,0,0,0,0,0,0,0,0,0,0,0,0,0,0
1082,Gokudo,https://www.crunchyroll.com/gokudo,https://img1.ak.crunchyroll.com/i/spire3/ffe292749585707506758eeb40704a431519767857_full.jpg,12,5,4.8,adventure|comedy|fantasy,0,0,0,1,4,0,1,1,0,0,1,0,0,0,0,0,0,0,0,0,0,0,0,0,0,0,0,0,0,0,0,0,0,0
1083,Sketchbook ~full color's~,https://www.crunchyroll.com/sketchbook-full-colors,https://img1.ak.crunchyroll.com/i/spire2/29e0b7023651a200bd3c91bea3c49c071462915793_full.jpg,12,5,4.8,comedy|shonen|slice of life,0,0,0,1,4,0,0,1,0,0,0,0,0,0,0,0,0,0,0,0,0,0,0,0,0,0,0,0,0,1,1,0,0,0
1084,Girls Beyond the Wasteland,https://www.crunchyroll.com/girls-beyond-the-wasteland,https://img1.ak.crunchyroll.com/i/spire2/299aa09a56e1aae8cabc0f16bc9337181543532887_full.jpg,12,5,4.6,romance|slice of life,0,0,0,2,3,0,0,0,0,0,0,0,0,0,0,0,0,0,0,0,0,0,0,0,1,0,0,0,0,0,1,0,0,0
1085,Frame Arms Girl,https://www.crunchyroll.com/frame-arms-girl,https://img1.ak.crunchyroll.com/i/spire2/1a9c1ea4f9b84085b9f093cd9152e0681541054909_full.jpg,12,5,4.6,mecha|sci-fi|slice of life,0,0,0,2,3,0,0,0,0,0,0,0,0,0,0,0,0,0,0,0,1,0,0,0,0,1,0,0,0,0,1,0,0,0
1086,Matoi the Sacred Slayer,https://www.crunchyroll.com/matoi-the-sacred-slayer,https://img1.ak.crunchyroll.com/i/spire1/25ba2aca3f0251bc87190119a1c4c37e1543534531_full.jpg,12,5,4.6,supernatural,0,0,0,2,3,0,0,0,0,0,0,0,0,0,0,0,0,0,0,0,0,0,0,0,0,0,0,0,0,0,0,0,1,0
1087,Shingu: Secret of the Stellar Wars,https://www.crunchyroll.com/shingu-secret-of-the-stellar-wars,https://img1.ak.crunchyroll.com/i/spire4/134c47b5b415f0d834d96ce2fa8222cd1451346394_full.jpg,12,5,4.6,action|sci-fi,0,0,1,0,4,1,0,0,0,0,0,0,0,0,0,0,0,0,0,0,0,0,0,0,0,1,0,0,0,0,0,0,0,0
1088,THE [email protected] CINDERELLA GIRLS,https://www.crunchyroll.com/the-idolmster-cinderella-girls,https://img1.ak.crunchyroll.com/i/spire4/f5471f12c6da69630ae06f0c2855561d1513144925_full.jpg,25,5,4.4,idols|music|slice of life,0,0,1,1,3,0,0,0,0,0,0,0,0,0,0,1,0,0,0,0,0,1,0,0,0,0,0,0,0,0,1,0,0,0
1089,The Third: The Girl with the Blue Eye,https://www.crunchyroll.com/the-third-the-girl-with-the-blue-eye,https://img1.ak.crunchyroll.com/i/spire2/c1edc19718cbc73ed2f5ddb273607f531494447861_full.jpg,12,5,4.4,action|drama|fantasy|post-apocalyptic|sci-fi,0,0,0,3,2,1,0,0,1,0,1,0,0,0,0,0,0,0,0,0,0,0,0,1,0,1,0,0,0,0,0,0,0,0
1090,Undefeated Bahamut Chronicle,https://www.crunchyroll.com/undefeated-bahamut-chronicle,https://img1.ak.crunchyroll.com/i/spire1/750ed93257214c9a2300666d1966400e1539814656_full.jpg,12,5,4.4,,0,0,0,3,2,0,0,0,0,0,0,0,0,0,0,0,0,0,0,0,0,0,0,0,0,0,0,0,0,0,0,0,0,0
1091,Hagane Orchestra,https://www.crunchyroll.com/hagane-orchestra,https://img1.ak.crunchyroll.com/i/spire3/fe2da3706ef3fa2147014cd838c43bd51479609880_full.jpg,12,5,4.4,adventure|comedy,0,0,0,3,2,0,1,1,0,0,0,0,0,0,0,0,0,0,0,0,0,0,0,0,0,0,0,0,0,0,0,0,0,0
1092,Long Riders!,https://www.crunchyroll.com/long-riders,https://img1.ak.crunchyroll.com/i/spire2/16750be6cfc1cc06cc32869861f49af11541633068_full.jpg,12,5,4.2,comedy|shonen|slice of life|sports,0,0,1,2,2,0,0,1,0,0,0,0,0,0,0,0,0,0,0,0,0,0,0,0,0,0,0,0,0,1,1,1,0,0
1093,Doctor's Affairs,https://www.crunchyroll.com/doctors-affairs,https://img1.ak.crunchyroll.com/i/spire3/171edf29374a66328005fc9a2acf801e1439611472_full.jpg,12,5,4.2,,0,0,1,2,2,0,0,0,0,0,0,0,0,0,0,0,0,0,0,0,0,0,0,0,0,0,0,0,0,0,0,0,0,0
1094,Unriddle,https://www.crunchyroll.com/unriddle,https://img1.ak.crunchyroll.com/i/spire2/d151d93f8bbcb09d923da9ed97e425491340065680_full.jpg,12,5,4.0,action|sgdrama|thriller,1,0,0,1,3,1,0,0,0,0,0,0,0,0,0,0,0,0,0,0,0,0,0,0,0,0,0,1,0,0,0,0,0,1
1095,Strike Witches: 501st JOINT FIGHTER WING Take Off!,https://www.crunchyroll.com/strike-witches-501st-joint-fighter-wing-take-off,https://img1.ak.crunchyroll.com/i/spire2/dedec979082940e6410278474c798a151556126122_full.jpg,12,5,4.0,comedy|slice of life,1,0,0,1,3,0,0,1,0,0,0,0,0,0,0,0,0,0,0,0,0,0,0,0,0,0,0,0,0,0,1,0,0,0
1096,High School Entrance Exam,https://www.crunchyroll.com/high-school-entrance-exam,https://img1.ak.crunchyroll.com/i/spire4/af5ec06dcae210f66312923cec168ac51412197100_full.jpg,12,5,4.0,,0,0,2,1,2,0,0,0,0,0,0,0,0,0,0,0,0,0,0,0,0,0,0,0,0,0,0,0,0,0,0,0,0,0
1097,The Golden Path,https://www.crunchyroll.com/the-golden-path,https://img1.ak.crunchyroll.com/i/spire1/e20a6a31aeeadfae5a6d0bbf162bf4e01340065436_full.jpg,12,5,3.8,family|sgdrama,1,0,0,2,2,0,0,0,0,1,0,0,0,0,0,0,0,0,0,0,0,0,0,0,0,0,0,1,0,0,0,0,0,0
1098,Miss Machiko,https://www.crunchyroll.com/miss-machiko,https://img1.ak.crunchyroll.com/i/spire2/85e08930390afdadf9892fb7bde5c3451464831131_full.jpg,12,5,3.8,comedy,1,0,1,0,3,0,0,1,0,0,0,0,0,0,0,0,0,0,0,0,0,0,0,0,0,0,0,0,0,0,0,0,0,0
1099,Lily C.A.T,https://www.crunchyroll.com/lily-cat,https://img1.ak.crunchyroll.com/i/spire2/2637c681c996da4b22ba40eb20b188431445571910_full.jpg,12,5,3.6,sci-fi,1,0,1,1,2,0,0,0,0,0,0,0,0,0,0,0,0,0,0,0,0,0,0,0,0,1,0,0,0,0,0,0,0,0
1100,Key the Metal Idol,https://www.crunchyroll.com/key-the-metal-idol,https://img1.ak.crunchyroll.com/i/spire4/c38202da7effef27f8c36a5c601a56961557252477_full.jpg,12,5,3.6,drama|idols|mecha|sci-fi,1,1,0,0,3,0,0,0,1,0,0,0,0,0,0,1,0,0,0,0,1,0,0,0,0,1,0,0,0,0,0,0,0,0
1101,Time Bokan 24,https://www.crunchyroll.com/time-bokan-24,https://img1.ak.crunchyroll.com/i/spire1/c11be10305fac9fe0d1e99a41e93df361507330592_full.jpg,48,5,3.6,action|comedy|sci-fi,1,0,0,3,1,1,0,1,0,0,0,0,0,0,0,0,0,0,0,0,0,0,0,0,0,1,0,0,0,0,0,0,0,0
1102,The Journey Home,https://www.crunchyroll.com/the-journey-home,https://img1.ak.crunchyroll.com/i/spire4/e7ca1df1c26f5e9ce73c9d1ccaf276401542240176_full.jpg,26,5,3.4,adventure|comedy|sci-fi,2,0,0,0,3,0,1,1,0,0,0,0,0,0,0,0,0,0,0,0,0,0,0,0,0,1,0,0,0,0,0,0,0,0
1103,Ultraman Ginga,https://www.crunchyroll.com/ultraman-ginga,https://img1.ak.crunchyroll.com/i/spire4/6023b8cbc8b97c8e6dae84c585513e021455072784_full.jpg,12,5,3.4,,1,0,2,0,2,0,0,0,0,0,0,0,0,0,0,0,0,0,0,0,0,0,0,0,0,0,0,0,0,0,0,0,0,0
1104,Fushigi Yugi: Eikoden,https://www.crunchyroll.com/fushigi-yugi-eikoden,https://img1.ak.crunchyroll.com/i/spire1/fd2e1076d56cb15bd637bde4f204fc8c1455653165_full.jpg,12,5,3.2,adventure|drama|fantasy|isekai|romance|shojo,1,1,1,0,2,0,1,0,1,0,1,0,0,0,0,0,1,0,0,0,0,0,0,0,1,0,0,0,1,0,0,0,0,0
1105,NAMUAMIDABUTSU! -UTENA-,https://www.crunchyroll.com/namuamidabutsu-utena-,https://img1.ak.crunchyroll.com/i/spire4/d5e35e8b90ee813fd4be01f47bd8f5821555109988_full.jpg,12,5,3.0,adventure|fantasy,1,1,1,1,1,0,1,0,0,0,1,0,0,0,0,0,0,0,0,0,0,0,0,0,0,0,0,0,0,0,0,0,0,0
1106,Norn9,https://www.crunchyroll.com/norn9,https://img1.ak.crunchyroll.com/i/spire1/12b84ae705f2d019352d4189dc7ba1e71543535129_full.jpg,12,5,2.8,action|adventure|historical|sci-fi,2,1,0,0,2,1,1,0,0,0,0,0,0,1,0,0,0,0,0,0,0,0,0,0,0,1,0,0,0,0,0,0,0,0
1107,The World YAMIZUKAN,https://www.crunchyroll.com/the-world-yamizukan,https://img1.ak.crunchyroll.com/i/spire1/3e46bafb84d9c83349affa2d93c5a5fa1491107244_full.jpg,13,5,2.6,mystery|supernatural|thriller,1,1,2,1,0,0,0,0,0,0,0,0,0,0,0,0,0,0,0,0,0,0,1,0,0,0,0,0,0,0,0,0,1,1
1108,Pilot Candidate,https://www.crunchyroll.com/pilot-candidate,https://img1.ak.crunchyroll.com/i/spire1/43df178fa79bf8678bc710064faf97e21504136143_full.jpg,12,5,2.2,action|adventure|mecha|sci-fi,2,1,1,1,0,1,1,0,0,0,0,0,0,0,0,0,0,0,0,0,1,0,0,0,0,1,0,0,0,0,0,0,0,0
1109,The Sprites of Floria,https://www.crunchyroll.com/the-sprites-of-floria,https://img1.ak.crunchyroll.com/i/spire1/3cffc4ef77330bb05354beb356c84a551535668546_full.jpg,1,5,2.2,adventure|drama|fantasy,3,0,1,0,1,0,1,0,1,0,1,0,0,0,0,0,0,0,0,0,0,0,0,0,0,0,0,0,0,0,0,0,0,0
1110,Onimusha: Dawn of Dreams,https://www.crunchyroll.com/onimusha-dawn-of-dreams,https://img1.ak.crunchyroll.com/i/spire4/f648080e8a77babfbf7f13ed9e83f6d61399590518_full.jpg,12,5,1.6,action|fantasy|historical|supernatural,3,1,1,0,0,1,0,0,0,0,1,0,0,1,0,0,0,0,0,0,0,0,0,0,0,0,0,0,0,0,0,0,1,0
1111,LiSA TV,https://www.crunchyroll.com/lisa-tv,https://img1.ak.crunchyroll.com/i/spire2/4ef024a4c639a474f5b7b8ed9a5a9b011423788224_full.jpg,12,4,5.0,music,0,0,0,0,4,0,0,0,0,0,0,0,0,0,0,0,0,0,0,0,0,1,0,0,0,0,0,0,0,0,0,0,0,0
1112,Fate/Grand Order -MOONLIGHT/LOSTROOM-,https://www.crunchyroll.com/fategrand-order-moonlightlostroom-,https://img1.ak.crunchyroll.com/i/spire3/9eeda4742cf03ebc5ca42500bc730a251577757213_full.jpg,1,4,5.0,fantasy,0,0,0,0,4,0,0,0,0,0,1,0,0,0,0,0,0,0,0,0,0,0,0,0,0,0,0,0,0,0,0,0,0,0
1113,Ghastly Prince Enma Burning Up,https://www.crunchyroll.com/ghastly-prince-enma-burning-up,https://img1.ak.crunchyroll.com/i/spire3/216ccb82d1b461bdd615c8d0d2ee14761359162165_full.jpg,12,4,5.0,action|comedy|supernatural,0,0,0,0,4,1,0,1,0,0,0,0,0,0,0,0,0,0,0,0,0,0,0,0,0,0,0,0,0,0,0,0,1,0
1114,Blue Seed,https://www.crunchyroll.com/blue-seed,https://img1.ak.crunchyroll.com/i/spire4/fc72595ca1f2b28b4f2b4a39cf6370fc1557261324_full.jpg,12,4,5.0,action|comedy|romance|sci-fi|supernatural,0,0,0,0,4,1,0,1,0,0,0,0,0,0,0,0,0,0,0,0,0,0,0,0,1,1,0,0,0,0,0,0,1,0
1115,Elemental Gelade,https://www.crunchyroll.com/elemental-gelade,https://img1.ak.crunchyroll.com/i/spire4/af68ccb6146fc721083308dce451e4eb1557901230_full.jpg,12,4,5.0,adventure|comedy|fantasy|romance,0,0,0,0,4,0,1,1,0,0,1,0,0,0,0,0,0,0,0,0,0,0,0,0,1,0,0,0,0,0,0,0,0,0
1116,Full Metal Panic! The Second Raid,https://www.crunchyroll.com/full-metal-panic-the-second-raid,https://img1.ak.crunchyroll.com/i/spire2/05420374d45b1de6e365ae27e8374d091522264400_full.jpg,12,4,5.0,action|drama|mecha|sci-fi,0,0,0,0,4,1,0,0,1,0,0,0,0,0,0,0,0,0,0,0,1,0,0,0,0,1,0,0,0,0,0,0,0,0
1117,CARDFIGHT!! VANGUARD,https://www.crunchyroll.com/cardfight-vanguard,https://img1.ak.crunchyroll.com/i/spire1/29c845c6c5b4111b6d35b3d487fccb761525461248_full.jpg,12,4,5.0,action,0,0,0,0,4,1,0,0,0,0,0,0,0,0,0,0,0,0,0,0,0,0,0,0,0,0,0,0,0,0,0,0,0,0
1118,Super Gals!,https://www.crunchyroll.com/super-gals,https://img1.ak.crunchyroll.com/i/spire4/a9a471e767e1f463318cd160c35a89241487113786_full.jpg,12,4,5.0,comedy|shojo|slice of life,0,0,0,0,4,0,0,1,0,0,0,0,0,0,0,0,0,0,0,0,0,0,0,0,0,0,0,0,1,0,1,0,0,0
1119,Tamayura Hitotose,https://www.crunchyroll.com/tamayura-hitotose,https://img1.ak.crunchyroll.com/i/spire1/87c14e23a650ecfd5385448c61b6d52a1480522962_full.jpg,12,4,4.75,comedy|drama|slice of life,0,0,0,1,3,0,0,1,1,0,0,0,0,0,0,0,0,0,0,0,0,0,0,0,0,0,0,0,0,0,1,0,0,0
1120,The Perfect Insider (Drama),https://www.crunchyroll.com/the-perfect-insider-drama,https://img1.ak.crunchyroll.com/i/spire2/35a0b2fee1f60a23b22b97780baff99b1461721489_full.jpg,12,4,4.75,,0,0,0,1,3,0,0,0,0,0,0,0,0,0,0,0,0,0,0,0,0,0,0,0,0,0,0,0,0,0,0,0,0,0
1121,Gokuaku Ganbo,https://www.crunchyroll.com/gokuaku-ganbo,https://img1.ak.crunchyroll.com/i/spire2/6244929088a15f7dedddbbabfbbd4b601397164331_full.jpg,12,4,4.75,,0,0,0,1,3,0,0,0,0,0,0,0,0,0,0,0,0,0,0,0,0,0,0,0,0,0,0,0,0,0,0,0,0,0
1122,Slam Dunk (Dub),https://www.crunchyroll.com/slam-dunk-dub,https://img1.ak.crunchyroll.com/i/spire4/baaac655eb8a9c262752b84f8f087ac91449529900_full.jpg,12,4,4.75,action|drama|shonen|sports,0,0,0,1,3,1,0,0,1,0,0,0,0,0,0,0,0,0,0,0,0,0,0,0,0,0,0,0,0,1,0,1,0,0
1123,Uchitama?! Have you seen my Tama?,https://www.crunchyroll.com/uchitama-have-you-seen-my-tama,https://img1.ak.crunchyroll.com/i/spire3/7826edecf94e1461041791278dab0fae1578958149_full.jpg,6,4,4.75,,0,0,0,1,3,0,0,0,0,0,0,0,0,0,0,0,0,0,0,0,0,0,0,0,0,0,0,0,0,0,0,0,0,0
1124,Unico In the Island of Magic,https://www.crunchyroll.com/unico-in-the-island-of-magic,https://img1.ak.crunchyroll.com/i/spire2/0aafff68e85648b00c31466a201664901461703800_full.jpg,12,4,4.5,comedy|drama|fantasy,0,0,1,0,3,0,0,1,1,0,1,0,0,0,0,0,0,0,0,0,0,0,0,0,0,0,0,0,0,0,0,0,0,0
1125,Sea Prince and the Fire Child,https://www.crunchyroll.com/sea-prince-and-the-fire-child,https://img1.ak.crunchyroll.com/i/spire2/2afebaa6b2c07cce908d5eb8d22684e61466678485_full.jpg,12,4,4.5,drama|fantasy|romance|supernatural,0,0,0,2,2,0,0,0,1,0,1,0,0,0,0,0,0,0,0,0,0,0,0,0,1,0,0,0,0,0,0,0,1,0
1126,A Wind Named Amnesia,https://www.crunchyroll.com/a-wind-named-amnesia,https://img1.ak.crunchyroll.com/i/spire4/c50eecb7a87f8105ed4661a1cd9ab1a91519768573_full.jpg,12,4,4.5,adventure|post-apocalyptic|sci-fi,0,0,0,2,2,0,1,0,0,0,0,0,0,0,0,0,0,0,0,0,0,0,0,1,0,1,0,0,0,0,0,0,0,0
1127,The Legend of Black Heaven,https://www.crunchyroll.com/the-legend-of-black-heaven,https://img1.ak.crunchyroll.com/i/spire3/fb85a7c76064bf1641745584d75db2f01557793660_full.jpg,12,4,4.25,action|adventure|music|sci-fi,0,0,0,3,1,1,1,0,0,0,0,0,0,0,0,0,0,0,0,0,0,1,0,0,0,1,0,0,0,0,0,0,0,0
1128,Space Pirate Mito,https://www.crunchyroll.com/space-pirate-mito,https://img1.ak.crunchyroll.com/i/spire1/0fcf1f7ffcba17a454889cfdea5ff0151447456470_full.jpg,12,4,4.25,action|adventure|comedy|sci-fi,0,0,1,1,2,1,1,1,0,0,0,0,0,0,0,0,0,0,0,0,0,0,0,0,0,1,0,0,0,0,0,0,0,0
1129,W'z,https://www.crunchyroll.com/wz,https://img1.ak.crunchyroll.com/i/spire4/8f4d08f2e5f9f3c2c856bcd9aa73b6f31549125935_full.jpg,13,4,4.25,action|adventure|supernatural,0,0,0,3,1,1,1,0,0,0,0,0,0,0,0,0,0,0,0,0,0,0,0,0,0,0,0,0,0,0,0,0,1,0
1130,The 101st Proposal,https://www.crunchyroll.com/the-101st-proposal,https://img1.ak.crunchyroll.com/i/spire1/0179cb576bf8c416af86e59a7f1a19641415231606_full.jpg,12,4,4.0,,0,1,0,1,2,0,0,0,0,0,0,0,0,0,0,0,0,0,0,0,0,0,0,0,0,0,0,0,0,0,0,0,0,0
1131,Ninja Nonsense,https://www.crunchyroll.com/ninja-nonsense,https://img1.ak.crunchyroll.com/i/spire4/0b8f504f3469af25fe92c3a80935816f1474577407_full.jpg,12,4,4.0,action|comedy|slice of life,0,0,0,4,0,1,0,1,0,0,0,0,0,0,0,0,0,0,0,0,0,0,0,0,0,0,0,0,0,0,1,0,0,0
1132,CLIF,https://www.crunchyroll.com/clif,https://img1.ak.crunchyroll.com/i/spire2/74780a623b1348b5b89ecb394c8440de1340065408_full.jpg,12,4,3.75,action|sgdrama|thriller,1,0,0,1,2,1,0,0,0,0,0,0,0,0,0,0,0,0,0,0,0,0,0,0,0,0,0,1,0,0,0,0,0,1
1133,Onna Nobunaga,https://www.crunchyroll.com/onna-nobunaga,https://img1.ak.crunchyroll.com/i/spire1/1aebb11997c5c95b56008d7c67264c481426819627_full.jpg,12,4,3.5,,1,0,1,0,2,0,0,0,0,0,0,0,0,0,0,0,0,0,0,0,0,0,0,0,0,0,0,0,0,0,0,0,0,0
1134,Phoenix,https://www.crunchyroll.com/phoenix,https://img1.ak.crunchyroll.com/i/spire1/53cd53aa670889d222296b731073e6561576215713_full.jpg,12,4,3.5,fantasy,1,0,1,0,2,0,0,0,0,0,1,0,0,0,0,0,0,0,0,0,0,0,0,0,0,0,0,0,0,0,0,0,0,0
1135,Photon the Idiot Adventures,https://www.crunchyroll.com/photon-the-idiot-adventures,https://img1.ak.crunchyroll.com/i/spire3/6e18c2e22eac22ccf8c552f050b197111558033899_full.jpg,12,4,3.5,action|adventure|comedy|harem|sci-fi,1,0,1,0,2,1,1,1,0,0,0,0,1,0,0,0,0,0,0,0,0,0,0,0,0,1,0,0,0,0,0,0,0,0
1136,100% Teacher Pascal,https://www.crunchyroll.com/100-teacher-pascal,https://img1.ak.crunchyroll.com/i/spire2/45b2af00bb509ed1d73c8a8dd070cd3c1492206254_full.jpg,12,4,3.25,comedy|slice of life,1,0,1,1,1,0,0,1,0,0,0,0,0,0,0,0,0,0,0,0,0,0,0,0,0,0,0,0,0,0,1,0,0,0
1137,Crunchyroll Collection,https://www.crunchyroll.com/crunchyroll-collection,https://img1.ak.crunchyroll.com/i/spire3/5c666816adc7a7e4c061065737313be31513797506_full.jpg,12,4,3.0,comedy|idols,2,0,0,0,2,0,0,1,0,0,0,0,0,0,0,1,0,0,0,0,0,0,0,0,0,0,0,0,0,0,0,0,0,0
1138,Princess Knight,https://www.crunchyroll.com/princess-knight,https://img1.ak.crunchyroll.com/i/spire1/a286cb4bdf9645f7ad63c3c79722ba991447459466_full.jpg,12,4,3.0,action|adventure|drama|romance|shojo,1,1,0,1,1,1,1,0,1,0,0,0,0,0,0,0,0,0,0,0,0,0,0,0,1,0,0,0,1,0,0,0,0,0
1139,Koi Koi Seven,https://www.crunchyroll.com/koi-koi-seven,https://img1.ak.crunchyroll.com/i/spire2/c5c209ce6adcd5f2a4a201370f5084d91502911736_full.jpg,12,4,2.75,comedy|harem|romance,0,3,0,0,1,0,0,1,0,0,0,0,1,0,0,0,0,0,0,0,0,0,0,0,1,0,0,0,0,0,0,0,0,0
1140,EAT-MAN,https://www.crunchyroll.com/eat-man,https://img1.ak.crunchyroll.com/i/spire1/99705c73346d649193477857b2e131ef1557391976_full.jpg,12,4,2.75,action|adventure|sci-fi,0,3,0,0,1,1,1,0,0,0,0,0,0,0,0,0,0,0,0,0,0,0,0,0,0,1,0,0,0,0,0,0,0,0
1141,Shinobi Girl,https://www.crunchyroll.com/shinobi-girl,https://img1.ak.crunchyroll.com/i/spire3/960748bdee14d1f77cb82fffac5233aa1369078156_full.jpg,12,4,1.0,action|martial arts,4,0,0,0,0,1,0,0,0,0,0,0,0,0,0,0,0,0,0,1,0,0,0,0,0,0,0,0,0,0,0,0,0,0
1142,Mazinger Edition Z,https://www.crunchyroll.com/mazinger-edition-z,https://img1.ak.crunchyroll.com/i/spire2/babc11378744810218549e7c9ad8f6651461195695_full.jpg,12,3,5.0,mecha|sci-fi,0,0,0,0,3,0,0,0,0,0,0,0,0,0,0,0,0,0,0,0,1,0,0,0,0,1,0,0,0,0,0,0,0,0
1143,He Was Anime (NFL's Mike Daniels),https://www.crunchyroll.com/he-was-anime-nfls-mike-daniels,https://img1.ak.crunchyroll.com/i/spire3/9115620fa5555a3d07c70102ab6d0c621533160077_full.jpg,12,3,5.0,sports,0,0,0,0,3,0,0,0,0,0,0,0,0,0,0,0,0,0,0,0,0,0,0,0,0,0,0,0,0,0,0,1,0,0
1144,K,https://www.crunchyroll.com/k,https://img1.ak.crunchyroll.com/i/spire2/99f92d123a765d249b28e9cff1ffcbd11575922001_full.jpg,12,3,5.0,,0,0,0,0,3,0,0,0,0,0,0,0,0,0,0,0,0,0,0,0,0,0,0,0,0,0,0,0,0,0,0,0,0,0
1145,Lupin the Third Part 3,https://www.crunchyroll.com/lupin-the-third-part-3,https://img1.ak.crunchyroll.com/i/spire2/bf0a6917ba7f4e58450bf75aa7afd9161443743896_full.jpg,12,3,4.67,action|adventure|mystery|seinen,0,0,0,1,2,1,1,0,0,0,0,0,0,0,0,0,0,0,0,0,0,0,1,0,0,0,1,0,0,0,0,0,0,0
1146,Forget Me Not,https://www.crunchyroll.com/forget-me-not,https://img1.ak.crunchyroll.com/i/spire2/dfb7f6f889cd9539fe3bc724908432c31443219527_full.jpg,12,3,4.67,romance,0,0,0,1,2,0,0,0,0,0,0,0,0,0,0,0,0,0,0,0,0,0,0,0,1,0,0,0,0,0,0,0,0,0
1147,Investor Z (Motion Manga),https://www.crunchyroll.com/investor-z-motion-manga,https://img1.ak.crunchyroll.com/i/spire2/09f76fb8feeb62a2fd3015f9be7c4dec1435184179_full.jpg,12,3,4.67,drama|seinen,0,0,0,1,2,0,0,0,1,0,0,0,0,0,0,0,0,0,0,0,0,0,0,0,0,0,1,0,0,0,0,0,0,0
1148,Toward the Terra,https://www.crunchyroll.com/toward-the-terra,https://img1.ak.crunchyroll.com/i/spire2/877f1cb1b781a38374d4820f17d7986c1451375294_full.jpg,12,3,4.67,drama|post-apocalyptic|sci-fi|shonen|supernatural,0,0,0,1,2,0,0,0,1,0,0,0,0,0,0,0,0,0,0,0,0,0,0,1,0,1,0,0,0,1,0,0,1,0
1149,Hakata Mentai! Pirikarako-chan,https://www.crunchyroll.com/hakata-mentai-pirikarako-chan,https://img1.ak.crunchyroll.com/i/spire2/4763b56428b5ae91c05c10e31d70dcbe1562442391_full.jpg,12,3,4.67,,0,0,0,1,2,0,0,0,0,0,0,0,0,0,0,0,0,0,0,0,0,0,0,0,0,0,0,0,0,0,0,0,0,0
1150,22/7 (nanabun no nijyuuni),https://www.crunchyroll.com/227-nanabun-no-nijyuuni,https://img1.ak.crunchyroll.com/i/spire3/5d59d07333b214db3e482c5eb0feef391578958040_full.jpg,6,3,4.67,,0,0,0,1,2,0,0,0,0,0,0,0,0,0,0,0,0,0,0,0,0,0,0,0,0,0,0,0,0,0,0,0,0,0
1151,Giant Gorg,https://www.crunchyroll.com/giant-gorg,https://img1.ak.crunchyroll.com/i/spire4/8452e9c1ab2e4edc6f8e158e29d8f2cd1482199798_full.jpg,12,3,4.33,action|mecha|sci-fi,0,0,0,2,1,1,0,0,0,0,0,0,0,0,0,0,0,0,0,0,1,0,0,0,0,1,0,0,0,0,0,0,0,0
1152,Cat's Eye,https://www.crunchyroll.com/cats-eye,https://img1.ak.crunchyroll.com/i/spire4/c04f7b25b3a76c293217fc5f50b3e1171447454206_full.jpg,12,3,4.0,action|comedy|mystery|romance,0,1,0,0,2,1,0,1,0,0,0,0,0,0,0,0,0,0,0,0,0,0,1,0,1,0,0,0,0,0,0,0,0,0
1153,Fushigi Yugi OVA,https://www.crunchyroll.com/fushigi-yugi-ova,https://img1.ak.crunchyroll.com/i/spire2/ceccf63999c832bd86faf4ea2cb971e01455652965_full.jpg,12,3,4.0,adventure|drama|fantasy|isekai|romance|shojo,0,0,1,1,1,0,1,0,1,0,1,0,0,0,0,0,1,0,0,0,0,0,0,0,1,0,0,0,1,0,0,0,0,0
1154,Fantastic Adventures of Unico,https://www.crunchyroll.com/fantastic-adventures-of-unico,https://img1.ak.crunchyroll.com/i/spire4/3ba8f653b6654f1f5f926cb2c0fd86211461702770_full.jpg,12,3,4.0,adventure|fantasy,0,0,1,1,1,0,1,0,0,0,1,0,0,0,0,0,0,0,0,0,0,0,0,0,0,0,0,0,0,0,0,0,0,0
1155,Makeruna!! Aku no Gundan!,https://www.crunchyroll.com/makeruna-aku-no-gundan,https://img1.ak.crunchyroll.com/i/spire4/a29e0baba24f3067133efba525be7a111491834515_full.jpg,12,3,4.0,comedy|sci-fi|shonen,0,1,0,0,2,0,0,1,0,0,0,0,0,0,0,0,0,0,0,0,0,0,0,0,0,1,0,0,0,1,0,0,0,0
1156,ARP Backstage Pass,https://www.crunchyroll.com/arp-backstage-pass,https://img1.ak.crunchyroll.com/i/spire1/a941a19c00af2faeb8f34120a54ad19e1578890144_full.jpg,9,3,3.67,idols|music,1,0,0,0,2,0,0,0,0,0,0,0,0,0,0,1,0,0,0,0,0,1,0,0,0,0,0,0,0,0,0,0,0,0
1157,The Galaxy Railways: A Letter from the Abandoned Planet,https://www.crunchyroll.com/the-galaxy-railways-a-letter-from-the-abandoned-planet,https://img1.ak.crunchyroll.com/i/spire2/600b3e2530f8d132252fde243c08cb461473965286_full.jpg,12,3,3.67,adventure|drama|fantasy|sci-fi,0,1,0,1,1,0,1,0,1,0,1,0,0,0,0,0,0,0,0,0,0,0,0,0,0,1,0,0,0,0,0,0,0,0
1158,Cardcaptor Sakura: The Movie,https://www.crunchyroll.com/cardcaptor-sakura-the-movie,https://img1.ak.crunchyroll.com/i/spire3/d84a5d03f1efd53ff1ee40c724dbfbeb1441053730_full.jpg,12,3,3.67,adventure|comedy|magical girls|shojo,0,0,1,2,0,0,1,1,0,0,0,0,0,0,0,0,0,0,1,0,0,0,0,0,0,0,0,0,1,0,0,0,0,0
1159,Vampire Knight,https://www.crunchyroll.com/vampire-knight,https://img1.ak.crunchyroll.com/i/spire3/cc01fe83d833d6c073ca006351a016ad1576023945_full.jpg,12,3,3.67,shojo|supernatural,0,1,0,1,1,0,0,0,0,0,0,0,0,0,0,0,0,0,0,0,0,0,0,0,0,0,0,0,1,0,0,0,1,0
1160,Accel World: Infinite Burst,https://www.crunchyroll.com/accel-world-infinite-burst,https://img1.ak.crunchyroll.com/i/spire4/c4d337a3511d377e5945eaed7f97b86a1574811199_full.jpg,12,3,3.33,sci-fi,0,0,2,1,0,0,0,0,0,0,0,0,0,0,0,0,0,0,0,0,0,0,0,0,0,1,0,0,0,0,0,0,0,0
1161,Super Robot Wars: Original Generation,https://www.crunchyroll.com/super-robot-wars-original-generation,https://img1.ak.crunchyroll.com/i/spire3/5b6a718c7bee27df3a4d3c99b75b3c4b1403571439_full.jpg,12,3,3.33,action|adventure|mecha|sci-fi,0,1,0,2,0,1,1,0,0,0,0,0,0,0,0,0,0,0,0,0,1,0,0,0,0,1,0,0,0,0,0,0,0,0
1162,Fantastic Detective Labyrinth,https://www.crunchyroll.com/fantastic-detective-labyrinth,https://img1.ak.crunchyroll.com/i/spire1/38777747cf4ea66107246b3464665fc31447452650_full.jpg,12,3,3.0,action|mystery|supernatural,0,1,1,1,0,1,0,0,0,0,0,0,0,0,0,0,0,0,0,0,0,0,1,0,0,0,0,0,0,0,0,0,1,0
1163,Days of Urashimasakatasen,https://www.crunchyroll.com/days-of-urashimasakatasen,https://img1.ak.crunchyroll.com/i/spire2/76e57a2442157baa96ef9ff4dfc3ac1b1570582010_full.jpg,12,3,3.0,comedy,1,0,1,0,1,0,0,1,0,0,0,0,0,0,0,0,0,0,0,0,0,0,0,0,0,0,0,0,0,0,0,0,0,0
1164,Umi Monogatari,https://www.crunchyroll.com/umi-monogatari,https://img1.ak.crunchyroll.com/i/spire3/ea5c37787ca5a9c940e6ce4cb13104751487113464_full.jpg,12,3,3.0,comedy|drama|fantasy|magical girls,0,1,1,1,0,0,0,1,1,0,1,0,0,0,0,0,0,0,1,0,0,0,0,0,0,0,0,0,0,0,0,0,0,0
1165,Aachi & Ssipak,https://www.crunchyroll.com/aachi-ssipak,https://img1.ak.crunchyroll.com/i/spire3/e92b31b959329489a46e9ebf0164d9021448489372_full.jpg,12,3,3.0,action|comedy|sci-fi,1,0,0,2,0,1,0,1,0,0,0,0,0,0,0,0,0,0,0,0,0,0,0,0,0,1,0,0,0,0,0,0,0,0
1166,The Ultimatum,https://www.crunchyroll.com/the-ultimatum,https://img1.ak.crunchyroll.com/i/spire2/d30dd5b2e998ff2ee451cbd68216ff321340065461_full.jpg,12,3,2.33,family|sgdrama,1,0,2,0,0,0,0,0,0,1,0,0,0,0,0,0,0,0,0,0,0,0,0,0,0,0,0,1,0,0,0,0,0,0
1167,Onyankopon,https://www.crunchyroll.com/onyankopon,https://img1.ak.crunchyroll.com/i/spire3/7c3968d01a6c7aaff6e45346802f4b541507666216_full.jpg,12,3,1.67,,2,0,1,0,0,0,0,0,0,0,0,0,0,0,0,0,0,0,0,0,0,0,0,0,0,0,0,0,0,0,0,0,0,0
1168,Space Adventure Cobra,https://www.crunchyroll.com/space-adventure-cobra,https://img1.ak.crunchyroll.com/i/spire1/c757e7a9c3774c0553323286a2a34d311447459729_full.jpg,12,2,5.0,,0,0,0,0,2,0,0,0,0,0,0,0,0,0,0,0,0,0,0,0,0,0,0,0,0,0,0,0,0,0,0,0,0,0
1169,SHONEN HOLLYWOOD -HOLLY STAGE FOR 49-,https://www.crunchyroll.com/shonen-hollywood-holly-stage-for-49-,https://img1.ak.crunchyroll.com/i/spire1/41359b5b4c8efcbde35fcd6525ddca661404154505_full.jpg,12,2,5.0,idols,0,0,0,0,2,0,0,0,0,0,0,0,0,0,0,1,0,0,0,0,0,0,0,0,0,0,0,0,0,0,0,0,0,0
1170,Black Jack The Movie,https://www.crunchyroll.com/black-jack-the-movie,https://img1.ak.crunchyroll.com/i/spire1/22ec98193a9eb9061436d1cb577deb0c1504137256_full.jpg,12,2,5.0,adventure|comedy|drama|thriller,0,0,0,0,2,0,1,1,1,0,0,0,0,0,0,0,0,0,0,0,0,0,0,0,0,0,0,0,0,0,0,0,0,1
1171,Battle Girl High School,https://www.crunchyroll.com/battle-girl-high-school,https://img1.ak.crunchyroll.com/i/spire1/df2428f98b4686fa97f076659e0b8ab51543533019_full.jpg,12,2,5.0,action|sci-fi,0,0,0,0,2,1,0,0,0,0,0,0,0,0,0,0,0,0,0,0,0,0,0,0,0,1,0,0,0,0,0,0,0,0
1172,Tenchi Muyo! Ryo-Ohki,https://www.crunchyroll.com/tenchi-muyo-ryo-ohki,https://img1.ak.crunchyroll.com/i/spire2/ab13c151e688265c37c38d4575ceac781583288758_full.jpg,1,2,5.0,,0,0,0,0,2,0,0,0,0,0,0,0,0,0,0,0,0,0,0,0,0,0,0,0,0,0,0,0,0,0,0,0,0,0
1173,Magic of Stella,https://www.crunchyroll.com/magic-of-stella,https://img1.ak.crunchyroll.com/i/spire2/ff307fd8b02c62f08bda9cfa16d375221541632402_full.jpg,12,2,5.0,comedy|slice of life,0,0,0,0,2,0,0,1,0,0,0,0,0,0,0,0,0,0,0,0,0,0,0,0,0,0,0,0,0,0,1,0,0,0
1174,Banpresto World Figure Colosseum,https://www.crunchyroll.com/banpresto-world-figure-colosseum,https://img1.ak.crunchyroll.com/i/spire2/d9d4bbd38ab9336952e8315374faf7471505528150_full.jpg,12,2,5.0,sports,0,0,0,0,2,0,0,0,0,0,0,0,0,0,0,0,0,0,0,0,0,0,0,0,0,0,0,0,0,0,0,1,0,0
1175,Beyblade: Metal Fusion,https://www.crunchyroll.com/beyblade-metal-fusion,https://img1.ak.crunchyroll.com/i/spire2/f1baf28e22c5fcf08225a8f3c307386b1449274553_full.jpg,12,2,5.0,action|adventure|sports,0,0,0,0,2,1,1,0,0,0,0,0,0,0,0,0,0,0,0,0,0,0,0,0,0,0,0,0,0,0,0,1,0,0
1176,Robot Carnival,https://www.crunchyroll.com/robot-carnival,https://img1.ak.crunchyroll.com/i/spire3/1816b0c4c09fad500d90be05c5a9812c1504136434_full.jpg,12,2,5.0,drama|fantasy|post-apocalyptic|sci-fi,0,0,0,0,2,0,0,0,1,0,1,0,0,0,0,0,0,0,0,0,0,0,0,1,0,1,0,0,0,0,0,0,0,0
1177,Cardcaptor Sakura the Movie 2: The Sealed Card,https://www.crunchyroll.com/cardcaptor-sakura-the-movie-2-the-sealed-card,https://img1.ak.crunchyroll.com/i/spire3/cf7fe2a5bb995a9236d75adb8a1ef83d1529088784_full.jpg,12,2,5.0,adventure|comedy|magical girls|shojo,0,0,0,0,2,0,1,1,0,0,0,0,0,0,0,0,0,0,1,0,0,0,0,0,0,0,0,0,1,0,0,0,0,0
1178,Night on the Galactic Railroad,https://www.crunchyroll.com/night-on-the-galactic-railroad,https://img1.ak.crunchyroll.com/i/spire3/0f27ffb865e45207b852ca65506aa6bf1519769300_full.jpg,12,2,4.5,adventure|drama|fantasy|mystery,0,0,0,1,1,0,1,0,1,0,1,0,0,0,0,0,0,0,0,0,0,0,1,0,0,0,0,0,0,0,0,0,0,0
1179,The Diary of Ochibi (Motion Manga),https://www.crunchyroll.com/the-diary-of-ochibi-motion-manga,https://img1.ak.crunchyroll.com/i/spire3/b93879b888a5a373c74abf5f5cab53761436306438_full.jpg,12,2,4.5,,0,0,0,1,1,0,0,0,0,0,0,0,0,0,0,0,0,0,0,0,0,0,0,0,0,0,0,0,0,0,0,0,0,0
1180,Strait Jacket,https://www.crunchyroll.com/strait-jacket,https://img1.ak.crunchyroll.com/i/spire3/ea3652eecf2b2bb2569e9c999c3db0ab1401316123_full.jpg,1,2,4.5,,0,0,0,1,1,0,0,0,0,0,0,0,0,0,0,0,0,0,0,0,0,0,0,0,0,0,0,0,0,0,0,0,0,0
1181,Luck & Logic,https://www.crunchyroll.com/luck-logic,https://img1.ak.crunchyroll.com/i/spire4/4c3d528c0b6855e3013618abd4257d4c1452545813_full.jpg,12,2,4.5,action|fantasy|sci-fi,0,0,0,1,1,1,0,0,0,0,1,0,0,0,0,0,0,0,0,0,0,0,0,0,0,1,0,0,0,0,0,0,0,0
1182,Happy Life,https://www.crunchyroll.com/happy-life,https://img1.ak.crunchyroll.com/i/spire2/edf96437bf79ec888fb8586dde0c38ac1464127215_full.jpg,12,2,4.5,,0,0,0,1,1,0,0,0,0,0,0,0,0,0,0,0,0,0,0,0,0,0,0,0,0,0,0,0,0,0,0,0,0,0
1183,The Wonderful Wizard of Oz,https://www.crunchyroll.com/the-wonderful-wizard-of-oz,https://img1.ak.crunchyroll.com/i/spire4/86713b4b028977ef35b2b2d1c5746f431558548637_full.jpg,12,2,4.5,adventure|comedy|fantasy,0,0,0,1,1,0,1,1,0,0,1,0,0,0,0,0,0,0,0,0,0,0,0,0,0,0,0,0,0,0,0,0,0,0
1184,Tofugu,https://www.crunchyroll.com/tofugu,https://img1.ak.crunchyroll.com/i/spire3/470db0067f9d7c105289eacfce9979b01338192193_full.jpg,12,2,4.5,,0,0,0,1,1,0,0,0,0,0,0,0,0,0,0,0,0,0,0,0,0,0,0,0,0,0,0,0,0,0,0,0,0,0
1185,THE [email protected] Side M,https://www.crunchyroll.com/the-idolmster-side-m,https://img1.ak.crunchyroll.com/i/spire2/ff08b67ad4ca585246467b41a51d63091507940093_full.jpg,14,2,4.5,idols|music|slice of life,0,0,0,1,1,0,0,0,0,0,0,0,0,0,0,1,0,0,0,0,0,1,0,0,0,0,0,0,0,0,1,0,0,0
1186,Pita-Ten,https://www.crunchyroll.com/pita-ten,https://img1.ak.crunchyroll.com/i/spire2/52d5bb50f12bb6b7e63dc5701dfb52161474491768_full.jpg,12,2,4.0,comedy|fantasy|romance|slice of life|supernatural,0,0,1,0,1,0,0,1,0,0,1,0,0,0,0,0,0,0,0,0,0,0,0,0,1,0,0,0,0,0,1,0,1,0
1187,Iida Tokimeki Trip,https://www.crunchyroll.com/iida-tokimeki-trip,https://img1.ak.crunchyroll.com/i/spire1/063a023654cbd6a555b6c8b84e1760f21455140850_full.jpg,12,2,4.0,,0,0,1,0,1,0,0,0,0,0,0,0,0,0,0,0,0,0,0,0,0,0,0,0,0,0,0,0,0,0,0,0,0,0
1188,Ringing Bell,https://www.crunchyroll.com/ringing-bell,https://img1.ak.crunchyroll.com/i/spire4/0088ca76a417f65e61ee978776f225731463335873_full.jpg,12,2,4.0,adventure|drama|fantasy,0,0,1,0,1,0,1,0,1,0,1,0,0,0,0,0,0,0,0,0,0,0,0,0,0,0,0,0,0,0,0,0,0,0
1189,"Kizuna AI 1st Live ""hello, world""",https://www.crunchyroll.com/kizuna-ai-1st-live-hello-world,https://img1.ak.crunchyroll.com/i/spire4/c9a264d78666b3cfbf488a1eae4aec761567269992_full.jpg,12,2,4.0,,0,0,1,0,1,0,0,0,0,0,0,0,0,0,0,0,0,0,0,0,0,0,0,0,0,0,0,0,0,0,0,0,0,0
1190,Dancouga: Super Beast Machine God,https://www.crunchyroll.com/dancouga-super-beast-machine-god,https://img1.ak.crunchyroll.com/i/spire1/5b5b7f6f50c2729b992af2cb3a0ec6701557327663_full.jpg,12,2,4.0,action|mecha|sci-fi,0,0,1,0,1,1,0,0,0,0,0,0,0,0,0,0,0,0,0,0,1,0,0,0,0,1,0,0,0,0,0,0,0,0
1191,Saint Seiya Hades (EN),https://www.crunchyroll.com/saint-seiya-hades-en,https://img1.ak.crunchyroll.com/i/spire1/58d0209abe21f11da0fa61f13b49c04b1454355774_full.jpg,12,2,4.0,,0,0,1,0,1,0,0,0,0,0,0,0,0,0,0,0,0,0,0,0,0,0,0,0,0,0,0,0,0,0,0,0,0,0
1192,The Tenth Prism (Motion Manga),https://www.crunchyroll.com/the-tenth-prism-motion-manga,https://img1.ak.crunchyroll.com/i/spire1/027a991c8c8d8decef8e89772edda9c41435184233_full.jpg,12,2,4.0,action|adventure|drama|fantasy,0,0,1,0,1,1,1,0,1,0,1,0,0,0,0,0,0,0,0,0,0,0,0,0,0,0,0,0,0,0,0,0,0,0
1193,The Glass Mask Year 3 Class D,https://www.crunchyroll.com/the-glass-mask-year-3-class-d,https://img1.ak.crunchyroll.com/i/spire3/52cb20fa5744fe54cbada3156d94ef891476841305_full.jpg,13,2,4.0,comedy|slice of life,0,0,0,2,0,0,0,1,0,0,0,0,0,0,0,0,0,0,0,0,0,0,0,0,0,0,0,0,0,0,1,0,0,0
1194,Life in Additional Time,https://www.crunchyroll.com/life-in-additional-time,https://img1.ak.crunchyroll.com/i/spire1/1daf49206dd14f26fef9f1479d8a8f671427852680_full.jpg,12,2,4.0,,0,0,0,2,0,0,0,0,0,0,0,0,0,0,0,0,0,0,0,0,0,0,0,0,0,0,0,0,0,0,0,0,0,0
1195,Action Heroine Cheer Fruits,https://www.crunchyroll.com/action-heroine-cheer-fruits,https://img1.ak.crunchyroll.com/i/spire3/264089cc4dbda8009516bf01eda21b181541054851_full.jpg,12,2,3.5,comedy|seinen|slice of life,0,1,0,0,1,0,0,1,0,0,0,0,0,0,0,0,0,0,0,0,0,0,0,0,0,0,1,0,0,0,1,0,0,0
1196,Ultra Maniac,https://www.crunchyroll.com/ultra-maniac,https://img1.ak.crunchyroll.com/i/spire4/f3bec0b35c96df3c7b18fa7b605599161557424156_full.jpg,12,2,3.5,comedy|magical girls|romance|shojo,0,0,1,1,0,0,0,1,0,0,0,0,0,0,0,0,0,0,1,0,0,0,0,0,1,0,0,0,1,0,0,0,0,0
1197,Chiruran 1/2,https://www.crunchyroll.com/chiruran-12,https://img1.ak.crunchyroll.com/i/spire1/6719f63d550023c2577febfa877149fa1483983450_full.jpg,12,2,3.5,comedy|slice of life,0,0,1,1,0,0,0,1,0,0,0,0,0,0,0,0,0,0,0,0,0,0,0,0,0,0,0,0,0,0,1,0,0,0
1198,Japa Con Presents: Agent HaZAP,https://www.crunchyroll.com/japa-con-presents-agent-hazap,https://img1.ak.crunchyroll.com/i/spire3/c1f31e5fe01e065f3d888e7e8edacd461493073140_full.jpg,12,2,3.0,music,1,0,0,0,1,0,0,0,0,0,0,0,0,0,0,0,0,0,0,0,0,1,0,0,0,0,0,0,0,0,0,0,0,0
1199,ORECA BATTLE,https://www.crunchyroll.com/oreca-battle,https://img1.ak.crunchyroll.com/i/spire4/a01439db4b5d72b448fe33c6af920a181396811495_full.jpg,12,2,3.0,action|fantasy|shonen,0,0,2,0,0,1,0,0,0,0,1,0,0,0,0,0,0,0,0,0,0,0,0,0,0,0,0,0,0,1,0,0,0,0
1200,PEACE MAKER KUROGANE,https://www.crunchyroll.com/peace-maker-kurogane,https://img1.ak.crunchyroll.com/i/spire3/47eec6706ac29b64be06a0f52e36e24a1553641062_full.jpg,1,2,3.0,action|adventure|historical|shonen,1,0,0,0,1,1,1,0,0,0,0,0,0,1,0,0,0,0,0,0,0,0,0,0,0,0,0,0,0,1,0,0,0,0
1201,THE [email protected] SideM  Wakeatte Mini!,https://www.crunchyroll.com/the-idolmster-sidem-wakeatte-mini,https://img1.ak.crunchyroll.com/i/spire3/40186beb1b031d2ab401520bf14050c31539076280_full.jpg,12,2,3.0,idols|music|slice of life,1,0,0,0,1,0,0,0,0,0,0,0,0,0,0,1,0,0,0,0,0,1,0,0,0,0,0,0,0,0,1,0,0,0
1202,Female Convict Scorpion,https://www.crunchyroll.com/female-convict-scorpion,https://img1.ak.crunchyroll.com/i/spire4/eb073f2da5cdbad6e8cac798912f91f61369078115_full.jpg,12,2,3.0,action|martial arts,0,0,2,0,0,1,0,0,0,0,0,0,0,0,0,0,0,0,0,1,0,0,0,0,0,0,0,0,0,0,0,0,0,0
1203,Dai-Guard,https://www.crunchyroll.com/dai-guard,https://img1.ak.crunchyroll.com/i/spire1/61ba6d2bfb483f140d7285ef6192ad0f1566851120_full.jpg,12,2,2.5,sci-fi,0,1,1,0,0,0,0,0,0,0,0,0,0,0,0,0,0,0,0,0,0,0,0,0,0,1,0,0,0,0,0,0,0,0
1204,Gasaraki,https://www.crunchyroll.com/gasaraki,https://img1.ak.crunchyroll.com/i/spire3/8ff90abd71c152909b4129214d4b071c1487113651_full.jpg,12,2,2.5,drama|mecha|sci-fi|supernatural,0,1,1,0,0,0,0,0,1,0,0,0,0,0,0,0,0,0,0,0,1,0,0,0,0,1,0,0,0,0,0,0,1,0
1205,Soul Link,https://www.crunchyroll.com/soul-link,https://img1.ak.crunchyroll.com/i/spire2/e12020e47427eac73306f0d4f47a556e1566851080_full.jpg,12,2,2.0,sci-fi,1,0,1,0,0,0,0,0,0,0,0,0,0,0,0,0,0,0,0,0,0,0,0,0,0,1,0,0,0,0,0,0,0,0
1206,Shinobi Girl: The Movie,https://www.crunchyroll.com/shinobi-girl-the-movie,https://img1.ak.crunchyroll.com/i/spire2/363398edca092d2c0e14b15809a2535c1448488837_full.jpg,12,2,2.0,,1,0,1,0,0,0,0,0,0,0,0,0,0,0,0,0,0,0,0,0,0,0,0,0,0,0,0,0,0,0,0,0,0,0
1207,DYNAMIC CHORD,https://www.crunchyroll.com/dynamic-chord,https://img1.ak.crunchyroll.com/i/spire4/0cceac969f333e6f28c2f667ad3820131541631971_full.jpg,12,2,1.0,idols|music,2,0,0,0,0,0,0,0,0,0,0,0,0,0,0,1,0,0,0,0,0,1,0,0,0,0,0,0,0,0,0,0,0,0
1208,SHOKU-KING (Motion Manga),https://www.crunchyroll.com/shoku-king-motion-manga,https://img1.ak.crunchyroll.com/i/spire4/75aa0ff4be9b95531e134a79060f10b11435184205_full.jpg,12,1,5.0,,0,0,0,0,1,0,0,0,0,0,0,0,0,0,0,0,0,0,0,0,0,0,0,0,0,0,0,0,0,0,0,0,0,0
1209,Sailor Moon R: The Movie,https://www.crunchyroll.com/sailor-moon-r-the-movie,https://img1.ak.crunchyroll.com/i/spire1/155d9b8e6d3521537a9c941560281f941576129350_full.jpg,12,1,5.0,shojo,0,0,0,0,1,0,0,0,0,0,0,0,0,0,0,0,0,0,0,0,0,0,0,0,0,0,0,0,1,0,0,0,0,0
1210,Katana Maidens ~ Mini Toji,https://www.crunchyroll.com/katana-maidens-mini-toji,https://img1.ak.crunchyroll.com/i/spire3/deb0ebb4b44cb70865105d6fba2e12dc1546658576_full.jpg,11,1,5.0,action|comedy,0,0,0,0,1,1,0,1,0,0,0,0,0,0,0,0,0,0,0,0,0,0,0,0,0,0,0,0,0,0,0,0,0,0
1211,Naruto the Movie: Ninja Clash in the Land of Snow,https://www.crunchyroll.com/naruto-the-movie-ninja-clash-in-the-land-of-snow,https://img1.ak.crunchyroll.com/i/spire2/59c39518ee93311d8bcdc5489e1544a81576105035_full.jpg,12,1,5.0,shonen,0,0,0,0,1,0,0,0,0,0,0,0,0,0,0,0,0,0,0,0,0,0,0,0,0,0,0,0,0,1,0,0,0,0
1212,Naruto the Movie: Legend of the Stone of Gelel,https://www.crunchyroll.com/naruto-the-movie-legend-of-the-stone-of-gelel,https://img1.ak.crunchyroll.com/i/spire2/6756de0f904992e991ff445b893a3e331576105099_full.jpg,12,1,5.0,shonen,0,0,0,0,1,0,0,0,0,0,0,0,0,0,0,0,0,0,0,0,0,0,0,0,0,0,0,0,0,1,0,0,0,0
1213,Jungle Emperor Leo,https://www.crunchyroll.com/jungle-emperor-leo,https://img1.ak.crunchyroll.com/i/spire3/4aade320254dd7c2d62067a811339ad01504136868_full.jpg,12,1,5.0,adventure|fantasy,0,0,0,0,1,0,1,0,0,0,1,0,0,0,0,0,0,0,0,0,0,0,0,0,0,0,0,0,0,0,0,0,0,0
1214,Naruto the Movie: Guardians of the Crescent Moon Kingdom,https://www.crunchyroll.com/naruto-the-movie-guardians-of-the-crescent-moon-kingdom,https://img1.ak.crunchyroll.com/i/spire1/7374c57a0a307cd57c6588404b5c168b1576105147_full.jpg,12,1,5.0,shonen,0,0,0,0,1,0,0,0,0,0,0,0,0,0,0,0,0,0,0,0,0,0,0,0,0,0,0,0,0,1,0,0,0,0
1215,GoShogun,https://www.crunchyroll.com/goshogun,https://img1.ak.crunchyroll.com/i/spire3/70156ee4cf86b6f7511b441d5cfd44611557370320_full.jpg,12,1,5.0,action|mecha|sci-fi,0,0,0,0,1,1,0,0,0,0,0,0,0,0,0,0,0,0,0,0,1,0,0,0,0,1,0,0,0,0,0,0,0,0
1216,NG Knight Lamune & 40,https://www.crunchyroll.com/ng-knight-lamune-40,https://img1.ak.crunchyroll.com/i/spire1/5d3d8e5f0be4bebaec440dc818145fb21560458285_full.jpg,12,1,5.0,adventure|comedy|fantasy|isekai|romance,0,0,0,0,1,0,1,1,0,0,1,0,0,0,0,0,1,0,0,0,0,0,0,0,1,0,0,0,0,0,0,0,0,0
1217,Road To Ninja -Naruto the Movie,https://www.crunchyroll.com/road-to-ninja-naruto-the-movie,https://img1.ak.crunchyroll.com/i/spire1/a43e8e0f97875bbc48b958fe91e9ad4a1576186492_full.jpg,12,1,5.0,shonen,0,0,0,0,1,0,0,0,0,0,0,0,0,0,0,0,0,0,0,0,0,0,0,0,0,0,0,0,0,1,0,0,0,0
1218,The Crunchyroll Anime Awards,https://www.crunchyroll.com/the-crunchyroll-anime-awards,https://img1.ak.crunchyroll.com/i/spire1/0c9fb1ac76581784e7c48991217d4f631550781420_full.jpg,12,1,5.0,,0,0,0,0,1,0,0,0,0,0,0,0,0,0,0,0,0,0,0,0,0,0,0,0,0,0,0,0,0,0,0,0,0,0
1219,Gakuen Basara: Samurai High School,https://www.crunchyroll.com/gakuen-basara-samurai-high-school,https://img1.ak.crunchyroll.com/i/spire1/c29ef24e58b40e0cab78826bab8c0ca51543360114_full.jpg,12,1,5.0,action|comedy,0,0,0,0,1,1,0,1,0,0,0,0,0,0,0,0,0,0,0,0,0,0,0,0,0,0,0,0,0,0,0,0,0,0
1220,Kamen no Maid Guy,https://www.crunchyroll.com/kamen-no-maid-guy,https://img1.ak.crunchyroll.com/i/spire3/001b382fa80907b5ce68e58386983f9a1566947142_full.jpg,12,1,5.0,action|comedy,0,0,0,0,1,1,0,1,0,0,0,0,0,0,0,0,0,0,0,0,0,0,0,0,0,0,0,0,0,0,0,0,0,0
1221,EAT-MAN '98,https://www.crunchyroll.com/eat-man-98,https://img1.ak.crunchyroll.com/i/spire3/a0491adc47565b7e27459137c38ea7da1557896531_full.jpg,12,1,5.0,action|adventure|sci-fi,0,0,0,0,1,1,1,0,0,0,0,0,0,0,0,0,0,0,0,0,0,0,0,0,0,1,0,0,0,0,0,0,0,0
1222,Knuspercast,https://www.crunchyroll.com/knuspercast,https://img1.ak.crunchyroll.com/i/spire1/9aaf0a8b871a52c4db82195766c82b211452680571_full.jpg,12,1,5.0,,0,0,0,0,1,0,0,0,0,0,0,0,0,0,0,0,0,0,0,0,0,0,0,0,0,0,0,0,0,0,0,0,0,0
1223,Magic User's Club,https://www.crunchyroll.com/magic-users-club,https://img1.ak.crunchyroll.com/i/spire2/0263c26af50fe8fb0ba158d8525af4121482888583_full.jpg,12,1,5.0,comedy|romance|sci-fi|supernatural,0,0,0,0,1,0,0,1,0,0,0,0,0,0,0,0,0,0,0,0,0,0,0,0,1,1,0,0,0,0,0,0,1,0
1224,Steel Fisted Dragon,https://www.crunchyroll.com/steel-fisted-dragon,https://img1.ak.crunchyroll.com/i/spire4/c760e1c4a68c1697e25b4e7ee62dce211369078317_full.jpg,12,1,5.0,action|martial arts,0,0,0,0,1,1,0,0,0,0,0,0,0,0,0,0,0,0,0,1,0,0,0,0,0,0,0,0,0,0,0,0,0,0
1225,VS Knight Lamune & 40 Fire,https://www.crunchyroll.com/vs-knight-lamune-40-fire,https://img1.ak.crunchyroll.com/i/spire2/6805bb0ccd981c55461b92f9f269be641568828047_full.jpg,12,1,5.0,action|comedy|fantasy,0,0,0,0,1,1,0,1,0,0,1,0,0,0,0,0,0,0,0,0,0,0,0,0,0,0,0,0,0,0,0,0,0,0
1226,Naruto Shippuden the Movie: The Will of Fire,https://www.crunchyroll.com/naruto-shippuden-the-movie-the-will-of-fire,https://img1.ak.crunchyroll.com/i/spire4/ed9b445fc3696a705e6940074baf38db1576130040_full.jpg,12,1,5.0,shonen,0,0,0,0,1,0,0,0,0,0,0,0,0,0,0,0,0,0,0,0,0,0,0,0,0,0,0,0,0,1,0,0,0,0
1227,Divine Gate,https://www.crunchyroll.com/divine-gate,https://img1.ak.crunchyroll.com/i/spire2/1fe2848ed0a362d7654d92a47b707e8b1452545704_full.jpg,12,1,4.0,drama|mystery|romance,0,0,0,1,0,0,0,0,1,0,0,0,0,0,0,0,0,0,0,0,0,0,1,0,1,0,0,0,0,0,0,0,0,0
1228,Wooser’s Hand-to-Mouth Life: Phantasmagoric Arc,https://www.crunchyroll.com/woosers-hand-to-mouth-life-phantasmagoric-arc,https://img1.ak.crunchyroll.com/i/spire2/32f76b87f950d9fcfec4bc302fa11e3b1436040024_full.jpg,13,1,4.0,comedy|slice of life,0,0,0,1,0,0,0,1,0,0,0,0,0,0,0,0,0,0,0,0,0,0,0,0,0,0,0,0,0,0,1,0,0,0
1229,Soul Hunter,https://www.crunchyroll.com/soul-hunter,https://img1.ak.crunchyroll.com/i/spire4/fda0b1de60b537aacc370608e95015891504136198_full.jpg,12,1,4.0,action|adventure|fantasy|sci-fi|shonen,0,0,0,1,0,1,1,0,0,0,1,0,0,0,0,0,0,0,0,0,0,0,0,0,0,1,0,0,0,1,0,0,0,0
1230,God Mars,https://www.crunchyroll.com/god-mars,https://img1.ak.crunchyroll.com/i/spire3/1c2285d47e7a0fd2f47f754bd9e8aba11448370317_full.jpg,12,1,3.0,action|adventure|mecha|sci-fi,0,0,1,0,0,1,1,0,0,0,0,0,0,0,0,0,0,0,0,0,1,0,0,0,0,1,0,0,0,0,0,0,0,0
1231,Arcana,https://www.crunchyroll.com/arcana,https://img1.ak.crunchyroll.com/i/spire2/1168f983e55f1bb7eba4c5e1fbd8624e1430009063_full.jpg,12,1,3.0,,0,0,1,0,0,0,0,0,0,0,0,0,0,0,0,0,0,0,0,0,0,0,0,0,0,0,0,0,0,0,0,0,0,0
1232,SNACK WORLD,https://www.crunchyroll.com/snack-world,https://img1.ak.crunchyroll.com/i/spire3/fc8f224bd8c4febb563825d11f06db011581667817_full.jpg,12,1,2.0,,0,1,0,0,0,0,0,0,0,0,0,0,0,0,0,0,0,0,0,0,0,0,0,0,0,0,0,0,0,0,0,0,0,0
1233,8 Man After,https://www.crunchyroll.com/8-man-after,https://img1.ak.crunchyroll.com/i/spire3/4f4c26e73f95a95c7244e690386578f31557902059_full.jpg,12,1,1.0,action|sci-fi|shonen,1,0,0,0,0,1,0,0,0,0,0,0,0,0,0,0,0,0,0,0,0,0,0,0,0,1,0,0,0,1,0,0,0,0
1234,Zo Zo Zombie,https://www.crunchyroll.com/zo-zo-zombie,https://img1.ak.crunchyroll.com/i/spire3/06b215ee1439fb4bd8954bad4481979b1584311792_full.jpg,12,1,1.0,,1,0,0,0,0,0,0,0,0,0,0,0,0,0,0,0,0,0,0,0,0,0,0,0,0,0,0,0,0,0,0,0,0,0
1235,Cosmo Warrior Zero,https://www.crunchyroll.com/cosmo-warrior-zero,https://img1.ak.crunchyroll.com/i/spire4/808301236f1322c128dfc96b1b0d92c11557897648_full.jpg,12,1,1.0,action|adventure|sci-fi,1,0,0,0,0,1,1,0,0,0,0,0,0,0,0,0,0,0,0,0,0,0,0,0,0,1,0,0,0,0,0,0,0,0
1236,Mischievous Kiss - The Movie,https://www.crunchyroll.com/mischievous-kiss-the-movie,https://img1.ak.crunchyroll.com/i/spire4/2060658bab4ef5c071ae76b619004a941581632821_full.jpg,3,0,0.0,romance,0,0,0,0,0,0,0,0,0,0,0,0,0,0,0,0,0,0,0,0,0,0,0,0,1,0,0,0,0,0,0,0,0,0
1237,K Missing Kings,https://www.crunchyroll.com/k-missing-kings,https://img1.ak.crunchyroll.com/i/spire4/6bfc09aec7dd25d79ad368e4918b541a1575922052_full.jpg,12,0,0.0,,0,0,0,0,0,0,0,0,0,0,0,0,0,0,0,0,0,0,0,0,0,0,0,0,0,0,0,0,0,0,0,0,0,0
1238,Naruto Shippuden the Movie: Blood Prison,https://www.crunchyroll.com/naruto-shippuden-the-movie-blood-prison,https://img1.ak.crunchyroll.com/i/spire4/72962ad98ad3b416187f2269c57ef8c91576129814_full.jpg,12,0,0.0,shonen,0,0,0,0,0,0,0,0,0,0,0,0,0,0,0,0,0,0,0,0,0,0,0,0,0,0,0,0,0,1,0,0,0,0
1239,The Adventures of the Little Prince,https://www.crunchyroll.com/the-adventures-of-the-little-prince,https://img1.ak.crunchyroll.com/i/spire4/6ab0967769f1d009d5d03b8be375fc221558034189_full.jpg,12,0,0.0,action|adventure|drama|fantasy,0,0,0,0,0,1,1,0,1,0,1,0,0,0,0,0,0,0,0,0,0,0,0,0,0,0,0,0,0,0,0,0,0,0
1240,Inuyasha the Movie 3: Swords of an Honorable Ruler,https://www.crunchyroll.com/inuyasha-the-movie-3-swords-of-an-honorable-ruler,https://img1.ak.crunchyroll.com/i/spire3/7a6a77ab4b7d09c2b2abe807d321f0341576043564_full.jpg,12,0,0.0,action|adventure|fantasy|romance,0,0,0,0,0,1,1,0,0,0,1,0,0,0,0,0,0,0,0,0,0,0,0,0,1,0,0,0,0,0,0,0,0,0
1241,Swan Lake,https://www.crunchyroll.com/swan-lake,https://img1.ak.crunchyroll.com/i/spire3/12414f70d2d05208d5fb8964f43e14c51558548022_full.jpg,12,0,0.0,drama|fantasy|music|romance|shojo,0,0,0,0,0,0,0,0,1,0,1,0,0,0,0,0,0,0,0,0,0,1,0,0,1,0,0,0,1,0,0,0,0,0
1242,Psybuster,https://www.crunchyroll.com/psybuster,https://img1.ak.crunchyroll.com/i/spire3/f82a2cba3ce443b6ead3219bc9c40e4b1558034737_full.jpg,12,0,0.0,adventure|mecha|mystery|post-apocalyptic|sci-fi|shonen,0,0,0,0,0,0,1,0,0,0,0,0,0,0,0,0,0,0,0,0,1,0,1,1,0,1,0,0,0,1,0,0,0,0
1243,Crunchyroll Convention Highlights,https://www.crunchyroll.com/crunchyroll-convention-highlights,https://img1.ak.crunchyroll.com/i/spire2/f023712807a4257a58b619b804acc5db1456793075_full.jpg,12,0,0.0,,0,0,0,0,0,0,0,0,0,0,0,0,0,0,0,0,0,0,0,0,0,0,0,0,0,0,0,0,0,0,0,0,0,0
1244,Captain Harlock: Arcadia of my Youth - Endless Orbit SSX,https://www.crunchyroll.com/captain-harlock-arcadia-of-my-youth-endless-orbit-ssx,https://img1.ak.crunchyroll.com/i/spire4/c7bf49f269f69c441b546a02b8ebeeb71557792210_full.jpg,12,0,0.0,action|adventure|drama|sci-fi,0,0,0,0,0,1,1,0,1,0,0,0,0,0,0,0,0,0,0,0,0,0,0,0,0,1,0,0,0,0,0,0,0,0
1245,Inuyasha the Movie 2: The Castle Beyond the Looking Glass,https://www.crunchyroll.com/inuyasha-the-movie-2-the-castle-beyond-the-looking-glass,https://img1.ak.crunchyroll.com/i/spire3/12ced6ee99ef56d9f75038a22c28b4341576187549_full.jpg,12,0,0.0,action|adventure|fantasy|romance,0,0,0,0,0,1,1,0,0,0,1,0,0,0,0,0,0,0,0,0,0,0,0,0,1,0,0,0,0,0,0,0,0,0
1246,K: Seven Stories,https://www.crunchyroll.com/k-seven-stories,https://img1.ak.crunchyroll.com/i/spire2/1f043c57dda9f19956a967cb59703bd51575922084_full.jpg,12,0,0.0,,0,0,0,0,0,0,0,0,0,0,0,0,0,0,0,0,0,0,0,0,0,0,0,0,0,0,0,0,0,0,0,0,0,0
1247,The Dragon Lives,https://www.crunchyroll.com/the-dragon-lives,https://img1.ak.crunchyroll.com/i/spire2/51235113e3e7e431c43c507d926e61841369078382_full.jpg,12,0,0.0,action|martial arts,0,0,0,0,0,1,0,0,0,0,0,0,0,0,0,0,0,0,0,1,0,0,0,0,0,0,0,0,0,0,0,0,0,0
1248,Inuyasha the Movie:  Affections Touching Across Time,https://www.crunchyroll.com/inuyasha-the-movie-affections-touching-across-time,https://img1.ak.crunchyroll.com/i/spire2/b71dbf97176bca6676ab881caf12d2471576187490_full.jpg,12,0,0.0,action|adventure|fantasy|romance,0,0,0,0,0,1,1,0,0,0,1,0,0,0,0,0,0,0,0,0,0,0,0,0,1,0,0,0,0,0,0,0,0,0
1249,Naruto Shippuden the Movie: The Lost Tower,https://www.crunchyroll.com/naruto-shippuden-the-movie-the-lost-tower,https://img1.ak.crunchyroll.com/i/spire2/81d3f11e1ce1ece56ef61015b87d035f1576129767_full.jpg,12,0,0.0,shonen,0,0,0,0,0,0,0,0,0,0,0,0,0,0,0,0,0,0,0,0,0,0,0,0,0,0,0,0,0,1,0,0,0,0
1250,Inuyasha the Movie 4: Fire On the Mystic Island,https://www.crunchyroll.com/inuyasha-the-movie-4-fire-on-the-mystic-island,https://img1.ak.crunchyroll.com/i/spire2/5f27b637c949fd49b422779c629946581576187724_full.jpg,12,0,0.0,action|adventure|fantasy|romance,0,0,0,0,0,1,1,0,0,0,1,0,0,0,0,0,0,0,0,0,0,0,0,0,1,0,0,0,0,0,0,0,0,0
1251,Space Warrior Baldios,https://www.crunchyroll.com/space-warrior-baldios,https://img1.ak.crunchyroll.com/i/spire4/e689708873db9f4ff13e85b058d07cec1557260559_full.jpg,12,0,0.0,action|adventure|drama|mecha|post-apocalyptic|sci-fi,0,0,0,0,0,1,1,0,1,0,0,0,0,0,0,0,0,0,0,0,1,0,0,1,0,1,0,0,0,0,0,0,0,0
1252,Captain Harlock: Arcadia of my Youth,https://www.crunchyroll.com/captain-harlock-arcadia-of-my-youth,https://img1.ak.crunchyroll.com/i/spire1/fc4f9381112bf12b77562a31ebafc1151568675665_full.jpg,12,0,0.0,drama|sci-fi,0,0,0,0,0,0,0,0,1,0,0,0,0,0,0,0,0,0,0,0,0,0,0,0,0,1,0,0,0,0,0,0,0,0
1253,Osomatsu-kun,https://www.crunchyroll.com/osomatsu-kun,https://img1.ak.crunchyroll.com/i/spire4/b0778c2ac4a5560ed2de18e43c47c89b1558539353_full.jpg,12,0,0.0,comedy|shonen|slice of life,0,0,0,0,0,0,0,1,0,0,0,0,0,0,0,0,0,0,0,0,0,0,0,0,0,0,0,0,0,1,1,0,0,0
1254,Magic User's Club OVA,https://www.crunchyroll.com/magic-users-club-ova,https://img1.ak.crunchyroll.com/i/spire4/3371be1b43b8b89e6f92d3d7245939a31480521095_full.jpg,12,0,0.0,comedy|romance|sci-fi|supernatural,0,0,0,0,0,0,0,1,0,0,0,0,0,0,0,0,0,0,0,0,0,0,0,0,1,1,0,0,0,0,0,0,1,0
1255,Izumo: Flash of a Brave Sword,https://www.crunchyroll.com/izumo-flash-of-a-brave-sword,https://img1.ak.crunchyroll.com/i/spire1/94ec4b96e8cb9aadeb5fd20c33f10db81568673852_full.jpg,12,0,0.0,action|adventure,0,0,0,0,0,1,1,0,0,0,0,0,0,0,0,0,0,0,0,0,0,0,0,0,0,0,0,0,0,0,0,0,0,0
