rating_id,user_id,anime_id,rating
1,475,18,4.0
2,33,47,5.0
3,488,35,4.5
4,300,100,4.0
5,394,56,5.0
6,33,14,5.0
7,466,82,5.0
8,2,82,4.0
9,187,47,5.0
10,92,94,4.0
11,53,30,5.0
12,24,127,5.0
13,355,61,5.0
14,435,14,5.0
15,305,104,5.0
16,487,58,5.0
17,243,14,4.0
18,120,95,4.0
19,271,50,4.0
20,274,52,5.0
21,86,34,4.5
22,399,69,4.0
23,367,67,4.5
24,129,112,4.5
25,452,45,5.0
26,86,84,5.0
27,329,55,5.0
28,153,48,4.0
29,434,123,5.0
30,155,97,5.0
31,194,119,4.5
32,186,40,4.5
33,456,96,4.0
34,183,120,4.0
35,232,30,4.0
36,35,36,4.5
37,418,48,3.5
38,51,53,5.0
39,442,66,5.0
40,198,48,5.0
41,425,76,4.5
42,315,64,5.0
43,350,63,5.0
44,340,77,5.0
45,252,18,5.0
46,25,102,5.0
47,276,109,4.0
48,148,73,4.0
49,252,56,4.5
50,353,13,5.0
51,132,59,5.0
52,65,7,5.0
53,164,83,5.0
54,320,103,4.0
55,43,63,5.0
56,332,81,4.5
57,497,34,5.0
58,151,100,4.5
59,71,60,5.0
60,290,108,5.0
61,271,97,5.0
62,285,131,4.5
63,312,6,5.0
64,156,51,4.5
65,179,122,4.5
66,364,116,5.0
67,402,104,4.5
68,459,82,4.5
69,398,118,4.5
70,146,67,4.0
71,95,56,4.5
72,369,61,5.0
73,58,34,5.0
74,231,83,3.5
75,275,129,5.0
76,252,110,4.0
77,299,82,5.0
78,120,90,3.5
79,334,31,5.0
80,336,22,5.0
81,114,125,5.0
82,271,110,5.0
83,468,114,4.5
84,406,120,4.0
85,196,22,4.5
86,296,16,5.0
87,91,106,5.0
88,468,46,4.5
89,303,99,5.0
90,105,82,5.0
91,478,76,5.0
92,324,53,3.5
93,74,131,4.5
94,87,71,4.0
95,471,2,3.5
96,288,35,3.0
97,191,104,5.0
98,460,39,5.0
99,159,121,3.0
100,396,5,4.0
101,101,109,3.0
102,203,26,5.0
103,155,71,4.0
104,276,133,5.0
105,127,44,5.0
106,315,117,4.5
107,473,71,5.0
108,199,48,3.0
109,139,103,5.0
110,185,117,5.0
111,116,30,4.5
112,17,7,5.0
113,317,74,4.0
114,224,39,5.0
115,400,26,4.5
116,195,21,5.0
117,62,126,4.5
118,469,27,5.0
119,173,96,4.5
120,82,69,4.0
121,280,93,4.5
122,390,71,4.0
123,41,113,5.0
124,210,40,4.5
125,282,63,5.0
126,220,49,5.0
127,184,121,5.0
128,158,51,3.5
129,199,32,4.5
130,387,56,4.5
131,13,83,4.0
132,148,111,4.5
133,376,105,5.0
134,120,4,4.0
135,182,119,4.5
136,72,14,4.0
137,250,55,5.0
138,389,64,5.0
139,121,77,4.0
140,386,78,4.0
141,29,48,5.0
142,340,38,4.0
143,261,91,4.5
144,168,117,4.0
145,325,7,5.0
146,202,45,5.0
147,287,44,3.5
148,447,98,4.5
149,37,124,5.0
150,81,18,5.0
151,77,134,5.0
152,279,111,4.5
153,219,34,4.0
154,9,77,4.0
155,486,37,4.5
156,492,37,4.5
157,325,42,5.0
158,119,9,5.0
159,234,125,3.5
160,303,100,5.0
161,332,84,4.5
162,426,97,4.0
163,247,95,5.0
164,252,102,5.0
165,373,23,5.0
166,154,54,4.0
167,285,108,5.0
168,441,60,3.0
169,454,61,5.0
170,428,56,4.5
171,267,113,4.5
172,400,17,4.5
173,242,29,5.0
174,48,107,5.0
175,105,61,5.0
176,20,118,5.0
177,70,103,4.5
178,337,4,5.0
179,158,121,4.5
180,28,117,5.0
181,493,71,5.0
182,320,120,4.0
183,450,123,5.0
184,369,87,5.0
185,139,82,5.0
186,263,16,4.5
187,247,131,4.0
188,82,91,5.0
189,56,68,4.5
190,52,92,5.0
191,381,32,4.5
192,213,63,5.0
193,217,46,5.0
194,117,26,4.5
195,427,116,4.5
196,288,73,4.5
197,202,57,4.0
198,315,24,5.0
199,451,63,5.0
200,396,132,3.0
201,68,128,3.0
202,288,33,5.0
203,450,2,5.0
204,214,32,5.0
205,84,86,5.0
206,359,45,5.0
207,139,13,5.0
208,256,6,5.0
209,365,125,5.0
210,254,129,5.0
211,377,34,5.0
212,159,134,5.0
213,309,87,5.0
214,245,99,4.0
215,361,50,5.0
216,243,21,5.0
217,3,400,4.5
218,314,27,4.5
219,32,44,5.0
220,165,84,4.0
221,483,25,5.0
222,251,34,5.0
223,116,20,4.5
224,217,12,4.5
225,65,57,5.0
226,338,74,4.5
227,349,24,5.0
228,221,103,5.0
229,160,4,4.0
230,491,3,4.5
231,186,94,4.5
232,26,87,5.0
233,344,95,4.0
234,496,36,5.0
235,266,41,4.0
236,202,77,5.0
237,144,39,4.0
238,284,82,5.0
239,11,125,5.0
240,242,81,5.0
241,7,28,5.0
242,165,79,5.0
243,127,78,5.0
244,5,20,5.0
245,442,124,5.0
246,179,32,5.0
247,142,117,4.0
248,265,13,4.0
249,8,17,3.5
250,486,111,4.5
251,122,97,5.0
252,351,7,5.0
253,74,111,4.5
254,64,106,5.0
255,190,37,4.5
256,373,41,3.5
257,100,111,5.0
258,255,122,5.0
259,362,39,4.5
260,32,32,5.0
261,321,38,4.5
262,53,125,5.0
263,455,35,3.5
264,421,125,4.5
265,80,35,3.0
266,368,77,4.0
267,148,72,5.0
268,304,117,5.0
269,256,56,5.0
270,490,87,4.5
271,220,127,5.0
272,481,89,4.5
273,213,35,4.0
274,16,59,5.0
275,231,3,3.5
276,174,70,4.0
277,330,60,4.5
278,367,33,5.0
279,454,56,5.0
280,104,31,5.0
281,291,93,5.0
282,306,47,4.5
283,458,116,5.0
284,197,93,5.0
285,415,133,5.0
286,52,70,4.5
287,170,13,5.0
288,297,89,5.0
289,474,4,4.5
290,365,13,5.0
291,334,123,5.0
292,209,101,5.0
293,267,25,4.0
294,294,12,5.0
295,102,93,4.0
296,351,106,4.5
297,110,83,5.0
298,465,44,5.0
299,165,33,5.0
300,92,56,4.5
301,75,58,4.0
302,146,116,5.0
303,243,35,4.5
304,339,75,4.5
305,131,10,5.0
306,152,49,4.5
307,5,116,2.0
308,243,126,3.5
309,180,41,4.5
310,199,4,4.0
311,17,50,5.0
312,367,79,5.0
313,29,127,4.5
314,439,53,5.0
315,348,24,4.5
316,39,103,4.0
317,265,70,4.0
318,386,68,4.0
319,438,89,5.0
320,86,61,4.0
321,371,35,3.0
322,209,92,3.5
323,278,127,4.0
324,484,107,5.0
325,123,128,3.5
326,1,102,4.0
327,50,22,4.0
328,249,102,5.0
329,260,58,5.0
330,466,17,4.0
331,112,5,5.0
332,245,115,4.0
333,81,62,4.0
334,355,10,4.0
335,172,52,5.0
336,13,6,4.5
337,489,29,4.0
338,67,20,4.0
339,153,74,4.0
340,68,57,5.0
341,14,23,4.0
342,392,107,4.0
343,17,112,5.0
344,151,101,4.5
345,347,76,4.5
346,230,44,4.0
347,339,71,4.5
348,62,57,5.0
349,253,49,5.0
350,300,130,5.0
351,419,71,4.0
352,257,75,5.0
353,236,126,5.0
354,365,19,3.5
355,13,113,4.5
356,338,94,3.5
357,376,48,4.5
358,1,147,4.5
359,106,53,5.0
360,84,102,4.0
361,134,62,4.5
362,378,23,4.0
363,419,59,4.5
364,344,94,5.0
365,111,30,4.5
366,150,81,5.0
367,256,94,4.5
368,402,15,5.0
369,347,9,4.5
370,144,84,5.0
371,49,106,4.5
372,14,7,4.0
373,98,38,5.0
374,394,92,4.5
375,373,81,5.0
376,255,51,5.0
377,9,35,3.0
378,279,30,5.0
379,424,16,5.0
380,276,103,4.5
381,197,53,4.5
382,273,126,4.5
383,463,93,3.5
384,22,120,5.0
385,419,12,4.5
386,55,2,5.0
387,226,56,4.5
388,451,17,4.0
389,323,98,5.0
390,300,53,5.0
391,32,91,5.0
392,232,18,3.5
393,290,58,5.0
394,168,129,5.0
395,110,119,4.0
396,141,68,4.5
397,115,70,5.0
398,66,125,4.5
399,487,120,4.0
400,45,129,5.0
401,195,126,4.0
402,342,8,5.0
403,274,80,5.0
404,315,90,4.5
405,103,54,4.0
406,169,64,5.0
407,79,89,4.5
408,31,105,4.0
409,50,102,5.0
410,314,19,4.5
411,331,125,5.0
412,93,95,3.5
413,68,5,5.0
414,210,110,5.0
415,246,68,5.0
416,204,9,5.0
417,7,8,4.5
418,88,67,5.0
419,168,133,4.5
420,338,64,5.0
421,240,65,5.0
422,349,1,5.0
423,89,38,4.0
424,309,46,5.0
425,233,70,5.0
426,88,18,5.0
427,218,91,5.0
428,320,70,4.5
429,31,32,5.0
430,12,45,4.0
431,239,73,3.0
432,442,107,5.0
433,242,114,5.0
434,185,80,5.0
435,120,128,3.0
436,158,99,4.5
437,457,12,5.0
438,252,23,5.0
439,36,23,4.5
440,314,75,4.0
441,22,74,4.5
442,486,51,4.5
443,166,22,4.0
444,295,83,4.0
445,478,38,5.0
446,465,75,5.0
447,96,53,4.5
448,283,55,5.0
449,414,64,3.5
450,126,7,5.0
451,256,118,5.0
452,216,112,4.5
453,26,60,5.0
454,242,109,4.5
455,31,51,4.5
456,273,32,4.0
457,272,68,5.0
458,16,91,3.5
459,278,61,4.5
460,28,119,4.0
461,447,4,4.0
462,10,53,4.5
463,452,42,4.0
464,178,46,5.0
465,362,56,5.0
466,364,62,4.0
467,436,98,5.0
468,83,89,4.5
469,16,123,5.0
470,180,89,4.5
471,179,46,4.5
472,176,72,4.5
473,293,105,4.0
474,380,130,5.0
475,452,25,5.0
476,145,110,5.0
477,51,96,5.0
478,424,124,4.5
479,454,58,4.5
480,251,125,5.0
481,398,8,5.0
482,131,20,4.0
483,479,115,5.0
484,464,114,5.0
485,256,67,4.5
486,255,63,5.0
487,377,18,4.0
488,17,20,4.5
489,421,131,4.5
490,104,133,5.0
491,350,66,4.5
492,81,110,4.5
493,95,37,4.0
494,54,49,4.0
495,41,8,4.5
496,124,30,5.0
497,219,130,4.5
498,366,116,4.0
499,116,83,5.0
500,245,71,4.0
501,167,101,5.0
502,34,37,3.5
503,122,84,4.0
504,184,123,3.5
505,88,113,5.0
506,476,83,4.5
507,331,98,4.0
508,143,25,4.5
509,57,52,3.5
510,159,110,5.0
511,463,118,4.5
512,155,29,5.0
513,171,121,3.5
514,23,63,3.0
515,50,128,2.0
516,113,103,5.0
517,327,12,5.0
518,239,6,4.5
519,321,55,4.5
520,122,38,5.0
521,29,79,4.5
522,256,15,4.5
523,273,106,4.5
524,50,126,4.0
525,296,119,5.0
526,443,47,3.5
527,178,99,4.0
528,376,121,5.0
529,350,71,4.0
530,147,104,4.5
531,373,16,4.5
532,358,129,4.0
533,301,30,5.0
534,489,69,4.0
535,38,13,5.0
536,29,68,5.0
537,464,81,5.0
538,312,38,4.0
539,260,128,2.5
540,302,1,4.0
541,326,86,5.0
542,482,121,4.0
543,81,123,5.0
544,103,63,4.5
545,165,56,5.0
546,6,107,5.0
547,250,19,4.0
548,469,117,5.0
549,335,79,4.5
550,419,110,5.0
551,304,107,5.0
552,28,48,5.0
553,425,3,5.0
554,265,7,5.0
555,480,26,5.0
556,338,24,5.0
557,265,17,4.5
558,400,15,5.0
559,24,30,4.5
560,229,17,5.0
561,481,127,4.5
562,355,119,5.0
563,457,28,4.0
564,9,103,5.0
565,500,33,5.0
566,94,83,5.0
567,16,28,5.0
568,84,123,3.5
569,312,40,4.5
570,424,121,5.0
571,5,16,5.0
572,125,115,4.5
573,421,128,3.0
574,387,92,4.0
575,99,119,4.0
576,69,126,4.0
577,407,121,4.5
578,359,48,4.0
579,175,128,3.5
580,483,8,5.0
581,48,22,3.5
582,339,38,3.5
583,278,9,4.5
584,287,126,4.0
585,447,10,5.0
586,29,20,4.5
587,430,8,4.0
588,466,42,4.5
589,254,125,4.5
590,425,99,3.5
591,200,132,4.0
592,313,23,5.0
593,29,33,4.5
594,475,96,4.5
595,179,40,4.5
596,376,5,4.0
597,229,89,3.5
598,238,1,5.0
599,377,100,4.5
600,139,24,4.5
601,222,27,4.0
602,31,52,4.5
603,345,4,4.5
604,231,46,5.0
605,154,105,4.5
606,211,93,4.5
607,412,73,3.0
608,25,104,5.0
609,143,132,3.5
610,338,53,4.0
611,147,52,4.5
612,417,38,5.0
613,43,106,4.5
614,380,11,5.0
615,427,84,5.0
616,319,112,5.0
617,341,11,5.0
618,478,93,5.0
619,64,20,4.5
620,54,102,4.0
621,12,66,4.5
622,290,117,4.0
623,137,89,5.0
624,499,94,4.5
625,151,109,4.5
626,139,46,4.5
627,344,15,4.5
628,248,110,4.5
629,498,121,4.5
630,83,107,4.0
631,26,27,5.0
632,159,54,4.5
633,175,96,4.5
634,294,36,5.0
635,15,56,4.5
636,31,127,5.0
637,451,129,4.5
638,250,10,4.5
639,138,85,4.0
640,69,113,4.5
641,394,134,4.5
642,158,11,5.0
643,200,88,2.5
644,464,92,5.0
645,33,106,5.0
646,103,114,5.0
647,312,67,4.0
648,251,107,5.0
649,95,27,5.0
650,391,104,4.5
651,175,34,5.0
652,34,74,5.0
653,291,17,3.5
654,323,123,5.0
655,69,85,4.5
656,175,9,5.0
657,42,56,5.0
658,8,112,4.5
659,28,72,4.5
660,476,93,5.0
661,102,90,4.0
662,465,28,4.0
663,10,78,2.5
664,388,79,5.0
665,498,23,4.5
666,379,37,4.0
667,295,109,3.5
668,414,73,2.5
669,171,42,4.0
670,173,41,5.0
671,65,40,5.0
672,94,120,4.5
673,440,3,4.5
674,54,13,5.0
675,252,2,4.0
676,402,73,3.5
677,479,122,5.0
678,493,79,5.0
679,103,19,5.0
680,284,63,5.0
681,56,35,3.5
682,408,83,4.5
683,202,110,5.0
684,480,29,5.0
685,51,27,5.0
686,64,100,4.0
687,376,59,4.0
688,108,112,5.0
689,147,40,5.0
690,335,38,5.0
691,289,3,5.0
692,13,114,4.0
693,26,127,4.5
694,139,16,4.5
695,490,132,4.0
696,254,102,4.5
697,394,66,4.0
698,118,78,4.5
699,426,74,4.5
700,299,32,4.5
701,116,36,5.0
702,474,33,5.0
703,93,33,4.5
704,316,129,5.0
705,367,48,5.0
706,358,54,5.0
707,244,125,4.0
708,311,130,4.0
709,107,117,4.5
710,230,118,4.5
711,270,53,5.0
712,170,50,5.0
713,87,72,3.5
714,316,38,4.5
715,144,94,3.5
716,342,70,4.0
717,228,12,4.0
718,13,90,4.5
719,88,118,4.5
720,112,74,4.5
721,385,117,5.0
722,347,66,5.0
723,442,96,4.5
724,43,4,5.0
725,277,80,5.0
726,447,20,5.0
727,237,35,3.5
728,426,36,3.0
729,272,79,4.5
730,29,85,5.0
731,339,123,4.0
732,103,51,5.0
733,433,10,4.0
734,486,30,4.5
735,12,133,5.0
736,192,76,5.0
737,256,62,4.5
738,343,101,5.0
739,83,46,5.0
740,388,84,4.0
741,263,36,4.5
742,475,51,4.5
743,446,80,5.0
744,203,104,5.0
745,325,80,5.0
746,230,74,5.0
747,75,15,4.5
748,146,53,5.0
749,396,52,5.0
750,124,71,4.0
751,379,87,5.0
752,69,54,5.0
753,377,73,2.0
754,495,99,5.0
755,192,101,5.0
756,397,21,5.0
757,95,51,5.0
758,405,102,4.5
759,294,78,4.5
760,350,93,4.5
761,460,104,5.0
762,205,107,5.0
763,249,18,4.0
764,148,131,5.0
765,254,35,4.5
766,6,99,4.5
767,399,2,4.5
768,354,90,5.0
769,353,28,5.0
770,106,117,4.5
771,441,92,5.0
772,282,26,4.5
773,179,84,4.0
774,355,126,5.0
775,37,115,5.0
776,461,127,5.0
777,456,33,5.0
778,32,87,3.5
779,464,127,4.5
780,142,11,5.0
781,95,10,5.0
782,185,93,4.5
783,268,133,4.5
784,65,97,5.0
785,403,69,5.0
786,396,95,4.0
787,302,38,5.0
788,306,49,4.5
789,8,24,4.5
790,185,112,4.0
791,422,133,5.0
792,111,33,4.0
793,171,36,5.0
794,353,117,5.0
795,224,35,4.0
796,211,38,5.0
797,477,22,3.5
798,20,78,5.0
799,330,70,5.0
800,68,23,4.0
801,250,111,5.0
802,122,57,5.0
803,76,43,4.5
804,389,63,3.5
805,342,108,5.0
806,108,31,5.0
807,397,44,3.5
808,182,104,5.0
809,147,56,4.5
810,374,79,4.5
811,228,102,4.5
812,132,8,4.0
813,271,41,5.0
814,369,24,5.0
815,273,57,4.0
816,222,127,4.5
817,256,119,5.0
818,324,41,4.5
819,343,21,5.0
820,349,105,4.0
821,80,59,4.0
822,200,103,3.0
823,453,63,4.5
824,418,125,5.0
825,348,85,5.0
826,314,112,5.0
827,358,9,5.0
828,456,107,5.0
829,257,96,4.5
830,374,69,4.0
831,478,108,4.0
832,242,70,4.5
833,321,64,5.0
834,196,117,4.0
835,110,100,4.0
836,377,124,5.0
837,300,119,4.5
838,346,19,5.0
839,286,100,4.5
840,412,118,4.5
841,144,7,5.0
842,324,130,5.0
843,248,103,4.0
844,320,96,4.5
845,127,96,4.5
846,326,72,5.0
847,426,86,5.0
848,469,39,4.0
849,227,119,5.0
850,299,119,4.5
851,317,32,5.0
852,302,128,2.5
853,79,131,5.0
854,483,48,5.0
855,174,125,4.5
856,31,15,4.5
857,380,103,5.0
858,455,52,5.0
859,335,56,4.0
860,104,129,5.0
861,28,43,5.0
862,49,69,4.5
863,487,48,5.0
864,471,103,5.0
865,439,118,4.0
866,87,14,5.0
867,465,79,5.0
868,292,128,3.0
869,273,130,4.5
870,451,106,5.0
871,57,24,4.5
872,142,80,4.0
873,434,78,5.0
874,167,60,4.0
875,12,36,5.0
876,325,40,5.0
877,341,101,4.5
878,9,34,4.5
879,4,125,4.0
880,204,121,3.5
881,392,82,5.0
882,252,88,4.5
883,125,29,4.0
884,140,60,4.0
885,395,66,5.0
886,57,84,5.0
887,70,91,5.0
888,477,60,4.5
889,353,38,5.0
890,223,96,4.5
891,482,38,4.5
892,310,123,4.5
893,183,12,5.0
894,236,36,4.0
895,140,131,3.5
896,416,67,5.0
897,389,107,5.0
898,350,57,4.5
899,296,96,5.0
900,81,91,5.0
901,125,106,5.0
902,12,114,4.0
903,28,127,5.0
904,57,58,4.5
905,279,71,3.5
906,354,104,5.0
907,126,53,5.0
908,120,31,5.0
909,23,98,4.0
910,412,114,4.5
911,304,8,4.5
912,464,101,4.0
913,147,5,4.5
914,122,98,5.0
915,46,24,4.0
916,450,103,4.0
917,95,34,4.0
918,40,130,5.0
919,2,37,4.0
920,272,31,5.0
921,397,40,5.0
922,443,41,4.0
923,182,85,4.0
924,426,53,4.0
925,57,39,5.0
926,339,98,5.0
927,208,95,4.5
928,252,62,5.0
929,170,42,4.0
930,62,3,5.0
931,82,94,4.5
932,272,54,4.0
933,443,59,4.0
934,428,28,4.0
935,387,63,5.0
936,439,102,4.5
937,143,66,4.0
938,457,74,4.5
939,98,108,5.0
940,21,71,4.0
941,39,102,5.0
942,209,94,4.0
943,87,3,5.0
944,480,116,4.5
945,102,83,4.5
946,182,30,4.0
947,9,40,4.5
948,110,133,3.5
949,195,83,4.0
950,422,51,5.0
951,137,61,3.5
952,360,99,4.5
953,365,80,4.5
954,115,16,4.0
955,149,39,4.0
956,15,134,5.0
957,1,138,5.0
958,211,123,4.5
959,116,11,5.0
960,351,107,4.5
961,475,5,5.0
962,424,33,4.5
963,375,17,4.0
964,384,32,4.5
965,477,56,5.0
966,166,73,2.5
967,146,85,5.0
968,489,92,4.5
969,199,98,5.0
970,318,42,4.5
971,18,33,5.0
972,228,11,4.5
973,439,67,5.0
974,305,74,4.0
975,397,74,4.0
976,485,14,4.5
977,233,120,4.0
978,22,13,5.0
979,60,33,5.0
980,39,107,4.5
981,180,70,5.0
982,150,10,5.0
983,131,16,4.5
984,19,21,4.0
985,416,76,5.0
986,152,70,5.0
987,325,126,4.0
988,240,91,5.0
989,26,116,5.0
990,312,83,5.0
991,179,7,4.0
992,107,8,5.0
993,13,42,4.5
994,106,60,4.0
995,434,124,5.0
996,487,84,4.5
997,478,67,5.0
998,220,94,4.0
999,200,59,4.0
1000,150,18,4.0
1001,219,66,4.5
1002,262,2,4.5
1003,151,44,4.0
1004,207,11,5.0
1005,139,71,4.5
1006,264,98,4.5
1007,270,130,5.0
1008,265,54,5.0
1009,170,82,5.0
1010,323,134,5.0
1011,33,109,4.0
1012,25,127,5.0
1013,47,8,5.0
1014,71,43,5.0
1015,325,112,5.0
1016,45,28,4.0
1017,448,43,5.0
1018,311,134,5.0
1019,193,88,4.0
1020,342,73,4.0
1021,131,99,4.5
1022,171,18,5.0
1023,313,48,4.5
1024,397,22,4.5
1025,400,30,5.0
1026,487,15,5.0
1027,458,62,4.5
1028,26,15,5.0
1029,41,34,4.5
1030,92,26,4.5
1031,180,68,5.0
1032,162,74,5.0
1033,105,37,4.0
1034,268,95,4.0
1035,282,79,4.0
1036,124,102,4.0
1037,59,74,3.5
1038,465,47,5.0
1039,392,61,5.0
1040,486,26,4.0
1041,266,76,5.0
1042,342,16,4.5
1043,337,110,4.5
1044,240,106,4.0
1045,220,87,4.5
1046,44,69,4.5
1047,212,91,4.0
1048,179,33,4.5
1049,190,106,5.0
1050,370,62,4.5
1051,416,120,4.5
1052,372,27,4.5
1053,375,66,5.0
1054,299,53,3.5
1055,331,59,5.0
1056,446,75,4.5
1057,14,45,4.0
1058,485,114,4.5
1059,272,114,3.5
1060,392,31,5.0
1061,18,48,4.0
1062,122,5,4.0
1063,93,100,5.0
1064,237,88,4.5
1065,419,105,5.0
1066,93,125,5.0
1067,289,102,4.5
1068,67,40,5.0
1069,37,108,5.0
1070,116,115,4.0
1071,262,36,5.0
1072,195,23,4.0
1073,270,52,4.5
1074,192,111,4.5
1075,169,82,5.0
1076,411,10,5.0
1077,308,78,4.5
1078,259,117,5.0
1079,124,129,5.0
1080,330,114,4.0
1081,243,125,5.0
1082,16,132,3.5
1083,306,124,4.5
1084,194,35,3.5
1085,191,4,4.5
1086,35,11,5.0
1087,139,56,5.0
1088,486,40,5.0
1089,52,105,5.0
1090,79,100,3.5
1091,40,19,4.5
1092,439,64,5.0
1093,250,90,4.0
1094,49,2,4.5
1095,222,11,5.0
1096,52,21,4.0
1097,311,118,3.0
1098,147,46,4.5
1099,282,117,4.0
1100,417,88,5.0
1101,472,58,4.0
1102,260,13,4.5
1103,248,69,4.5
1104,435,21,5.0
1105,251,120,5.0
1106,272,35,4.0
1107,318,92,4.0
1108,158,28,4.0
1109,459,36,5.0
1110,487,98,4.5
1111,138,12,5.0
1112,14,102,5.0
1113,47,46,4.0
1114,142,72,4.5
1115,259,98,4.0
1116,379,28,3.5
1117,270,41,4.0
1118,379,126,4.0
1119,221,83,5.0
1120,401,121,5.0
1121,475,38,5.0
1122,469,133,5.0
1123,354,18,4.5
1124,458,112,4.0
1125,108,88,4.5
1126,142,127,4.5
1127,255,43,4.5
1128,234,59,4.5
1129,369,51,4.5
1130,423,70,5.0
1131,143,89,5.0
1132,33,58,5.0
1133,52,36,4.0
1134,157,104,5.0
1135,219,98,4.5
1136,213,60,5.0
1137,231,117,4.5
1138,169,66,5.0
1139,50,69,4.0
1140,433,93,5.0
1141,256,23,4.5
1142,175,45,4.5
1143,44,117,4.0
1144,252,12,5.0
1145,111,123,4.0
1146,212,121,4.0
1147,193,92,5.0
1148,68,133,5.0
1149,350,46,5.0
1150,230,42,5.0
1151,246,43,4.0
1152,405,89,5.0
1153,383,81,5.0
1154,252,101,5.0
1155,233,128,4.5
1156,85,69,5.0
1157,317,83,5.0
1158,464,11,5.0
1159,290,109,4.0
1160,143,28,4.0
1161,466,71,5.0
1162,35,27,4.5
1163,254,126,4.0
1164,345,39,5.0
1165,248,50,5.0
1166,6,28,5.0
1167,88,130,4.5
1168,350,106,4.0
1169,193,42,5.0
1170,324,2,4.5
1171,497,40,5.0
1172,386,43,5.0
1173,294,89,5.0
1174,492,23,4.5
1175,30,72,4.0
1176,1,42,4.0
1177,44,39,5.0
1178,269,29,4.0
1179,420,78,4.0
1180,211,64,4.5
1181,249,25,4.5
1182,160,94,4.5
1183,74,41,4.5
1184,450,106,4.5
1185,301,119,3.5
1186,358,119,3.5
1187,227,113,5.0
1188,110,96,4.5
1189,23,77,5.0
1190,40,43,3.0
1191,381,63,5.0
1192,192,116,4.5
1193,397,123,4.5
1194,120,69,5.0
1195,81,74,5.0
1196,71,6,5.0
1197,221,54,3.5
1198,122,29,4.5
1199,64,71,5.0
1200,101,105,4.0
1201,258,22,5.0
1202,458,12,4.0
1203,74,120,4.0
1204,264,90,5.0
1205,456,77,4.0
1206,455,121,5.0
1207,285,17,5.0
1208,187,10,4.0
1209,182,22,5.0
1210,451,23,4.0
1211,91,126,3.5
1212,482,35,5.0
1213,351,113,4.0
1214,50,114,4.5
1215,4,154,5.0
1216,500,22,5.0
1217,127,70,4.0
1218,50,122,5.0
1219,149,65,5.0
1220,16,107,4.5
1221,102,45,4.0
1222,274,78,5.0
1223,55,46,5.0
1224,427,96,4.0
1225,94,57,4.0
1226,158,72,5.0
1227,99,5,5.0
1228,376,128,3.5
1229,65,13,5.0
1230,324,27,4.5
1231,447,99,5.0
1232,248,33,5.0
1233,168,123,4.5
1234,388,66,4.0
1235,394,23,5.0
1236,267,41,4.5
1237,117,51,5.0
1238,86,102,5.0
1239,6,16,4.0
1240,183,50,5.0
1241,436,72,4.5
1242,147,55,4.5
1243,486,25,4.0
1244,396,11,5.0
1245,425,6,5.0
1246,70,112,5.0
1247,146,91,4.5
1248,3,224,4.0
1249,312,32,4.5
1250,181,102,4.0
1251,35,67,4.5
1252,169,87,5.0
1253,65,85,4.5
1254,431,118,4.5
1255,455,130,4.0
1256,146,35,3.0
1257,219,53,4.5
1258,8,97,3.5
1259,182,134,5.0
1260,231,47,5.0
1261,423,71,4.5
1262,17,92,4.5
1263,461,25,5.0
1264,201,51,5.0
1265,397,2,5.0
1266,300,65,4.0
1267,266,118,3.0
1268,331,100,5.0
1269,132,121,4.5
1270,120,112,5.0
1271,296,118,5.0
1272,27,12,5.0
1273,219,6,5.0
1274,8,109,5.0
1275,153,92,4.0
1276,256,18,4.0
1277,329,100,3.5
1278,440,102,5.0
1279,434,102,4.5
1280,40,10,4.5
1281,256,96,4.0
1282,1,127,2.0
1283,117,40,5.0
1284,483,107,4.0
1285,477,74,4.5
1286,361,72,4.0
1287,17,119,5.0
1288,203,131,5.0
1289,435,107,4.5
1290,354,76,5.0
1291,481,71,5.0
1292,23,101,5.0
1293,124,54,5.0
1294,95,13,4.0
1295,196,42,5.0
1296,455,57,4.5
1297,129,82,5.0
1298,296,110,4.5
1299,153,110,5.0
1300,62,80,4.5
1301,155,43,5.0
1302,294,39,5.0
1303,174,85,4.5
1304,393,126,4.5
1305,131,37,5.0
1306,256,13,5.0
1307,468,12,4.0
1308,323,24,4.5
1309,265,129,4.5
1310,63,15,4.0
1311,137,131,4.5
1312,335,5,5.0
1313,423,127,4.5
1314,313,61,5.0
1315,442,119,5.0
1316,104,69,5.0
1317,113,94,4.0
1318,353,43,5.0
1319,2,12,5.0
1320,47,50,4.5
1321,375,113,4.5
1322,460,114,4.5
1323,462,7,5.0
1324,290,111,4.5
1325,13,15,5.0
1326,77,107,5.0
1327,150,129,4.5
1328,336,38,5.0
1329,494,65,4.0
1330,338,10,4.0
1331,292,99,5.0
1332,420,62,4.5
1333,76,96,4.5
1334,451,2,5.0
1335,367,104,5.0
1336,121,44,4.5
1337,68,21,4.0
1338,475,43,4.0
1339,70,89,5.0
1340,100,23,5.0
1341,87,125,4.5
1342,426,96,4.0
1343,474,41,5.0
1344,132,107,5.0
1345,468,91,5.0
1346,312,55,4.5
1347,147,132,3.5
1348,296,134,4.5
1349,208,121,5.0
1350,41,90,5.0
1351,441,88,4.0
1352,258,95,3.5
1353,158,74,4.0
1354,414,8,4.5
1355,420,91,4.5
1356,178,62,5.0
1357,447,64,5.0
1358,36,40,4.5
1359,243,32,4.5
1360,417,22,4.5
1361,4,134,4.5
1362,102,112,5.0
1363,339,21,5.0
1364,347,11,5.0
1365,414,92,4.0
1366,146,130,5.0
1367,290,121,4.5
1368,30,24,4.0
1369,263,97,4.5
1370,361,109,3.5
1371,195,121,3.0
1372,127,14,5.0
1373,190,28,4.5
1374,69,17,5.0
1375,491,83,5.0
1376,294,127,4.0
1377,418,133,4.5
1378,209,65,5.0
1379,243,29,5.0
1380,258,72,5.0
1381,13,79,5.0
1382,340,83,4.0
1383,9,89,3.5
1384,252,7,5.0
1385,456,85,5.0
1386,13,130,4.5
1387,34,59,5.0
1388,93,86,5.0
1389,303,130,4.0
1390,77,116,4.5
1391,166,60,4.5
1392,254,111,5.0
1393,350,40,5.0
1394,480,113,4.0
1395,478,11,4.0
1396,350,108,5.0
1397,405,22,5.0
1398,105,97,5.0
1399,346,112,4.5
1400,438,116,4.0
1401,394,98,4.5
1402,229,12,5.0
1403,185,53,5.0
1404,378,43,4.0
1405,186,83,4.0
1406,398,23,4.5
1407,204,21,5.0
1408,93,64,3.5
1409,358,36,4.5
1410,400,77,5.0
1411,121,117,3.5
1412,321,2,5.0
1413,244,122,4.5
1414,329,110,4.5
1415,288,34,5.0
1416,309,55,5.0
1417,457,54,5.0
1418,9,75,4.0
1419,264,115,4.5
1420,367,28,5.0
1421,306,113,3.5
1422,34,81,5.0
1423,279,76,4.0
1424,253,92,4.0
1425,50,58,4.0
1426,77,79,4.5
1427,237,85,4.5
1428,373,113,4.0
1429,166,52,5.0
1430,7,133,3.5
1431,330,19,4.5
1432,394,73,2.5
1433,171,132,4.5
1434,83,134,5.0
1435,463,96,4.0
1436,228,108,3.5
1437,120,115,5.0
1438,396,3,5.0
1439,120,63,5.0
1440,58,129,4.5
1441,205,66,4.0
1442,62,20,4.0
1443,196,18,5.0
1444,452,41,5.0
1445,266,28,4.0
1446,62,38,5.0
1447,125,85,5.0
1448,253,36,4.5
1449,136,105,4.5
1450,131,78,4.0
1451,395,11,3.5
1452,103,57,4.0
1453,86,63,4.5
1454,93,94,5.0
1455,416,15,3.5
1456,36,63,4.5
1457,460,30,4.5
1458,20,129,5.0
1459,170,84,5.0
1460,397,103,5.0
1461,83,38,5.0
1462,380,81,4.5
1463,431,77,5.0
1464,304,34,4.5
1465,12,96,5.0
1466,253,65,4.5
1467,194,130,4.0
1468,448,128,2.5
1469,241,132,5.0
1470,222,99,4.5
1471,164,21,4.5
1472,92,74,4.5
1473,21,108,4.5
1474,199,9,4.0
1475,162,60,5.0
1476,332,30,5.0
1477,496,131,4.0
1478,462,54,4.0
1479,471,118,4.5
1480,279,120,5.0
1481,148,28,5.0
1482,499,134,5.0
1483,477,76,5.0
1484,192,105,5.0
1485,92,129,4.5
1486,331,77,5.0
1487,449,134,5.0
1488,175,58,5.0
1489,187,53,4.5
1490,427,119,4.5
1491,62,88,5.0
1492,182,78,4.5
1493,6,109,3.5
1494,475,133,5.0
1495,318,105,4.5
1496,183,107,5.0
1497,361,78,5.0
1498,62,99,4.5
1499,182,24,5.0
1500,330,106,5.0
1501,219,128,2.0
1502,122,121,4.5
1503,373,90,5.0
1504,87,69,5.0
1505,265,67,4.0
1506,367,125,5.0
1507,346,32,4.0
1508,283,117,4.5
1509,344,115,4.5
1510,160,47,4.5
1511,281,21,4.5
1512,222,132,3.5
1513,102,52,4.5
1514,110,127,5.0
1515,372,7,5.0
1516,21,24,4.5
1517,378,134,5.0
1518,132,32,4.0
1519,425,42,4.0
1520,448,71,4.0
1521,88,49,4.0
1522,369,79,5.0
1523,103,108,4.5
1524,187,17,4.0
1525,472,73,3.0
1526,109,103,4.5
1527,172,33,4.5
1528,47,49,5.0
1529,361,27,4.5
1530,241,36,4.5
1531,73,44,5.0
1532,325,52,5.0
1533,231,112,4.0
1534,45,92,5.0
1535,415,65,4.5
1536,276,105,4.5
1537,11,68,4.5
1538,312,59,4.0
1539,247,40,4.5
1540,196,134,4.5
1541,269,32,3.5
1542,51,15,4.0
1543,481,79,4.0
1544,414,116,5.0
1545,369,49,4.0
1546,194,4,5.0
1547,373,105,5.0
1548,434,74,4.5
1549,56,44,4.5
1550,409,83,5.0
1551,171,89,4.5
1552,276,124,5.0
1553,142,64,5.0
1554,256,69,4.5
1555,471,100,4.5
1556,10,81,5.0
1557,162,54,4.5
1558,82,123,4.5
1559,111,114,4.5
1560,428,75,4.0
1561,170,44,4.5
1562,111,68,5.0
1563,268,3,4.5
1564,344,98,4.5
1565,51,21,4.5
1566,485,118,5.0
1567,300,121,4.5
1568,293,70,5.0
1569,169,63,4.5
1570,179,108,5.0
1571,167,46,4.5
1572,348,110,4.5
1573,447,56,4.0
1574,296,87,5.0
1575,375,134,4.5
1576,217,67,4.0
1577,357,47,5.0
1578,498,73,3.0
1579,197,12,5.0
1580,321,132,3.5
1581,372,55,5.0
1582,367,82,5.0
1583,175,19,4.0
1584,140,66,5.0
1585,468,74,5.0
1586,209,43,5.0
1587,399,133,4.0
1588,377,6,5.0
1589,36,66,5.0
1590,284,15,4.5
1591,118,49,5.0
1592,151,21,5.0
1593,315,55,5.0
1594,486,42,5.0
1595,67,133,5.0
1596,43,133,4.5
1597,2,80,4.5
1598,12,120,4.0
1599,79,107,5.0
1600,223,72,4.5
1601,468,53,4.5
1602,167,117,3.5
1603,304,30,4.5
1604,229,116,4.5
1605,95,58,5.0
1606,243,81,4.0
1607,497,106,5.0
1608,107,111,5.0
1609,361,114,5.0
1610,117,117,4.0
1611,479,133,4.5
1612,320,2,5.0
1613,393,51,4.5
1614,86,72,5.0
1615,310,99,4.5
1616,139,108,5.0
1617,44,86,5.0
1618,252,65,5.0
1619,456,3,5.0
1620,85,87,4.5
1621,29,65,4.5
1622,166,31,4.5
1623,50,111,4.5
1624,341,123,5.0
1625,471,94,3.5
1626,421,91,3.5
1627,157,52,5.0
1628,73,76,5.0
1629,434,35,4.0
1630,154,64,4.5
1631,107,103,3.5
1632,373,54,5.0
1633,450,17,5.0
1634,67,101,5.0
1635,142,41,5.0
1636,457,10,5.0
1637,425,45,5.0
1638,316,115,4.5
1639,203,12,5.0
1640,95,49,4.0
1641,379,68,4.5
1642,21,62,4.5
1643,104,33,5.0
1644,250,83,4.0
1645,165,20,5.0
1646,351,119,4.5
1647,117,35,2.5
1648,111,127,4.5
1649,318,50,5.0
1650,70,33,4.5
1651,110,52,4.0
1652,248,115,4.5
1653,158,98,4.5
1654,70,132,4.0
1655,393,94,4.5
1656,354,50,5.0
1657,377,123,4.5
1658,45,17,4.5
1659,192,32,5.0
1660,484,80,4.0
1661,90,125,5.0
1662,353,15,5.0
1663,363,43,4.0
1664,319,3,4.5
1665,220,115,4.5
1666,136,134,5.0
1667,375,42,4.0
1668,15,53,5.0
1669,69,22,4.5
1670,379,55,5.0
1671,349,48,5.0
1672,226,109,4.0
1673,339,113,4.0
1674,63,19,4.5
1675,264,82,5.0
1676,391,45,5.0
1677,490,81,4.5
1678,195,7,4.5
1679,497,13,4.0
1680,14,9,3.5
1681,346,8,5.0
1682,93,75,4.5
1683,16,116,5.0
1684,195,25,4.0
1685,223,116,4.0
1686,77,104,4.5
1687,15,55,5.0
1688,282,66,4.0
1689,272,81,4.0
1690,231,120,5.0
1691,256,9,5.0
1692,258,118,5.0
1693,323,84,5.0
1694,474,10,4.5
1695,157,74,4.0
1696,402,110,5.0
1697,325,74,4.5
1698,370,83,4.0
1699,109,29,4.5
1700,369,46,5.0
1701,185,78,5.0
1702,385,52,5.0
1703,70,82,5.0
1704,123,55,4.5
1705,407,9,4.5
1706,135,119,4.5
1707,151,62,4.5
1708,374,8,4.5
1709,229,115,5.0
1710,233,27,5.0
1711,320,116,5.0
1712,210,21,5.0
1713,453,128,3.5
1714,7,90,5.0
1715,116,65,5.0
1716,6,102,4.5
1717,36,101,5.0
1718,486,41,4.0
1719,58,37,4.5
1720,199,78,5.0
1721,279,125,4.0
1722,151,4,4.5
1723,259,72,5.0
1724,369,68,4.5
1725,309,133,4.5
1726,255,29,4.5
1727,219,119,5.0
1728,304,134,5.0
1729,180,69,4.5
1730,31,70,4.0
1731,410,34,5.0
1732,214,25,5.0
1733,258,35,3.5
1734,324,25,5.0
1735,55,60,5.0
1736,132,29,4.0
1737,458,101,4.5
1738,389,79,3.5
1739,167,50,5.0
1740,65,29,5.0
1741,19,86,4.5
1742,469,56,4.0
1743,392,52,4.5
1744,231,5,4.5
1745,208,63,5.0
1746,114,69,5.0
1747,486,100,5.0
1748,39,85,4.0
1749,363,125,5.0
1750,264,47,5.0
1751,207,32,4.0
1752,179,115,5.0
1753,479,112,5.0
1754,291,45,5.0
1755,147,34,4.5
1756,158,63,5.0
1757,204,34,3.5
1758,70,104,5.0
1759,347,62,4.5
1760,182,113,3.5
1761,371,32,4.0
1762,261,121,5.0
1763,296,17,4.0
1764,424,37,4.5
1765,366,30,5.0
1766,323,9,5.0
1767,402,85,5.0
1768,20,38,5.0
1769,320,43,4.5
1770,439,90,4.5
1771,404,114,5.0
1772,494,28,5.0
1773,196,118,5.0
1774,277,19,5.0
1775,165,118,4.0
1776,69,92,4.0
1777,480,54,4.5
1778,177,29,4.5
1779,317,34,5.0
1780,272,104,5.0
1781,222,66,4.5
1782,478,35,4.0
1783,109,128,2.5
1784,102,106,4.5
1785,112,3,4.5
1786,347,6,5.0
1787,248,130,5.0
1788,50,70,4.0
1789,351,40,4.0
1790,221,7,5.0
1791,324,55,3.5
1792,451,60,4.5
1793,263,94,4.0
1794,25,97,5.0
1795,19,82,4.5
1796,354,109,3.0
1797,233,83,5.0
1798,496,130,5.0
1799,16,74,4.5
1800,324,18,4.5
1801,315,97,3.5
1802,313,87,5.0
1803,182,52,4.5
1804,415,5,5.0
1805,267,23,5.0
1806,321,127,4.5
1807,124,92,5.0
1808,111,10,4.5
1809,382,6,4.5
1810,438,109,4.5
1811,487,39,5.0
1812,448,28,5.0
1813,112,97,5.0
1814,301,95,5.0
1815,476,32,5.0
1816,116,40,5.0
1817,163,1,5.0
1818,326,12,4.5
1819,136,33,4.0
1820,166,3,4.5
1821,318,114,5.0
1822,233,34,5.0
1823,132,134,4.5
1824,211,2,4.0
1825,497,33,5.0
1826,372,56,4.0
1827,382,8,5.0
1828,471,107,5.0
1829,335,40,4.5
1830,159,124,5.0
1831,181,131,5.0
1832,44,24,5.0
1833,31,89,3.5
1834,355,57,5.0
1835,96,32,3.0
1836,478,89,4.5
1837,216,114,5.0
1838,315,6,5.0
1839,316,96,5.0
1840,105,132,3.5
1841,156,64,5.0
1842,442,89,5.0
1843,336,76,5.0
1844,137,133,5.0
1845,244,40,5.0
1846,249,41,5.0
1847,86,52,5.0
1848,35,78,4.5
1849,159,13,5.0
1850,178,54,4.0
1851,180,31,4.5
1852,318,58,4.5
1853,204,15,5.0
1854,156,39,4.5
1855,475,116,4.5
1856,240,112,5.0
1857,101,114,5.0
1858,248,42,5.0
1859,72,7,4.5
1860,412,13,4.0
1861,197,79,4.5
1862,226,132,3.0
1863,105,12,3.0
1864,21,56,5.0
1865,58,102,3.5
1866,44,116,4.5
1867,132,53,5.0
1868,209,68,4.5
1869,369,88,4.5
1870,446,92,5.0
1871,386,123,4.0
1872,395,122,4.5
1873,225,5,5.0
1874,87,103,4.5
1875,239,129,5.0
1876,277,105,3.5
1877,288,40,4.0
1878,117,96,5.0
1879,16,111,5.0
1880,450,42,4.5
1881,157,63,4.5
1882,386,46,5.0
1883,310,51,5.0
1884,27,37,4.0
1885,255,9,4.0
1886,327,91,4.5
1887,157,78,4.5
1888,122,2,4.5
1889,385,89,4.0
1890,147,134,4.0
1891,68,6,5.0
1892,213,82,5.0
1893,95,7,5.0
1894,415,19,5.0
1895,72,13,4.5
1896,468,24,5.0
1897,280,115,4.0
1898,247,37,4.5
1899,240,122,5.0
1900,285,3,5.0
1901,469,85,5.0
1902,102,58,4.5
1903,350,37,4.0
1904,253,115,4.5
1905,450,78,4.5
1906,221,43,5.0
1907,118,28,5.0
1908,204,107,4.5
1909,303,70,5.0
1910,231,105,5.0
1911,156,110,5.0
1912,54,45,4.5
1913,160,110,5.0
1914,271,95,4.0
1915,121,112,4.0
1916,72,114,5.0
1917,104,27,5.0
1918,387,115,5.0
1919,484,69,4.0
1920,211,20,4.5
1921,15,109,4.5
1922,320,22,5.0
1923,213,68,4.5
1924,158,117,3.5
1925,346,5,5.0
1926,37,35,3.5
1927,450,48,4.5
1928,109,34,4.5
1929,224,56,5.0
1930,256,65,4.0
1931,17,68,5.0
1932,192,73,2.5
1933,290,11,4.5
1934,387,68,5.0
1935,44,17,3.5
1936,144,35,4.0
1937,387,118,5.0
1938,123,129,5.0
1939,344,18,4.0
1940,125,104,4.5
1941,179,106,5.0
1942,185,125,4.5
1943,109,2,5.0
1944,253,110,5.0
1945,184,66,5.0
1946,149,85,5.0
1947,348,6,5.0
1948,57,2,4.0
1949,325,33,5.0
1950,360,43,4.5
1951,350,11,5.0
1952,153,10,5.0
1953,99,58,4.0
1954,187,111,5.0
1955,463,19,5.0
1956,54,121,4.5
1957,62,48,3.5
1958,178,129,4.5
1959,250,24,4.5
1960,423,2,5.0
1961,481,105,5.0
1962,38,23,3.0
1963,356,35,3.0
1964,150,131,3.0
1965,480,105,4.5
1966,17,43,4.5
1967,405,123,5.0
1968,472,83,4.0
1969,291,16,5.0
1970,26,42,3.5
1971,32,67,4.5
1972,68,130,4.5
1973,233,104,4.0
1974,319,16,5.0
1975,318,35,4.5
1976,261,96,5.0
1977,28,71,5.0
1978,9,60,3.5
1979,188,114,3.5
1980,251,6,4.5
1981,19,108,4.5
1982,455,100,3.5
1983,16,88,4.5
1984,105,122,4.0
1985,108,105,4.0
1986,199,123,5.0
1987,296,1,4.0
1988,205,62,4.5
1989,333,89,5.0
1990,311,110,4.0
1991,69,53,5.0
1992,152,99,4.5
1993,277,2,4.5
1994,9,76,4.0
1995,108,110,4.0
1996,45,69,3.5
1997,302,49,5.0
1998,394,109,4.5
1999,94,42,5.0
2000,330,96,5.0
2001,480,68,4.5
2002,169,56,4.5
2003,498,50,5.0
2004,261,127,5.0
2005,396,124,5.0
2006,312,35,4.5
2007,426,80,4.5
2008,487,51,4.5
2009,133,55,5.0
2010,419,31,5.0
2011,251,108,5.0
2012,460,118,4.5
2013,137,116,4.0
2014,15,43,5.0
2015,211,98,3.5
2016,331,56,5.0
2017,280,79,4.5
2018,188,80,5.0
2019,264,18,4.5
2020,205,6,4.0
2021,376,127,5.0
2022,118,102,5.0
2023,124,107,5.0
2024,10,4,4.5
2025,261,82,5.0
2026,162,67,4.5
2027,268,97,4.0
2028,205,46,5.0
2029,194,21,5.0
2030,69,117,4.5
2031,32,121,4.0
2032,459,20,4.5
2033,183,126,5.0
2034,355,11,5.0
2035,120,36,5.0
2036,165,32,4.5
2037,485,10,5.0
2038,330,75,4.0
2039,231,54,5.0
2040,124,55,5.0
2041,226,57,4.0
2042,222,51,4.5
2043,312,39,5.0
2044,494,8,5.0
2045,445,84,5.0
2046,211,36,5.0
2047,255,129,4.5
2048,419,114,4.5
2049,397,105,5.0
2050,372,108,4.5
2051,55,131,5.0
2052,32,15,5.0
2053,76,31,5.0
2054,330,27,4.5
2055,228,67,5.0
2056,285,25,5.0
2057,400,132,4.0
2058,459,55,4.5
2059,120,22,5.0
2060,211,72,5.0
2061,463,15,4.5
2062,86,122,5.0
2063,86,106,4.0
2064,221,31,4.5
2065,136,52,5.0
2066,482,87,4.5
2067,7,120,4.5
2068,364,119,4.5
2069,431,19,5.0
2070,275,67,5.0
2071,382,110,4.0
2072,441,128,3.5
2073,122,86,5.0
2074,144,49,4.5
2075,41,31,4.5
2076,400,113,3.5
2077,381,45,5.0
2078,195,109,5.0
2079,404,83,5.0
2080,47,52,4.5
2081,181,56,4.5
2082,274,75,3.5
2083,343,20,5.0
2084,455,1,4.5
2085,137,67,4.0
2086,140,51,5.0
2087,288,30,4.5
2088,300,67,5.0
2089,64,58,5.0
2090,209,47,4.0
2091,73,92,4.0
2092,430,5,5.0
2093,360,100,4.0
2094,478,28,3.5
2095,436,37,4.5
2096,64,47,4.5
2097,234,23,5.0
2098,147,77,5.0
2099,49,84,5.0
2100,148,63,4.5
2101,55,26,5.0
2102,369,50,4.5
2103,355,117,5.0
2104,324,35,5.0
2105,30,129,5.0
2106,90,88,3.5
2107,318,72,3.0
2108,103,72,4.0
2109,220,130,4.5
2110,357,86,4.0
2111,47,30,4.5
2112,386,51,4.5
2113,95,117,5.0
2114,36,86,5.0
2115,276,22,5.0
2116,468,9,5.0
2117,192,30,4.5
2118,471,71,4.0
2119,316,83,5.0
2120,333,22,4.0
2121,26,12,4.5
2122,216,69,4.0
2123,154,88,4.0
2124,272,105,4.5
2125,380,128,4.0
2126,22,79,5.0
2127,438,132,3.0
2128,325,121,4.0
2129,150,106,5.0
2130,17,57,4.5
2131,39,104,5.0
2132,316,39,5.0
2133,181,78,5.0
2134,254,34,5.0
2135,362,126,5.0
2136,303,31,4.5
2137,392,87,4.5
2138,128,41,5.0
2139,64,13,5.0
2140,239,81,5.0
2141,104,78,4.0
2142,392,6,5.0
2143,25,59,5.0
2144,61,41,5.0
2145,324,67,4.5
2146,30,115,5.0
2147,242,6,5.0
2148,279,132,3.0
2149,131,112,5.0
2150,372,98,4.0
2151,302,130,4.5
2152,113,51,4.5
2153,436,43,4.0
2154,448,1,5.0
2155,16,56,5.0
2156,375,111,4.0
2157,358,83,5.0
2158,299,59,4.0
2159,407,6,4.0
2160,94,39,5.0
2161,371,72,5.0
2162,254,2,5.0
2163,397,11,4.0
2164,106,36,5.0
2165,205,71,4.5
2166,397,33,4.5
2167,65,101,4.5
2168,60,6,3.5
2169,285,116,4.5
2170,208,6,5.0
2171,122,7,4.5
2172,116,132,3.5
2173,152,24,4.5
2174,387,101,5.0
2175,492,91,5.0
2176,124,82,5.0
2177,410,94,4.0
2178,87,115,4.0
2179,3,89,4.5
2180,466,24,5.0
2181,109,46,5.0
2182,20,112,5.0
2183,187,109,3.5
2184,320,114,4.5
2185,436,121,4.5
2186,148,77,4.0
2187,17,6,5.0
2188,457,37,5.0
2189,95,32,5.0
2190,159,93,5.0
2191,199,45,4.5
2192,406,86,4.5
2193,315,128,2.0
2194,399,68,4.5
2195,29,71,5.0
2196,159,61,4.5
2197,257,88,4.5
2198,125,5,5.0
2199,445,8,4.5
2200,129,113,5.0
2201,120,71,5.0
2202,282,123,5.0
2203,127,61,5.0
2204,37,42,4.0
2205,57,34,4.5
2206,311,117,4.5
2207,161,80,4.5
2208,20,56,4.5
2209,158,5,4.0
2210,358,55,5.0
2211,370,7,4.5
2212,122,132,3.0
2213,316,13,5.0
2214,70,65,4.5
2215,277,32,4.0
2216,443,84,4.5
2217,472,45,5.0
2218,389,84,5.0
2219,285,15,5.0
2220,303,48,4.5
2221,105,45,4.5
2222,204,68,5.0
2223,116,49,5.0
2224,261,17,4.5
2225,332,74,4.5
2226,17,65,5.0
2227,296,98,5.0
2228,95,77,5.0
2229,95,75,5.0
2230,3,140,4.0
2231,103,107,5.0
2232,156,93,5.0
2233,355,100,4.5
2234,347,82,4.5
2235,436,48,4.0
2236,339,76,3.5
2237,114,44,4.0
2238,33,29,4.0
2239,460,107,4.0
2240,157,51,5.0
2241,138,107,4.0
2242,254,25,5.0
2243,432,109,4.5
2244,375,39,3.0
2245,166,38,4.0
2246,481,110,5.0
2247,202,58,4.5
2248,157,3,5.0
2249,362,31,4.5
2250,492,90,5.0
2251,49,87,4.0
2252,478,50,4.5
2253,156,68,4.0
2254,87,96,5.0
2255,195,113,4.0
2256,198,96,4.5
2257,43,91,5.0
2258,192,134,4.5
2259,254,130,4.5
2260,251,100,4.5
2261,449,54,5.0
2262,23,75,4.5
2263,240,109,4.0
2264,427,55,5.0
2265,169,57,4.5
2266,335,28,4.0
2267,122,124,4.0
2268,280,44,5.0
2269,191,19,5.0
2270,360,62,5.0
2271,144,66,3.5
2272,138,105,3.5
2273,446,58,5.0
2274,364,83,5.0
2275,259,74,5.0
2276,245,97,4.5
2277,491,114,5.0
2278,71,120,5.0
2279,259,23,5.0
2280,135,21,4.0
2281,95,11,4.5
2282,380,100,4.0
2283,346,62,5.0
2284,451,22,5.0
2285,398,92,5.0
2286,209,28,4.5
2287,460,82,4.0
2288,402,12,5.0
2289,315,36,5.0
2290,407,116,4.5
2291,64,93,5.0
2292,190,88,4.5
2293,438,117,5.0
2294,449,48,4.5
2295,411,54,4.0
2296,439,130,4.5
2297,34,63,5.0
2298,10,114,5.0
2299,36,22,4.0
2300,221,71,3.0
2301,274,15,5.0
2302,184,51,4.0
2303,481,12,4.5
2304,152,45,3.5
2305,13,39,5.0
2306,20,8,4.5
2307,105,42,5.0
2308,164,128,3.5
2309,300,123,5.0
2310,242,117,4.5
2311,119,120,4.0
2312,457,95,5.0
2313,392,45,5.0
2314,290,74,4.5
2315,339,92,4.5
2316,491,123,5.0
2317,192,81,3.5
2318,241,7,5.0
2319,148,1,5.0
2320,275,115,4.5
2321,312,108,4.0
2322,72,79,5.0
2323,195,72,4.5
2324,179,88,4.5
2325,102,101,5.0
2326,280,104,4.5
2327,396,30,5.0
2328,150,57,3.0
2329,248,8,5.0
2330,452,86,4.0
2331,409,45,5.0
2332,47,89,4.5
2333,367,40,5.0
2334,212,25,4.5
2335,177,87,4.5
2336,34,57,4.5
2337,18,119,5.0
2338,480,74,5.0
2339,48,1,5.0
2340,30,95,4.0
2341,418,69,5.0
2342,471,70,5.0
2343,243,50,4.0
2344,445,119,5.0
2345,208,75,5.0
2346,346,134,5.0
2347,496,89,5.0
2348,54,108,4.5
2349,14,61,4.0
2350,497,52,5.0
2351,12,90,3.5
2352,496,90,5.0
2353,261,51,4.5
2354,98,112,5.0
2355,282,92,5.0
2356,117,1,5.0
2357,446,83,4.0
2358,50,118,4.5
2359,143,27,5.0
2360,195,88,4.5
2361,51,116,5.0
2362,209,48,5.0
2363,245,32,4.5
2364,57,90,4.5
2365,3,163,5.0
2366,443,80,4.5
2367,203,127,5.0
2368,320,34,5.0
2369,53,15,5.0
2370,182,124,4.0
2371,231,125,4.5
2372,414,37,4.5
2373,411,90,4.5
2374,265,86,5.0
2375,177,20,5.0
2376,17,78,4.0
2377,255,2,4.5
2378,248,54,5.0
2379,121,46,4.5
2380,148,75,4.0
2381,143,24,5.0
2382,80,29,5.0
2383,419,63,5.0
2384,486,107,4.5
2385,48,14,5.0
2386,34,94,5.0
2387,21,40,5.0
2388,125,40,4.0
2389,45,33,4.5
2390,120,33,3.5
2391,463,102,4.0
2392,441,99,4.5
2393,202,20,5.0
2394,195,16,4.5
2395,31,88,4.5
2396,466,125,5.0
2397,358,11,5.0
2398,106,134,4.5
2399,453,58,4.0
2400,57,118,3.0
2401,417,50,5.0
2402,467,100,4.5
2403,465,92,5.0
2404,420,39,4.5
2405,425,43,4.5
2406,198,42,4.5
2407,226,32,5.0
2408,32,134,4.5
2409,485,116,5.0
2410,196,77,5.0
2411,454,79,5.0
2412,161,76,5.0
2413,468,95,5.0
2414,122,102,5.0
2415,167,119,5.0
2416,14,95,3.5
2417,97,13,5.0
2418,44,100,4.0
2419,320,17,4.5
2420,87,68,5.0
2421,30,69,5.0
2422,36,59,4.5
2423,475,19,5.0
2424,258,101,5.0
2425,145,9,5.0
2426,441,96,3.5
2427,296,8,4.5
2428,124,57,4.5
2429,187,72,4.5
2430,224,99,4.5
2431,74,109,5.0
2432,426,119,4.5
2433,125,111,4.5
2434,480,94,4.5
2435,424,131,4.0
2436,131,14,5.0
2437,19,37,4.5
2438,69,37,5.0
2439,407,110,4.5
2440,14,15,5.0
2441,351,54,4.0
2442,64,113,4.5
2443,64,28,4.0
2444,253,114,3.5
2445,264,9,5.0
2446,234,61,4.5
2447,94,41,5.0
2448,255,119,4.5
2449,219,1,5.0
2450,217,22,4.5
2451,369,101,5.0
2452,482,24,4.5
2453,412,78,3.5
2454,68,42,4.0
2455,435,103,4.0
2456,23,43,4.0
2457,377,112,5.0
2458,263,13,3.5
2459,108,7,4.0
2460,417,8,5.0
2461,69,132,4.0
2462,36,124,4.0
2463,87,97,4.5
2464,127,80,5.0
2465,389,67,4.0
2466,395,53,4.5
2467,119,4,5.0
2468,236,105,4.5
2469,57,35,3.5
2470,161,123,5.0
2471,264,56,4.5
2472,357,38,5.0
2473,468,43,3.0
2474,150,68,3.5
2475,167,5,5.0
2476,339,50,5.0
2477,17,91,4.5
2478,184,61,3.5
2479,363,45,5.0
2480,479,61,4.5
2481,376,47,4.5
2482,421,29,3.5
2483,412,129,5.0
2484,43,51,5.0
2485,428,63,5.0
2486,300,7,5.0
2487,478,91,4.5
2488,280,116,4.0
2489,439,28,3.5
2490,319,116,4.5
2491,153,45,4.0
2492,181,2,5.0
2493,214,6,5.0
2494,154,89,4.5
2495,268,48,4.0
2496,212,88,4.5
2497,167,54,5.0
2498,139,102,4.5
2499,347,85,4.0
2500,353,101,4.0
2501,146,62,5.0
2502,291,7,5.0
2503,53,128,3.0
2504,166,74,5.0
2505,189,125,4.5
2506,51,2,5.0
2507,338,122,4.5
2508,218,30,5.0
2509,95,19,3.5
2510,127,54,4.5
2511,21,42,5.0
2512,330,76,4.0
2513,496,76,5.0
2514,67,122,5.0
2515,459,66,5.0
2516,468,27,5.0
2517,430,109,4.5
2518,182,3,5.0
2519,388,123,5.0
2520,291,9,5.0
2521,343,16,4.5
2522,50,108,4.0
2523,368,83,5.0
2524,331,35,3.0
2525,490,55,5.0
2526,125,26,5.0
2527,383,26,4.0
2528,328,134,4.5
2529,74,104,5.0
2530,95,130,5.0
2531,481,73,4.0
2532,51,130,4.0
2533,96,28,5.0
2534,195,27,5.0
2535,197,107,5.0
2536,348,46,3.5
2537,405,41,4.0
2538,116,8,4.5
2539,447,76,4.0
2540,260,44,5.0
2541,52,3,5.0
2542,119,101,4.5
2543,354,32,5.0
2544,92,125,3.5
2545,246,29,4.5
2546,368,95,4.5
2547,303,127,4.5
2548,153,47,5.0
2549,75,110,4.0
2550,242,98,4.5
2551,360,41,5.0
2552,74,3,5.0
2553,338,7,5.0
2554,60,13,5.0
2555,126,62,4.5
2556,45,119,4.0
2557,402,108,4.5
2558,114,3,4.5
2559,387,55,4.0
2560,2,46,4.5
2561,449,90,4.0
2562,386,2,5.0
2563,320,115,5.0
2564,181,116,3.5
2565,23,49,5.0
2566,231,134,4.5
2567,416,105,4.5
2568,316,2,5.0
2569,407,99,4.0
2570,49,91,5.0
2571,225,50,4.5
2572,416,74,5.0
2573,146,106,5.0
2574,261,57,3.0
2575,353,8,4.5
2576,10,91,4.5
2577,265,74,4.5
2578,426,88,5.0
2579,350,18,5.0
2580,296,101,4.0
2581,271,87,4.5
2582,136,23,4.0
2583,126,55,5.0
2584,59,75,4.0
2585,77,105,4.5
2586,25,95,3.5
2587,192,131,4.5
2588,463,14,5.0
2589,68,125,4.0
2590,99,62,4.5
2591,185,92,4.0
2592,451,123,5.0
2593,254,1,4.0
2594,166,126,5.0
2595,206,36,5.0
2596,346,71,3.5
2597,382,44,4.5
2598,379,42,3.5
2599,332,38,5.0
2600,211,61,4.5
2601,359,118,5.0
2602,199,17,4.0
2603,195,99,5.0
2604,348,117,4.5
2605,475,115,5.0
2606,148,118,5.0
2607,324,6,4.0
2608,395,28,4.5
2609,126,40,5.0
2610,487,113,3.5
2611,321,70,4.5
2612,252,104,5.0
2613,376,132,4.5
2614,179,118,4.0
2615,56,64,5.0
2616,423,81,5.0
2617,9,16,5.0
2618,415,123,5.0
2619,351,99,4.5
2620,220,50,4.5
2621,140,52,4.5
2622,103,21,5.0
2623,150,25,5.0
2624,346,102,4.5
2625,474,114,4.0
2626,365,91,4.5
2627,129,85,5.0
2628,387,42,5.0
2629,261,55,4.5
2630,228,45,5.0
2631,47,133,5.0
2632,367,100,5.0
2633,273,90,4.0
2634,22,7,5.0
2635,92,103,4.5
2636,151,16,4.0
2637,30,12,5.0
2638,304,83,4.0
2639,388,45,4.5
2640,458,6,4.5
2641,405,94,4.0
2642,295,14,4.5
2643,69,121,4.5
2644,373,42,4.0
2645,91,11,5.0
2646,243,74,4.5
2647,49,33,5.0
2648,192,122,4.0
2649,314,54,4.0
2650,317,79,4.0
2651,288,96,4.0
2652,127,25,5.0
2653,360,71,4.5
2654,245,42,5.0
2655,183,109,4.0
2656,172,66,5.0
2657,291,67,4.5
2658,143,63,5.0
2659,324,54,4.5
2660,139,100,4.0
2661,36,95,4.0
2662,433,125,5.0
2663,268,32,3.5
2664,257,89,5.0
2665,42,106,5.0
2666,52,76,5.0
2667,375,128,2.0
2668,265,116,4.0
2669,87,57,4.5
2670,204,60,4.5
2671,314,117,5.0
2672,236,102,4.5
2673,79,3,5.0
2674,59,1,5.0
2675,358,57,4.0
2676,4,152,4.0
2677,25,44,5.0
2678,76,76,4.5
2679,28,27,4.5
2680,445,43,4.5
2681,466,76,4.5
2682,311,13,4.5
2683,400,23,5.0
2684,278,18,4.5
2685,345,20,4.0
2686,162,12,5.0
2687,259,58,3.5
2688,86,86,5.0
2689,442,86,5.0
2690,495,105,4.5
2691,57,119,5.0
2692,19,2,4.5
2693,430,39,5.0
2694,218,26,5.0
2695,161,122,3.5
2696,153,97,4.5
2697,38,88,3.5
2698,75,44,4.5
2699,496,3,5.0
2700,273,75,5.0
2701,239,80,5.0
2702,296,79,5.0
2703,204,48,5.0
2704,302,104,4.0
2705,308,34,4.5
2706,339,127,4.5
2707,129,23,4.0
2708,347,19,4.5
2709,490,49,5.0
2710,418,30,5.0
2711,45,84,5.0
2712,377,69,4.5
2713,36,30,5.0
2714,28,51,5.0
2715,70,79,5.0
2716,50,42,4.5
2717,77,57,4.5
2718,116,48,5.0
2719,147,116,5.0
2720,282,59,5.0
2721,73,125,5.0
2722,87,112,5.0
2723,180,48,4.5
2724,85,75,4.0
2725,26,109,4.0
2726,17,14,4.0
2727,479,17,3.5
2728,255,102,5.0
2729,343,45,5.0
2730,498,123,5.0
2731,203,79,5.0
2732,371,28,3.5
2733,305,1,5.0
2734,266,54,5.0
2735,414,97,5.0
2736,13,31,5.0
2737,15,40,5.0
2738,44,29,4.5
2739,45,122,4.5
2740,480,106,4.5
2741,395,131,4.5
2742,185,3,5.0
2743,332,133,4.5
2744,169,43,4.5
2745,440,111,5.0
2746,353,51,5.0
2747,457,90,5.0
2748,9,19,5.0
2749,49,14,5.0
2750,159,106,4.5
2751,4,44,4.0
2752,477,1,4.5
2753,268,12,5.0
2754,271,1,5.0
2755,290,118,4.5
2756,285,119,4.5
2757,149,104,4.5
2758,206,5,5.0
2759,10,74,4.5
2760,148,20,4.0
2761,462,6,5.0
2762,405,132,3.0
2763,286,20,5.0
2764,74,92,5.0
2765,338,27,5.0
2766,468,112,5.0
2767,47,100,4.0
2768,83,39,4.0
2769,124,123,5.0
2770,110,122,4.0
2771,182,8,5.0
2772,131,122,5.0
2773,96,85,5.0
2774,151,64,5.0
2775,100,72,4.5
2776,123,76,4.5
2777,405,44,5.0
2778,225,36,5.0
2779,414,103,5.0
2780,27,60,5.0
2781,47,57,3.5
2782,338,17,4.5
2783,269,113,4.5
2784,221,10,4.5
2785,5,21,4.0
2786,157,28,5.0
2787,444,7,5.0
2788,88,53,5.0
2789,388,38,3.5
2790,274,109,5.0
2791,222,112,4.5
2792,233,105,4.5
2793,26,17,3.0
2794,207,80,3.5
2795,254,6,5.0
2796,302,27,5.0
2797,433,8,4.0
2798,52,106,5.0
2799,407,100,4.5
2800,273,15,5.0
2801,215,34,5.0
2802,62,132,3.0
2803,490,131,5.0
2804,475,52,5.0
2805,167,134,5.0
2806,71,26,4.0
2807,477,71,4.5
2808,65,51,5.0
2809,57,13,4.0
2810,425,23,5.0
2811,235,26,4.5
2812,175,5,4.5
2813,322,77,5.0
2814,4,30,4.5
2815,296,68,5.0
2816,313,112,5.0
2817,214,18,5.0
2818,149,119,4.5
2819,439,108,4.0
2820,318,95,3.0
2821,300,128,3.5
2822,416,72,5.0
2823,279,75,4.0
2824,315,58,5.0
2825,92,85,5.0
2826,97,23,4.0
2827,21,67,4.0
2828,42,2,5.0
2829,43,120,4.5
2830,73,41,5.0
2831,228,81,4.0
2832,211,39,5.0
2833,153,129,4.0
2834,439,60,4.0
2835,436,24,4.5
2836,20,122,4.5
2837,103,11,4.5
2838,211,108,5.0
2839,240,20,3.5
2840,250,126,5.0
2841,90,56,4.0
2842,350,110,4.0
2843,209,1,4.5
2844,20,40,5.0
2845,104,11,4.5
2846,264,46,4.5
2847,355,118,4.5
2848,120,62,5.0
2849,339,100,4.0
2850,348,50,4.5
2851,25,15,5.0
2852,271,77,4.5
2853,409,94,5.0
2854,292,79,4.5
2855,435,84,5.0
2856,98,39,4.5
2857,422,11,3.5
2858,65,32,5.0
2859,204,119,4.5
2860,435,77,5.0
2861,14,71,4.5
2862,135,134,5.0
2863,407,31,5.0
2864,34,72,5.0
2865,201,41,4.5
2866,356,67,4.0
2867,398,111,4.0
2868,223,110,5.0
2869,36,74,3.5
2870,303,36,4.0
2871,305,114,5.0
2872,451,44,4.5
2873,305,99,3.5
2874,369,11,5.0
2875,160,1,4.5
2876,376,52,4.5
2877,151,15,5.0
2878,459,103,4.5
2879,253,10,4.5
2880,213,26,4.5
2881,405,67,3.5
2882,418,58,3.5
2883,63,120,3.5
2884,39,31,5.0
2885,361,106,4.0
2886,433,79,4.0
2887,439,68,5.0
2888,242,67,5.0
2889,267,17,4.5
2890,324,127,4.5
2891,167,126,4.5
2892,392,127,5.0
2893,157,124,4.0
2894,264,4,4.5
2895,146,27,5.0
2896,150,27,5.0
2897,264,103,4.5
2898,122,11,5.0
2899,120,26,4.5
2900,318,10,5.0
2901,496,72,4.5
2902,213,122,4.0
2903,255,116,4.5
2904,480,88,3.5
2905,180,133,5.0
2906,363,9,5.0
2907,406,16,4.5
2908,332,125,5.0
2909,262,84,4.5
2910,53,27,5.0
2911,250,2,5.0
2912,240,16,4.5
2913,77,9,5.0
2914,162,49,5.0
2915,49,114,5.0
2916,104,91,5.0
2917,240,55,5.0
2918,380,85,4.0
2919,69,73,2.5
2920,374,25,5.0
2921,339,119,4.5
2922,167,99,5.0
2923,179,114,4.5
2924,437,122,5.0
2925,160,40,5.0
2926,439,4,4.5
2927,194,9,5.0
2928,371,42,4.5
2929,170,32,4.5
2930,272,13,5.0
2931,227,28,4.5
2932,199,53,3.0
2933,96,68,4.5
2934,34,95,4.0
2935,229,4,4.0
2936,207,56,5.0
2937,458,47,3.5
2938,264,16,5.0
2939,259,54,5.0
2940,497,76,5.0
2941,461,103,5.0
2942,34,6,5.0
2943,431,109,4.0
2944,146,32,4.5
2945,257,46,4.5
2946,450,30,5.0
2947,84,73,3.5
2948,91,59,5.0
2949,79,75,5.0
2950,31,101,5.0
2951,63,50,5.0
2952,9,20,3.5
2953,24,61,5.0
2954,401,33,5.0
2955,338,23,3.0
2956,386,82,4.5
2957,271,32,4.0
2958,332,82,4.5
2959,13,121,4.0
2960,95,4,4.5
2961,148,121,5.0
2962,195,59,4.5
2963,47,6,4.5
2964,261,1,4.0
2965,133,129,4.0
2966,300,46,4.5
2967,183,111,5.0
2968,43,7,4.5
2969,339,101,4.5
2970,349,31,5.0
2971,344,12,4.5
2972,266,49,4.5
2973,29,59,4.0
2974,162,66,4.0
2975,353,107,5.0
2976,20,82,5.0
2977,393,102,4.5
2978,98,66,4.5
2979,156,82,4.5
2980,387,24,4.5
2981,425,11,5.0
2982,481,77,4.0
2983,340,74,5.0
2984,416,97,5.0
2985,77,63,5.0
2986,44,97,5.0
2987,342,49,5.0
2988,170,132,3.0
2989,455,40,5.0
2990,91,69,5.0
2991,301,15,5.0
2992,449,92,5.0
2993,27,13,5.0
2994,495,26,5.0
2995,52,122,4.5
2996,201,110,5.0
2997,462,106,4.0
2998,196,88,4.5
2999,422,88,4.0
3000,21,65,4.5
3001,266,9,5.0
3002,494,77,4.5
3003,154,129,5.0
3004,417,102,4.0
3005,458,74,5.0
3006,182,97,4.0
3007,120,15,3.5
3008,210,3,5.0
3009,223,82,5.0
3010,331,104,5.0
3011,305,90,5.0
3012,344,38,4.0
3013,173,53,4.5
3014,320,109,4.0
3015,253,25,4.0
3016,52,34,5.0
3017,458,117,5.0
3018,355,98,4.0
3019,106,98,4.5
3020,158,79,4.5
3021,465,14,4.5
3022,300,17,3.0
3023,451,35,4.5
3024,271,18,4.5
3025,182,34,5.0
3026,385,13,5.0
3027,6,39,4.0
3028,348,55,4.0
3029,304,96,4.5
3030,53,22,5.0
3031,323,22,5.0
3032,394,89,4.0
3033,156,127,5.0
3034,104,63,5.0
3035,500,47,5.0
3036,36,2,5.0
3037,29,49,5.0
3038,417,4,4.5
3039,101,16,4.5
3040,258,13,4.5
3041,17,32,5.0
3042,154,92,4.5
3043,16,30,5.0
3044,182,117,4.5
3045,79,32,3.5
3046,11,112,5.0
3047,484,28,5.0
3048,179,69,4.0
3049,462,36,4.5
3050,77,8,4.0
3051,54,1,4.0
3052,101,130,5.0
3053,76,121,4.5
3054,300,103,5.0
3055,287,124,4.5
3056,231,26,4.5
3057,376,68,4.5
3058,207,26,4.5
3059,462,61,5.0
3060,227,121,3.0
3061,45,80,4.5
3062,358,61,4.0
3063,335,32,5.0
3064,450,99,5.0
3065,31,57,4.0
3066,217,35,4.5
3067,402,109,4.0
3068,54,27,5.0
3069,164,1,4.5
3070,124,85,5.0
3071,205,56,4.5
3072,248,40,4.5
3073,80,18,4.0
3074,109,126,5.0
3075,38,56,5.0
3076,79,76,5.0
3077,80,126,5.0
3078,8,59,3.5
3079,204,23,5.0
3080,90,128,4.0
3081,326,77,4.5
3082,494,47,5.0
3083,6,14,5.0
3084,167,131,5.0
3085,239,122,5.0
3086,185,68,5.0
3087,247,9,5.0
3088,337,117,4.5
3089,102,57,3.0
3090,64,123,4.0
3091,52,116,5.0
3092,22,111,5.0
3093,154,41,5.0
3094,60,69,5.0
3095,74,76,5.0
3096,369,92,3.5
3097,1,150,4.5
3098,195,108,3.5
3099,155,114,4.5
3100,426,82,4.0
3101,392,75,4.0
3102,492,57,4.5
3103,414,99,5.0
3104,436,55,4.5
3105,382,74,4.5
3106,316,1,5.0
3107,150,83,5.0
3108,35,121,4.5
3109,290,78,5.0
3110,481,133,4.5
3111,214,114,4.5
3112,286,58,5.0
3113,46,68,4.5
3114,62,94,4.5
3115,120,70,5.0
3116,66,93,5.0
3117,398,103,5.0
3118,28,16,4.5
3119,138,77,5.0
3120,191,52,4.5
3121,335,7,4.0
3122,478,98,3.5
3123,486,16,4.0
3124,320,119,4.5
3125,357,100,5.0
3126,123,110,4.5
3127,396,60,4.5
3128,417,51,4.5
3129,192,114,5.0
3130,424,108,5.0
3131,339,20,5.0
3132,197,116,5.0
3133,257,49,4.5
3134,479,64,4.0
3135,270,11,5.0
3136,249,83,5.0
3137,451,24,5.0
3138,302,74,5.0
3139,330,66,5.0
3140,76,125,4.5
3141,142,5,4.0
3142,36,116,4.5
3143,11,10,4.0
3144,361,104,5.0
3145,145,116,5.0
3146,398,6,5.0
3147,234,115,5.0
3148,96,119,5.0
3149,416,86,4.5
3150,387,32,5.0
3151,238,49,4.0
3152,147,131,3.5
3153,170,8,5.0
3154,157,65,4.5
3155,499,88,4.0
3156,223,107,4.0
3157,159,75,5.0
3158,351,41,4.5
3159,17,133,5.0
3160,197,123,4.5
3161,20,97,4.5
3162,68,27,5.0
3163,40,1,5.0
3164,154,56,4.0
3165,214,89,5.0
3166,224,109,4.0
3167,462,50,4.5
3168,151,117,4.5
3169,487,52,5.0
3170,396,112,5.0
3171,394,62,4.5
3172,482,69,4.0
3173,423,27,4.0
3174,252,48,4.0
3175,474,30,4.5
3176,171,100,5.0
3177,158,101,5.0
3178,62,115,4.5
3179,368,96,5.0
3180,1,37,4.0
3181,259,66,4.0
3182,257,60,5.0
3183,232,34,5.0
3184,352,7,5.0
3185,26,22,5.0
3186,118,98,4.5
3187,317,80,5.0
3188,90,59,4.5
3189,463,47,5.0
3190,214,43,4.5
3191,60,75,4.5
3192,179,134,5.0
3193,424,9,4.5
3194,334,127,4.5
3195,162,124,5.0
3196,137,26,5.0
3197,249,16,5.0
3198,41,7,5.0
3199,288,108,5.0
3200,44,128,3.5
3201,76,118,5.0
3202,370,77,4.5
3203,138,23,5.0
3204,115,55,4.5
3205,87,36,4.5
3206,273,133,4.5
3207,211,34,4.5
3208,354,72,5.0
3209,228,128,2.0
3210,179,109,4.0
3211,453,9,5.0
3212,401,9,4.5
3213,323,35,3.5
3214,298,43,4.0
3215,226,29,5.0
3216,123,73,3.5
3217,223,129,5.0
3218,69,70,5.0
3219,308,3,5.0
3220,237,80,4.5
3221,239,90,4.5
3222,231,121,4.5
3223,242,65,5.0
3224,147,38,5.0
3225,229,122,4.0
3226,13,82,5.0
3227,36,121,3.5
3228,357,55,5.0
3229,242,108,5.0
3230,386,63,5.0
3231,99,95,4.5
3232,495,65,4.0
3233,427,82,4.5
3234,270,40,4.5
3235,232,84,4.5
3236,183,41,4.5
3237,337,96,5.0
3238,213,83,4.5
3239,44,48,5.0
3240,22,65,5.0
3241,26,57,4.5
3242,208,60,5.0
3243,184,74,5.0
3244,173,108,4.0
3245,362,66,5.0
3246,378,42,5.0
3247,195,34,4.0
3248,436,73,2.5
3249,206,33,5.0
3250,287,103,5.0
3251,47,4,5.0
3252,19,74,5.0
3253,290,76,4.0
3254,97,50,4.5
3255,428,126,4.0
3256,421,33,5.0
3257,141,2,4.0
3258,218,49,5.0
3259,153,4,5.0
3260,314,102,5.0
3261,8,82,4.0
3262,331,16,3.5
3263,242,58,5.0
3264,163,86,5.0
3265,458,78,5.0
3266,277,31,4.5
3267,258,132,3.5
3268,495,85,5.0
3269,162,133,4.5
3270,210,35,3.5
3271,219,45,5.0
3272,261,23,4.5
3273,32,93,3.5
3274,428,84,4.5
3275,176,52,5.0
3276,19,64,5.0
3277,447,27,4.0
3278,370,89,4.5
3279,478,90,4.0
3280,58,98,5.0
3281,347,8,5.0
3282,482,99,4.5
3283,458,58,4.5
3284,403,2,4.5
3285,14,17,4.0
3286,309,37,5.0
3287,309,96,5.0
3288,392,121,5.0
3289,6,90,4.0
3290,397,128,2.5
3291,493,118,5.0
3292,124,103,5.0
3293,405,31,5.0
3294,399,130,5.0
3295,444,77,5.0
3296,255,42,5.0
3297,281,131,4.0
3298,380,60,4.0
3299,217,87,4.0
3300,92,110,5.0
3301,312,66,4.0
3302,76,110,4.5
3303,142,107,4.5
3304,72,76,4.0
3305,419,98,4.5
3306,426,26,3.5
3307,47,17,4.0
3308,250,129,4.0
3309,136,53,5.0
3310,142,51,5.0
3311,322,68,4.5
3312,433,40,4.5
3313,55,21,4.5
3314,48,103,3.5
3315,244,49,4.5
3316,32,60,5.0
3317,189,61,5.0
3318,21,128,2.5
3319,13,106,3.0
3320,278,114,4.0
3321,288,4,4.5
3322,439,91,4.5
3323,95,132,4.0
3324,165,19,4.5
3325,206,50,4.5
3326,224,6,5.0
3327,280,64,5.0
3328,109,111,5.0
3329,465,127,4.0
3330,149,59,5.0
3331,399,98,5.0
3332,472,126,5.0
3333,60,5,5.0
3334,86,23,5.0
3335,450,100,4.5
3336,137,56,5.0
3337,398,56,5.0
3338,231,28,5.0
3339,287,75,5.0
3340,194,112,5.0
3341,410,115,5.0
3342,49,129,5.0
3343,148,86,5.0
3344,452,88,3.0
3345,69,99,5.0
3346,52,130,5.0
3347,451,20,4.0
3348,165,39,5.0
3349,168,66,4.5
3350,395,34,5.0
3351,316,79,4.5
3352,28,131,5.0
3353,182,69,4.5
3354,80,43,4.5
3355,373,108,5.0
3356,489,68,5.0
3357,29,14,4.5
3358,84,22,5.0
3359,157,6,4.5
3360,182,129,5.0
3361,207,8,5.0
3362,465,11,5.0
3363,136,46,4.5
3364,312,129,4.5
3365,31,36,3.5
3366,277,9,5.0
3367,323,25,5.0
3368,486,9,4.0
3369,160,68,4.0
3370,408,12,5.0
3371,479,19,5.0
3372,390,18,5.0
3373,133,45,5.0
3374,164,40,5.0
3375,240,84,4.5
3376,494,104,5.0
3377,95,112,4.5
3378,119,6,5.0
3379,6,80,5.0
3380,20,115,4.5
3381,258,33,5.0
3382,319,34,3.5
3383,312,72,4.0
3384,243,69,5.0
3385,113,37,4.5
3386,104,107,4.5
3387,36,48,5.0
3388,160,57,4.5
3389,58,20,4.0
3390,305,18,4.5
3391,219,16,4.5
3392,299,93,5.0
3393,380,51,4.5
3394,145,31,4.0
3395,345,73,3.5
3396,459,96,5.0
3397,481,62,5.0
3398,423,51,4.0
3399,323,112,4.5
3400,126,79,4.0
3401,21,60,5.0
3402,471,101,5.0
3403,405,21,5.0
3404,33,6,4.5
3405,451,82,5.0
3406,324,91,5.0
3407,30,57,4.5
3408,219,49,4.5
3409,175,2,4.0
3410,490,106,5.0
3411,290,87,4.0
3412,470,120,5.0
3413,403,88,5.0
3414,16,16,5.0
3415,161,105,3.5
3416,309,125,5.0
3417,154,63,5.0
3418,360,123,5.0
3419,261,46,5.0
3420,318,25,4.0
3421,266,35,3.0
3422,468,78,3.5
3423,75,124,4.5
3424,482,132,2.5
3425,369,18,4.0
3426,442,69,4.0
3427,66,6,5.0
3428,229,10,4.5
3429,123,54,4.0
3430,83,43,5.0
3431,375,107,4.5
3432,125,133,4.5
3433,106,67,3.5
3434,299,56,5.0
3435,226,97,5.0
3436,150,55,5.0
3437,146,134,5.0
3438,12,19,4.0
3439,322,83,5.0
3440,21,7,5.0
3441,334,86,5.0
3442,271,102,4.5
3443,298,44,5.0
3444,418,23,3.5
3445,405,99,4.0
3446,322,118,5.0
3447,72,40,4.5
3448,113,117,5.0
3449,285,60,4.0
3450,450,23,4.0
3451,481,58,5.0
3452,309,54,5.0
3453,207,54,5.0
3454,396,76,4.5
3455,392,77,4.5
3456,423,38,4.5
3457,382,129,5.0
3458,183,133,4.0
3459,97,52,4.5
3460,77,74,5.0
3461,66,60,4.5
3462,20,67,4.5
3463,375,88,4.0
3464,430,10,4.5
3465,71,77,4.0
3466,321,97,5.0
3467,315,49,5.0
3468,120,14,4.5
3469,349,39,5.0
3470,92,52,5.0
3471,271,116,5.0
3472,391,77,5.0
3473,175,110,5.0
3474,172,15,4.5
3475,461,87,4.0
3476,331,91,5.0
3477,79,21,4.5
3478,87,90,4.5
3479,496,97,4.5
3480,242,57,5.0
3481,334,96,4.5
3482,318,11,4.5
3483,324,95,4.0
3484,113,118,5.0
3485,98,62,4.5
3486,96,1,4.0
3487,138,127,4.5
3488,2,129,4.0
3489,52,52,4.0
3490,37,107,5.0
3491,132,71,4.0
3492,498,48,4.5
3493,105,79,4.0
3494,239,29,5.0
3495,124,41,5.0
3496,91,110,5.0
3497,394,67,3.5
3498,442,10,5.0
3499,35,45,4.5
3500,155,36,4.0
3501,221,52,5.0
3502,245,107,5.0
3503,416,1,5.0
3504,120,29,4.0
3505,169,113,5.0
3506,139,124,5.0
3507,54,20,5.0
3508,268,59,4.5
3509,472,132,3.0
3510,277,77,5.0
3511,381,37,4.0
3512,195,73,3.5
3513,449,118,4.0
3514,183,48,5.0
3515,196,63,5.0
3516,386,27,4.5
3517,88,41,4.5
3518,449,27,5.0
3519,338,79,4.0
3520,293,90,4.5
3521,228,130,5.0
3522,300,61,4.5
3523,437,35,3.5
3524,73,74,4.0
3525,451,45,5.0
3526,265,113,4.0
3527,423,134,5.0
3528,273,119,5.0
3529,206,20,3.5
3530,227,132,3.0
3531,222,13,5.0
3532,416,130,5.0
3533,225,13,5.0
3534,146,88,4.0
3535,458,26,3.5
3536,435,121,5.0
3537,290,13,4.0
3538,421,40,4.5
3539,50,63,5.0
3540,47,62,4.0
3541,271,127,5.0
3542,63,93,4.0
3543,367,30,4.5
3544,182,68,5.0
3545,92,79,4.5
3546,353,104,5.0
3547,87,89,5.0
3548,141,14,4.5
3549,414,75,4.5
3550,440,21,5.0
3551,119,75,5.0
3552,145,48,4.5
3553,265,71,5.0
3554,395,100,3.0
3555,153,27,4.5
3556,441,61,4.5
3557,319,29,4.5
3558,67,78,4.5
3559,187,61,5.0
3560,441,43,4.0
3561,330,117,4.5
3562,443,104,4.5
3563,270,45,5.0
3564,2,110,4.0
3565,179,103,4.5
3566,443,90,5.0
3567,292,57,3.5
3568,409,116,4.0
3569,475,83,4.5
3570,33,37,4.0
3571,227,10,3.5
3572,98,120,4.5
3573,464,87,5.0
3574,280,97,4.0
3575,243,36,4.5
3576,186,51,5.0
3577,249,107,5.0
3578,455,128,3.5
3579,388,13,5.0
3580,20,121,3.0
3581,315,121,4.0
3582,350,131,4.0
3583,179,79,5.0
3584,360,39,4.0
3585,238,55,4.5
3586,23,62,4.5
3587,210,31,4.5
3588,387,6,5.0
3589,349,91,4.5
3590,254,76,4.5
3591,200,125,4.5
3592,259,59,5.0
3593,127,98,4.0
3594,472,50,4.0
3595,93,17,4.0
3596,4,80,4.0
3597,20,109,4.5
3598,293,122,4.5
3599,138,48,5.0
3600,310,110,5.0
3601,56,125,5.0
3602,15,8,4.5
3603,345,97,5.0
3604,113,85,5.0
3605,83,71,3.5
3606,454,36,5.0
3607,344,28,5.0
3608,322,100,3.5
3609,325,4,5.0
3610,290,92,4.5
3611,89,122,4.5
3612,17,44,4.0
3613,355,131,5.0
3614,195,54,5.0
3615,197,49,5.0
3616,370,91,5.0
3617,99,2,5.0
3618,134,12,5.0
3619,184,106,4.5
3620,486,126,5.0
3621,362,59,3.5
3622,374,80,4.5
3623,108,76,5.0
3624,33,55,4.5
3625,274,36,4.0
3626,489,128,2.5
3627,269,72,5.0
3628,231,115,5.0
3629,259,52,5.0
3630,73,15,3.5
3631,204,18,3.5
3632,499,17,3.5
3633,287,24,5.0
3634,340,36,4.5
3635,486,98,5.0
3636,257,51,5.0
3637,392,47,5.0
3638,494,133,4.5
3639,261,47,5.0
3640,32,123,5.0
3641,242,48,5.0
3642,297,90,5.0
3643,69,58,4.0
3644,208,115,4.5
3645,346,108,4.0
3646,239,111,5.0
3647,456,93,4.5
3648,16,97,4.0
3649,8,125,4.5
3650,254,45,5.0
3651,371,81,4.0
3652,323,74,5.0
3653,94,114,4.5
3654,49,83,4.0
3655,19,81,4.5
3656,489,28,4.5
3657,345,1,4.0
3658,149,91,5.0
3659,426,1,4.0
3660,396,1,4.0
3661,353,35,3.5
3662,26,21,5.0
3663,494,126,5.0
3664,1,82,5.0
3665,137,22,4.5
3666,23,54,3.5
3667,101,107,5.0
3668,474,31,5.0
3669,447,51,5.0
3670,338,6,4.0
3671,172,110,5.0
3672,442,23,5.0
3673,190,51,5.0
3674,175,13,4.5
3675,245,34,4.0
3676,111,83,3.5
3677,80,25,5.0
3678,485,108,5.0
3679,187,75,5.0
3680,39,117,4.5
3681,490,15,4.5
3682,141,127,5.0
3683,60,116,4.5
3684,414,61,5.0
3685,497,4,5.0
3686,295,132,3.5
3687,254,71,5.0
3688,109,37,4.5
3689,287,94,5.0
3690,364,39,3.5
3691,381,118,4.0
3692,314,118,5.0
3693,249,111,3.5
3694,492,129,4.0
3695,257,6,4.5
3696,429,93,4.5
3697,235,84,5.0
3698,136,99,4.5
3699,121,51,4.0
3700,249,1,5.0
3701,213,104,3.5
3702,433,77,4.5
3703,171,58,5.0
3704,446,129,5.0
3705,192,8,5.0
3706,326,13,4.5
3707,157,17,4.5
3708,386,6,4.5
3709,76,25,5.0
3710,382,92,5.0
3711,175,38,4.5
3712,447,114,4.0
3713,229,110,4.0
3714,103,64,4.5
3715,164,97,3.5
3716,21,39,5.0
3717,301,96,4.5
3718,477,5,5.0
3719,239,40,4.0
3720,25,94,5.0
3721,94,13,5.0
3722,395,39,5.0
3723,315,133,4.5
3724,242,115,5.0
3725,432,108,5.0
3726,263,123,4.5
3727,220,32,4.0
3728,48,6,5.0
3729,445,91,5.0
3730,9,102,4.5
3731,12,7,4.5
3732,170,93,3.5
3733,229,80,5.0
3734,54,125,5.0
3735,12,73,3.0
3736,462,20,4.5
3737,421,62,4.5
3738,21,83,5.0
3739,478,72,5.0
3740,434,88,4.0
3741,259,101,4.0
3742,435,83,5.0
3743,292,28,4.5
3744,198,17,4.5
3745,416,41,3.5
3746,474,82,5.0
3747,33,84,5.0
3748,139,76,4.5
3749,48,111,4.5
3750,440,10,5.0
3751,338,25,5.0
3752,53,66,4.5
3753,350,124,4.0
3754,309,72,4.0
3755,203,116,4.5
3756,463,74,5.0
3757,214,103,4.0
3758,178,58,4.5
3759,105,98,4.0
3760,335,19,4.0
3761,48,16,5.0
3762,488,130,5.0
3763,239,33,5.0
3764,350,62,5.0
3765,286,9,4.5
3766,400,114,4.5
3767,419,5,5.0
3768,310,108,5.0
3769,23,42,5.0
3770,199,111,5.0
3771,113,128,2.5
3772,104,19,3.5
3773,490,25,5.0
3774,147,11,4.0
3775,311,55,5.0
3776,57,79,5.0
3777,243,46,5.0
3778,259,134,4.0
3779,244,75,4.5
3780,284,97,5.0
3781,443,51,5.0
3782,387,66,4.5
3783,70,43,5.0
3784,94,53,5.0
3785,330,88,4.5
3786,74,11,5.0
3787,396,50,5.0
3788,346,10,5.0
3789,189,101,5.0
3790,386,66,4.5
3791,478,130,4.0
3792,169,23,5.0
3793,422,131,4.0
3794,255,20,4.5
3795,332,10,4.5
3796,479,114,5.0
3797,197,122,4.0
3798,313,113,4.5
3799,494,40,4.0
3800,199,93,4.0
3801,114,46,4.5
3802,381,109,5.0
3803,231,69,4.5
3804,169,30,5.0
3805,94,71,5.0
3806,328,1,5.0
3807,120,107,5.0
3808,212,67,4.0
3809,337,12,4.5
3810,255,10,4.5
3811,19,19,5.0
3812,15,86,5.0
3813,77,20,3.0
3814,53,97,5.0
3815,19,54,5.0
3816,104,54,3.5
3817,195,4,5.0
3818,317,62,4.5
3819,369,4,4.5
3820,112,78,5.0
3821,290,43,5.0
3822,44,104,5.0
3823,139,99,5.0
3824,361,71,4.0
3825,11,21,5.0
3826,268,114,5.0
3827,192,31,4.5
3828,206,29,5.0
3829,417,52,5.0
3830,202,40,5.0
3831,149,54,4.0
3832,419,134,4.5
3833,402,114,5.0
3834,276,48,4.5
3835,341,97,5.0
3836,463,114,4.0
3837,463,89,5.0
3838,116,4,4.5
3839,270,21,5.0
3840,132,47,5.0
3841,325,18,4.5
3842,314,68,4.5
3843,104,126,4.5
3844,200,87,5.0
3845,179,99,5.0
3846,29,87,5.0
3847,414,46,5.0
3848,386,18,3.5
3849,159,82,4.0
3850,62,81,5.0
3851,108,80,5.0
3852,353,99,4.5
3853,349,86,5.0
3854,323,29,4.5
3855,404,55,4.5
3856,88,16,4.5
3857,416,44,4.5
3858,240,133,5.0
3859,152,115,4.0
3860,158,4,4.5
3861,274,34,4.5
3862,200,83,4.0
3863,298,130,5.0
3864,388,134,5.0
3865,26,20,5.0
3866,107,39,4.5
3867,130,22,5.0
3868,146,121,4.5
3869,152,104,5.0
3870,53,57,4.0
3871,307,124,5.0
3872,187,112,5.0
3873,452,121,4.5
3874,42,22,5.0
3875,455,24,4.5
3876,454,82,5.0
3877,28,53,5.0
3878,212,28,5.0
3879,323,31,5.0
3880,132,54,5.0
3881,484,118,5.0
3882,164,44,4.5
3883,477,116,5.0
3884,375,100,4.5
3885,12,37,5.0
3886,196,81,5.0
3887,292,77,5.0
3888,86,71,3.0
3889,303,10,5.0
3890,269,58,4.5
3891,33,133,4.0
3892,67,17,4.5
3893,14,31,5.0
3894,57,31,5.0
3895,49,74,4.0
3896,168,104,5.0
3897,126,5,5.0
3898,370,121,3.5
3899,443,34,4.5
3900,229,20,5.0
3901,477,35,4.0
3902,220,67,4.5
3903,296,57,3.5
3904,172,127,5.0
3905,306,97,4.5
3906,132,111,5.0
3907,491,30,5.0
3908,359,111,3.0
3909,197,11,4.5
3910,355,45,5.0
3911,234,108,4.5
3912,351,50,5.0
3913,413,52,4.0
3914,258,86,5.0
3915,457,87,5.0
3916,142,59,4.0
3917,51,24,5.0
3918,54,103,4.5
3919,73,73,3.0
3920,125,39,5.0
3921,31,83,4.5
3922,273,35,4.5
3923,309,91,5.0
3924,57,54,5.0
3925,136,9,5.0
3926,24,1,5.0
3927,477,114,5.0
3928,319,25,5.0
3929,355,2,4.0
3930,39,46,4.5
3931,268,63,4.5
3932,349,14,5.0
3933,68,32,4.5
3934,164,57,4.5
3935,242,38,4.0
3936,485,125,5.0
3937,324,105,5.0
3938,29,5,4.0
3939,480,117,4.0
3940,185,67,5.0
3941,77,70,5.0
3942,496,71,4.0
3943,488,82,5.0
3944,172,107,5.0
3945,438,76,5.0
3946,33,119,4.0
3947,170,96,3.0
3948,124,95,3.5
3949,208,116,4.0
3950,487,49,5.0
3951,247,109,4.5
3952,290,126,5.0
3953,210,38,4.5
3954,387,65,5.0
3955,273,69,4.0
3956,390,96,5.0
3957,124,46,5.0
3958,105,18,4.5
3959,54,16,5.0
3960,140,96,5.0
3961,77,131,4.0
3962,236,121,4.0
3963,480,43,3.5
3964,43,26,4.5
3965,245,108,5.0
3966,484,24,5.0
3967,343,10,4.5
3968,435,101,4.0
3969,168,85,5.0
3970,10,71,3.5
3971,152,96,5.0
3972,11,43,5.0
3973,395,117,4.5
3974,29,31,4.5
3975,94,106,4.5
3976,429,28,4.5
3977,305,82,5.0
3978,372,68,4.0
3979,239,92,4.5
3980,403,23,4.5
3981,276,101,4.0
3982,148,89,4.0
3983,490,54,5.0
3984,351,42,3.5
3985,78,55,5.0
3986,29,52,3.0
3987,226,120,5.0
3988,27,78,4.5
3989,497,31,4.0
3990,409,60,5.0
3991,456,21,5.0
3992,454,6,5.0
3993,4,55,4.5
3994,254,81,5.0
3995,473,89,4.0
3996,113,97,4.5
3997,309,121,5.0
3998,451,52,4.5
3999,221,32,4.0
4000,41,119,4.0
4001,51,11,4.0
4002,13,5,4.0
4003,53,92,4.5
4004,339,57,4.0
4005,151,5,4.5
4006,120,58,5.0
4007,244,24,5.0
4008,331,130,5.0
4009,489,107,4.0
4010,447,67,5.0
4011,116,77,3.5
4012,471,121,3.5
4013,250,85,4.0
4014,373,112,4.5
4015,43,15,4.5
4016,144,55,4.5
4017,434,79,5.0
4018,275,14,5.0
4019,181,65,4.5
4020,222,96,5.0
4021,296,33,5.0
4022,243,70,4.5
4023,74,2,5.0
4024,92,67,5.0
4025,41,71,5.0
4026,156,96,5.0
4027,245,102,4.0
4028,303,5,4.0
4029,464,126,5.0
4030,425,108,5.0
4031,185,86,5.0
4032,465,43,5.0
4033,296,22,5.0
4034,240,129,4.5
4035,445,75,5.0
4036,9,29,4.5
4037,297,38,4.0
4038,356,74,4.5
4039,336,114,5.0
4040,392,132,3.0
4041,182,12,5.0
4042,496,107,5.0
4043,288,68,4.5
4044,166,116,4.0
4045,454,64,5.0
4046,312,29,4.5
4047,85,12,4.0
4048,336,34,4.5
4049,245,101,5.0
4050,415,69,5.0
4051,255,6,4.5
4052,153,16,4.5
4053,127,113,4.5
4054,330,6,4.5
4055,197,78,5.0
4056,136,128,2.5
4057,64,66,5.0
4058,497,126,4.0
4059,319,7,5.0
4060,14,130,4.0
4061,480,46,5.0
4062,474,43,5.0
4063,170,121,4.0
4064,54,132,4.5
4065,188,11,5.0
4066,418,90,5.0
4067,272,124,4.0
4068,194,78,3.5
4069,260,21,4.5
4070,499,111,4.0
4071,342,62,4.5
4072,387,89,5.0
4073,87,4,5.0
4074,486,127,4.0
4075,294,14,5.0
4076,134,55,5.0
4077,75,48,5.0
4078,49,70,4.5
4079,339,131,5.0
4080,446,68,4.5
4081,477,41,5.0
4082,168,68,4.0
4083,145,74,5.0
4084,459,78,4.0
4085,45,94,5.0
4086,360,117,4.5
4087,298,64,5.0
4088,42,103,5.0
4089,300,51,5.0
4090,188,96,5.0
4091,220,83,3.5
4092,34,9,5.0
4093,226,61,4.0
4094,170,131,3.5
4095,292,113,5.0
4096,154,53,4.0
4097,294,95,4.5
4098,419,44,5.0
4099,192,72,4.5
4100,269,122,4.5
4101,268,130,5.0
4102,87,109,4.5
4103,185,8,4.5
4104,124,78,4.0
4105,336,75,4.0
4106,192,91,4.0
4107,222,110,5.0
4108,151,78,3.0
4109,119,1,4.5
4110,99,51,4.0
4111,36,10,4.5
4112,404,130,5.0
4113,331,29,5.0
4114,170,100,4.0
4115,68,25,4.0
4116,370,125,5.0
4117,267,47,5.0
4118,332,7,5.0
4119,484,47,5.0
4120,157,70,5.0
4121,249,13,5.0
4122,423,1,4.5
4123,464,2,5.0
4124,220,28,4.5
4125,268,83,5.0
4126,104,15,5.0
4127,103,5,5.0
4128,321,32,4.5
4129,47,68,5.0
4130,401,44,5.0
4131,470,100,4.5
4132,318,45,4.5
4133,72,92,4.5
4134,115,23,5.0
4135,270,109,4.5
4136,380,55,5.0
4137,167,83,5.0
4138,348,42,4.0
4139,248,77,5.0
4140,43,82,5.0
4141,288,65,5.0
4142,414,66,5.0
4143,93,65,5.0
4144,1,141,4.5
4145,44,92,5.0
4146,20,105,5.0
4147,284,120,4.5
4148,29,131,4.5
4149,224,31,5.0
4150,105,85,4.5
4151,137,90,4.5
4152,222,46,5.0
4153,465,117,5.0
4154,158,109,5.0
4155,170,63,4.5
4156,149,101,5.0
4157,208,102,4.5
4158,164,5,4.5
4159,322,127,4.5
4160,160,45,5.0
4161,153,107,3.0
4162,191,131,4.5
4163,411,105,3.0
4164,414,107,5.0
4165,194,129,5.0
4166,203,93,5.0
4167,169,115,4.5
4168,113,92,5.0
4169,415,49,4.5
4170,269,108,5.0
4171,443,86,5.0
4172,450,69,5.0
4173,308,4,5.0
4174,463,56,4.0
4175,471,40,4.5
4176,379,14,4.5
4177,204,82,5.0
4178,176,59,4.0
4179,172,92,5.0
4180,26,8,5.0
4181,352,112,4.5
4182,221,50,4.5
4183,339,90,5.0
4184,126,44,5.0
4185,493,15,5.0
4186,125,35,3.5
4187,95,101,4.5
4188,236,15,5.0
4189,223,76,5.0
4190,454,12,5.0
4191,394,87,5.0
4192,277,43,5.0
4193,335,17,4.0
4194,331,92,4.5
4195,162,40,5.0
4196,491,41,3.5
4197,258,64,5.0
4198,260,53,5.0
4199,401,100,4.0
4200,488,112,4.5
4201,188,126,5.0
4202,10,127,4.0
4203,427,6,3.5
4204,35,39,5.0
4205,111,134,5.0
4206,43,64,5.0
4207,402,124,3.5
4208,30,53,4.5
4209,56,129,5.0
4210,417,67,5.0
4211,409,106,4.5
4212,208,54,4.5
4213,341,119,3.5
4214,285,110,4.5
4215,497,129,4.5
4216,244,1,5.0
4217,104,101,4.5
4218,132,5,4.5
4219,213,2,4.5
4220,466,87,5.0
4221,35,56,4.5
4222,171,50,5.0
4223,313,66,4.0
4224,184,129,4.5
4225,320,52,4.5
4226,214,72,4.5
4227,92,28,4.5
4228,189,124,4.0
4229,496,119,4.0
4230,182,23,5.0
4231,244,13,4.0
4232,165,113,4.0
4233,151,123,4.5
4234,139,49,5.0
4235,57,56,5.0
4236,351,79,4.0
4237,114,40,4.5
4238,13,28,4.5
4239,340,124,5.0
4240,317,16,4.0
4241,148,26,4.5
4242,48,94,4.5
4243,270,44,4.0
4244,476,33,5.0
4245,236,48,3.5
4246,253,23,5.0
4247,184,98,5.0
4248,250,38,4.0
4249,117,5,5.0
4250,216,19,4.5
4251,470,106,3.5
4252,3,129,5.0
4253,32,112,4.5
4254,19,104,4.0
4255,166,36,5.0
4256,387,95,4.0
4257,253,43,4.5
4258,381,50,4.5
4259,334,110,4.0
4260,428,82,4.0
4261,95,33,5.0
4262,499,77,4.5
4263,487,4,4.0
4264,389,18,4.5
4265,159,130,5.0
4266,202,119,4.0
4267,208,104,5.0
4268,358,12,4.0
4269,70,130,4.0
4270,331,54,4.0
4271,127,16,4.5
4272,432,63,4.5
4273,85,101,3.5
4274,458,61,4.5
4275,74,1,4.5
4276,90,16,4.5
4277,152,60,4.5
4278,297,67,5.0
4279,296,130,3.5
4280,367,26,4.5
4281,345,111,5.0
4282,162,34,4.0
4283,298,118,4.0
4284,195,1,5.0
4285,179,59,4.5
4286,136,84,4.5
4287,327,131,5.0
4288,53,105,4.0
4289,269,125,5.0
4290,208,18,4.5
4291,35,102,4.0
4292,210,54,4.5
4293,138,46,5.0
4294,396,109,4.0
4295,425,132,4.0
4296,498,133,4.5
4297,250,68,4.5
4298,480,50,5.0
4299,159,25,4.5
4300,265,6,5.0
4301,484,120,5.0
4302,347,52,5.0
4303,377,106,5.0
4304,290,62,4.0
4305,57,41,5.0
4306,125,126,4.5
4307,30,40,3.5
4308,367,92,4.0
4309,379,77,4.5
4310,28,11,5.0
4311,47,79,4.5
4312,461,15,5.0
4313,228,47,4.5
4314,221,59,4.5
4315,223,105,4.5
4316,230,11,5.0
4317,211,82,5.0
4318,107,72,4.0
4319,261,30,4.0
4320,405,80,5.0
4321,75,36,5.0
4322,500,107,4.5
4323,95,128,3.0
4324,314,12,4.5
4325,484,103,4.5
4326,360,95,5.0
4327,224,29,5.0
4328,444,82,5.0
4329,75,33,5.0
4330,49,58,5.0
4331,170,76,4.5
4332,483,53,4.0
4333,492,102,5.0
4334,40,94,5.0
4335,251,3,5.0
4336,459,65,5.0
4337,94,134,5.0
4338,479,66,5.0
4339,112,81,4.5
4340,281,54,4.0
4341,335,9,5.0
4342,444,53,4.0
4343,211,32,5.0
4344,194,82,5.0
4345,380,87,3.5
4346,440,49,4.0
4347,280,118,5.0
4348,149,109,4.5
4349,498,78,4.5
4350,331,5,5.0
4351,340,114,4.0
4352,195,133,5.0
4353,44,61,5.0
4354,71,88,5.0
4355,108,72,4.5
4356,421,78,4.5
4357,65,17,3.5
4358,470,65,4.5
4359,425,69,4.0
4360,257,116,5.0
4361,365,70,4.5
4362,463,50,4.5
4363,211,124,5.0
4364,77,71,5.0
4365,187,96,4.5
4366,9,26,5.0
4367,252,90,5.0
4368,172,130,4.5
4369,149,20,5.0
4370,86,54,4.0
4371,283,67,4.0
4372,192,25,5.0
4373,261,89,5.0
4374,362,134,4.5
4375,261,101,5.0
4376,274,65,5.0
4377,410,81,5.0
4378,482,9,5.0
4379,88,46,5.0
4380,77,114,5.0
4381,233,37,4.0
4382,42,12,5.0
4383,439,103,5.0
4384,456,10,5.0
4385,408,23,5.0
4386,315,18,4.5
4387,116,27,4.5
4388,108,3,4.0
4389,18,18,4.0
4390,280,34,3.5
4391,250,88,4.0
4392,258,18,5.0
4393,243,132,5.0
4394,154,71,3.5
4395,185,95,4.5
4396,234,83,5.0
4397,209,128,3.5
4398,268,75,4.5
4399,239,113,3.5
4400,220,133,4.5
4401,468,102,5.0
4402,94,5,5.0
4403,452,104,5.0
4404,38,44,5.0
4405,10,92,4.0
4406,386,81,4.0
4407,48,57,5.0
4408,492,33,5.0
4409,220,40,5.0
4410,283,54,5.0
4411,493,67,3.5
4412,229,36,5.0
4413,119,78,5.0
4414,357,5,5.0
4415,308,23,3.5
4416,247,98,5.0
4417,221,2,5.0
4418,94,36,5.0
4419,16,63,4.5
4420,213,91,4.0
4421,56,3,4.5
4422,178,127,5.0
4423,258,6,5.0
4424,86,83,4.0
4425,166,107,5.0
4426,170,57,3.5
4427,247,48,3.5
4428,389,106,5.0
4429,361,34,5.0
4430,166,13,5.0
4431,483,57,5.0
4432,5,105,4.5
4433,434,61,4.0
4434,319,83,4.5
4435,37,30,5.0
4436,428,21,4.5
4437,443,10,5.0
4438,150,119,4.0
4439,233,108,5.0
4440,439,8,4.5
4441,224,9,4.5
4442,199,22,4.5
4443,191,51,5.0
4444,409,92,4.5
4445,491,74,5.0
4446,171,38,5.0
4447,70,27,5.0
4448,263,56,4.5
4449,310,69,5.0
4450,420,119,5.0
4451,20,50,5.0
4452,367,57,5.0
4453,457,96,5.0
4454,5,19,4.0
4455,29,62,5.0
4456,256,106,4.5
4457,280,112,5.0
4458,216,116,5.0
4459,34,64,5.0
4460,233,18,4.0
4461,451,127,5.0
4462,465,37,5.0
4463,99,63,4.5
4464,267,69,3.0
4465,260,102,5.0
4466,346,101,5.0
4467,349,56,3.0
4468,153,53,4.5
4469,122,12,4.5
4470,435,116,4.5
4471,224,131,4.5
4472,8,14,5.0
4473,44,126,5.0
4474,259,119,5.0
4475,70,75,3.5
4476,410,19,4.5
4477,72,58,4.5
4478,157,41,5.0
4479,159,129,4.5
4480,63,25,4.5
4481,13,59,4.5
4482,389,111,4.5
4483,249,127,4.5
4484,38,130,4.0
4485,167,92,4.0
4486,483,20,5.0
4487,386,11,5.0
4488,12,59,4.5
4489,377,37,5.0
4490,323,21,5.0
4491,79,132,4.0
4492,434,108,5.0
4493,239,45,5.0
4494,171,105,4.5
4495,331,110,4.0
4496,15,104,4.5
4497,435,81,5.0
4498,62,133,4.0
4499,80,121,4.0
4500,183,56,4.0
4501,54,96,4.5
4502,143,64,5.0
4503,375,23,4.0
4504,229,99,5.0
4505,25,38,4.0
4506,238,128,4.0
4507,94,102,4.5
4508,272,25,4.5
4509,242,85,4.0
4510,500,29,4.0
4511,77,109,4.0
4512,262,51,5.0
4513,221,14,4.0
4514,129,22,5.0
4515,122,63,5.0
4516,283,108,4.0
4517,29,12,5.0
4518,123,61,4.5
4519,341,52,5.0
4520,406,80,4.5
4521,284,45,4.5
4522,377,128,3.5
4523,239,58,5.0
4524,277,45,5.0
4525,157,127,4.5
4526,206,55,4.5
4527,116,130,4.5
4528,66,118,5.0
4529,426,93,4.0
4530,279,116,5.0
4531,120,99,4.0
4532,59,111,5.0
4533,479,28,5.0
4534,460,61,5.0
4535,186,56,5.0
4536,336,62,5.0
4537,132,105,5.0
4538,332,58,5.0
4539,105,72,4.5
4540,196,110,4.5
4541,280,36,4.0
4542,347,131,4.0
4543,146,82,5.0
4544,18,21,4.5
4545,450,93,5.0
4546,407,130,3.5
4547,490,23,5.0
4548,405,122,5.0
4549,455,92,4.5
4550,448,89,5.0
4551,185,132,2.5
4552,386,133,4.5
4553,379,121,4.5
4554,311,71,5.0
4555,453,107,4.0
4556,363,129,4.0
4557,497,63,5.0
4558,248,89,3.5
4559,217,133,5.0
4560,14,117,4.5
4561,50,27,5.0
4562,154,55,4.5
4563,12,118,4.0
4564,391,125,4.0
4565,87,54,5.0
4566,380,84,4.5
4567,348,36,5.0
4568,381,131,5.0
4569,394,105,4.5
4570,450,8,5.0
4571,378,112,5.0
4572,93,118,4.5
4573,421,6,5.0
4574,40,31,4.5
4575,355,63,5.0
4576,433,103,4.5
4577,379,33,4.5
4578,351,36,5.0
4579,25,42,4.0
4580,157,88,4.0
4581,487,110,5.0
4582,382,27,3.5
4583,92,91,5.0
4584,267,21,4.5
4585,407,94,4.0
4586,297,111,4.0
4587,405,26,5.0
4588,478,63,5.0
4589,119,129,5.0
4590,5,141,4.5
4591,220,93,4.0
4592,445,78,4.0
4593,474,79,4.0
4594,215,51,4.5
4595,406,22,5.0
4596,335,47,5.0
4597,296,15,5.0
4598,224,133,4.0
4599,484,53,5.0
4600,255,88,4.0
4601,251,27,5.0
4602,46,119,4.5
4603,108,8,4.5
4604,247,27,5.0
4605,360,57,5.0
4606,363,17,4.0
4607,11,74,5.0
4608,496,118,4.5
4609,124,118,3.5
4610,103,84,5.0
4611,144,115,4.5
4612,396,7,5.0
4613,437,114,4.0
4614,401,114,3.5
4615,72,132,2.5
4616,288,8,4.0
4617,131,110,4.5
4618,486,124,4.0
4619,338,85,5.0
4620,286,127,4.5
4621,69,98,5.0
4622,370,8,4.5
4623,265,58,4.0
4624,134,9,5.0
4625,221,57,5.0
4626,281,35,3.5
4627,370,122,4.5
4628,408,89,5.0
4629,330,113,5.0
4630,70,53,3.5
4631,9,128,3.0
4632,160,129,4.5
4633,454,14,5.0
4634,448,80,5.0
4635,484,99,3.5
4636,340,82,5.0
4637,14,66,4.5
4638,210,44,5.0
4639,424,3,5.0
4640,171,24,5.0
4641,111,108,5.0
4642,479,71,4.5
4643,371,3,4.0
4644,315,116,5.0
4645,350,48,5.0
4646,273,59,4.5
4647,16,118,4.5
4648,316,68,5.0
4649,148,67,4.5
4650,165,7,5.0
4651,227,106,4.5
4652,309,60,5.0
4653,7,46,4.5
4654,69,20,5.0
4655,116,64,4.5
4656,383,82,4.0
4657,465,128,4.0
4658,206,131,4.0
4659,26,67,4.5
4660,285,9,5.0
4661,170,123,4.0
4662,178,63,5.0
4663,429,131,4.0
4664,257,79,4.5
4665,483,109,4.5
4666,17,58,5.0
4667,78,61,5.0
4668,91,55,4.5
4669,178,115,4.0
4670,422,129,4.5
4671,400,16,5.0
4672,120,113,4.0
4673,300,27,4.5
4674,324,37,4.5
4675,257,113,4.5
4676,222,74,4.0
4677,298,128,3.0
4678,183,108,4.0
4679,176,76,5.0
4680,105,34,4.0
4681,176,39,5.0
4682,38,49,4.0
4683,480,38,4.5
4684,336,46,5.0
4685,168,131,4.5
4686,411,12,4.5
4687,402,51,4.5
4688,203,55,5.0
4689,418,94,4.0
4690,485,115,5.0
4691,9,130,5.0
4692,136,47,5.0
4693,386,72,4.5
4694,7,11,4.5
4695,433,115,4.5
4696,40,9,5.0
4697,353,45,4.5
4698,472,14,5.0
4699,34,28,4.0
4700,42,58,4.0
4701,407,77,4.5
4702,57,23,5.0
4703,390,26,4.0
4704,252,106,4.5
4705,405,34,4.5
4706,330,83,5.0
4707,336,68,5.0
4708,172,54,4.5
4709,123,78,4.5
4710,310,112,4.5
4711,257,29,4.5
4712,95,55,3.0
4713,299,114,4.5
4714,386,130,4.0
4715,177,115,4.5
4716,221,87,5.0
4717,319,125,4.0
4718,313,55,5.0
4719,234,24,5.0
4720,173,104,4.5
4721,196,65,5.0
4722,51,3,4.0
4723,227,27,5.0
4724,463,75,5.0
4725,494,19,4.0
4726,380,105,4.0
4727,380,86,4.5
4728,23,81,5.0
4729,464,98,5.0
4730,47,34,4.0
4731,68,65,5.0
4732,398,40,3.0
4733,336,88,4.5
4734,286,61,5.0
4735,367,96,5.0
4736,164,52,4.5
4737,33,39,4.0
4738,389,132,4.0
4739,313,103,4.5
4740,206,112,5.0
4741,336,106,4.5
4742,398,31,5.0
4743,492,117,4.5
4744,256,75,4.5
4745,52,61,4.5
4746,112,9,4.5
4747,470,58,5.0
4748,192,3,5.0
4749,367,77,4.0
4750,101,57,5.0
4751,187,3,4.5
4752,125,18,5.0
4753,425,52,4.5
4754,83,74,4.5
4755,62,105,5.0
4756,153,82,5.0
4757,319,41,5.0
4758,485,75,5.0
4759,70,26,5.0
4760,121,105,5.0
4761,73,122,4.0
4762,309,103,3.0
4763,36,17,3.5
4764,16,70,3.5
4765,109,32,5.0
4766,429,42,5.0
4767,324,74,5.0
4768,411,86,4.5
4769,201,61,5.0
4770,136,117,4.0
4771,455,118,4.5
4772,484,75,4.5
4773,247,26,4.5
4774,323,76,5.0
4775,56,24,4.5
4776,98,67,3.5
4777,100,7,5.0
4778,159,59,5.0
4779,265,76,4.5
4780,222,12,5.0
4781,372,2,4.5
4782,9,90,4.5
4783,408,84,4.5
4784,124,24,4.5
4785,4,11,5.0
4786,441,83,4.5
4787,325,48,3.5
4788,278,110,4.5
4789,329,126,4.5
4790,394,81,4.5
4791,364,61,5.0
4792,420,81,5.0
4793,91,85,4.5
4794,320,94,5.0
4795,321,31,5.0
4796,416,68,5.0
4797,80,124,4.5
4798,81,126,4.0
4799,369,19,5.0
4800,185,69,4.5
4801,105,66,5.0
4802,448,109,4.0
4803,438,47,5.0
4804,58,40,4.5
4805,266,75,4.0
4806,194,124,4.5
4807,380,65,4.5
4808,201,69,5.0
4809,162,15,4.5
4810,157,100,4.0
4811,49,49,5.0
4812,337,68,4.0
4813,38,106,5.0
4814,7,87,5.0
4815,493,113,4.5
4816,270,42,4.5
4817,382,45,5.0
4818,94,21,4.5
4819,53,91,5.0
4820,332,53,3.5
4821,48,92,5.0
4822,358,1,4.5
4823,258,42,5.0
4824,136,61,5.0
4825,252,26,5.0
4826,27,115,5.0
4827,14,54,4.5
4828,338,86,5.0
4829,424,105,4.0
4830,262,88,4.0
4831,222,20,4.0
4832,102,15,5.0
4833,411,123,4.0
4834,42,72,5.0
4835,245,120,5.0
4836,349,93,4.5
4837,111,106,4.5
4838,304,101,5.0
4839,377,120,5.0
4840,494,58,5.0
4841,269,89,5.0
4842,393,46,5.0
4843,454,8,5.0
4844,103,116,4.5
4845,479,119,4.5
4846,251,112,5.0
4847,62,30,4.5
4848,201,128,3.0
4849,391,54,5.0
4850,262,86,5.0
4851,234,113,5.0
4852,208,64,5.0
4853,319,62,4.5
4854,402,27,4.5
4855,354,13,3.5
4856,14,34,5.0
4857,109,25,5.0
4858,124,18,4.5
4859,239,44,5.0
4860,167,43,5.0
4861,272,96,4.5
4862,103,68,3.5
4863,122,44,4.5
4864,59,114,5.0
4865,270,84,4.5
4866,219,36,5.0
4867,23,22,5.0
4868,247,125,5.0
4869,267,7,5.0
4870,187,12,4.0
4871,477,4,4.0
4872,98,93,4.0
4873,145,22,5.0
4874,436,33,4.0
4875,174,127,4.5
4876,389,43,5.0
4877,265,133,4.0
4878,82,54,5.0
4879,335,100,4.0
4880,183,97,5.0
4881,200,112,5.0
4882,116,119,4.5
4883,28,6,4.5
4884,150,64,4.5
4885,109,23,5.0
4886,187,54,3.5
4887,49,27,4.5
4888,62,113,4.0
4889,30,58,4.5
4890,269,41,5.0
4891,90,126,4.5
4892,8,38,5.0
4893,228,31,4.5
4894,8,2,4.5
4895,98,3,5.0
4896,236,101,4.0
4897,240,56,3.5
4898,99,108,5.0
4899,91,73,3.5
4900,304,51,4.5
4901,411,108,4.5
4902,408,8,4.5
4903,435,2,5.0
4904,65,11,5.0
4905,94,90,4.0
4906,382,13,5.0
4907,145,90,3.5
4908,420,98,5.0
4909,192,124,4.0
4910,306,26,5.0
4911,212,106,5.0
4912,117,63,5.0
4913,98,65,5.0
4914,316,84,5.0
4915,245,25,5.0
4916,459,21,4.0
4917,63,133,4.0
4918,357,105,4.0
4919,379,61,5.0
4920,290,20,5.0
4921,88,129,4.5
4922,296,93,4.0
4923,144,48,5.0
4924,428,83,5.0
4925,163,59,4.5
4926,124,132,3.5
4927,148,13,5.0
4928,190,83,3.5
4929,121,71,5.0
4930,36,21,4.5
4931,448,130,5.0
4932,375,132,2.5
4933,436,129,4.5
4934,199,56,4.0
4935,300,124,4.5
4936,84,31,4.5
4937,439,101,4.5
4938,316,116,4.5
4939,50,127,5.0
4940,151,46,5.0
4941,304,12,5.0
4942,485,71,4.0
4943,169,24,4.0
4944,439,52,4.0
4945,19,7,4.5
4946,487,93,4.5
4947,245,76,5.0
4948,41,56,5.0
4949,373,127,5.0
4950,458,89,4.0
4951,20,89,5.0
4952,227,102,5.0
4953,440,59,4.0
4954,107,19,4.0
4955,351,87,4.5
4956,73,50,5.0
4957,455,58,4.0
4958,51,122,5.0
4959,136,17,5.0
4960,1,34,4.0
4961,143,68,5.0
4962,92,64,5.0
4963,146,65,5.0
4964,345,78,4.0
4965,490,105,5.0
4966,309,126,4.0
4967,402,11,5.0
4968,126,90,4.0
4969,188,131,4.5
4970,44,84,5.0
4971,11,98,5.0
4972,97,98,5.0
4973,462,104,5.0
4974,168,48,4.5
4975,360,74,4.5
4976,465,12,4.5
4977,104,32,4.5
4978,63,16,4.0
4979,150,94,4.0
4980,353,126,5.0
4981,480,122,4.5
4982,499,35,3.5
4983,455,89,5.0
4984,99,71,4.5
4985,32,89,3.5
4986,414,120,4.5
4987,3,182,5.0
4988,328,80,5.0
4989,474,22,4.0
4990,413,28,5.0
4991,122,66,5.0
4992,324,65,4.5
4993,144,22,4.0
4994,183,74,4.5
4995,71,67,4.5
4996,219,114,5.0
4997,313,72,4.5
4998,183,66,5.0
4999,247,99,5.0
5000,64,116,4.0
5001,356,53,4.5
5002,88,60,5.0
5003,490,75,5.0
5004,188,40,5.0
5005,168,107,5.0
5006,72,98,4.5
5007,355,87,5.0
5008,350,130,4.5
5009,159,55,4.5
5010,324,14,5.0
5011,439,84,5.0
5012,152,117,4.5
5013,23,97,5.0
5014,255,133,5.0
5015,473,50,4.5
5016,382,76,5.0
5017,409,40,4.0
5018,230,22,5.0
5019,92,106,5.0
5020,375,108,4.0
5021,383,79,5.0
5022,465,114,5.0
5023,177,10,4.5
5024,317,99,4.5
5025,183,90,4.0
5026,349,132,2.5
5027,150,72,5.0
5028,199,6,4.0
5029,482,27,4.5
5030,355,106,4.0
5031,346,43,5.0
5032,459,83,5.0
5033,103,66,4.0
5034,450,76,4.5
5035,111,65,5.0
5036,480,72,4.0
5037,398,75,4.0
5038,160,2,4.5
5039,230,50,5.0
5040,150,107,4.0
5041,76,98,4.0
5042,51,29,5.0
5043,445,4,5.0
5044,165,104,4.5
5045,117,48,4.0
5046,265,63,4.5
5047,424,101,4.5
5048,305,19,5.0
5049,70,128,2.5
5050,63,78,4.0
5051,500,59,5.0
5052,313,108,4.0
5053,160,36,5.0
5054,310,86,5.0
5055,342,122,4.5
5056,261,128,3.0
5057,274,6,4.0
5058,445,117,4.0
5059,276,15,5.0
5060,5,106,4.0
5061,421,43,4.5
5062,24,68,5.0
5063,101,104,4.0
5064,340,96,5.0
5065,104,52,4.0
5066,269,124,4.0
5067,399,110,4.5
5068,254,116,4.0
5069,182,9,4.0
5070,492,97,3.5
5071,346,129,4.0
5072,236,83,5.0
5073,420,23,4.0
5074,138,91,4.5
5075,489,49,4.5
5076,6,104,5.0
5077,323,103,5.0
5078,287,40,5.0
5079,443,66,4.0
5080,365,43,5.0
5081,192,94,4.5
5082,350,50,5.0
5083,240,76,5.0
5084,39,115,5.0
5085,35,41,5.0
5086,187,26,5.0
5087,65,18,5.0
5088,139,70,4.5
5089,274,117,5.0
5090,405,58,4.5
5091,491,131,5.0
5092,479,100,3.5
5093,399,34,5.0
5094,21,88,4.5
5095,263,2,4.5
5096,182,44,4.5
5097,491,66,5.0
5098,284,134,5.0
5099,353,70,3.5
5100,420,127,4.5
5101,141,92,5.0
5102,402,116,4.5
5103,254,77,4.5
5104,54,74,5.0
5105,45,43,5.0
5106,394,3,5.0
5107,169,105,5.0
5108,82,53,4.0
5109,201,18,3.5
5110,261,25,4.0
5111,47,59,5.0
5112,55,71,5.0
5113,156,24,5.0
5114,114,92,5.0
5115,432,35,4.0
5116,261,61,5.0
5117,54,12,4.0
5118,237,26,5.0
5119,10,63,3.5
5120,397,91,4.5
5121,25,52,5.0
5122,45,126,5.0
5123,244,29,4.5
5124,484,1,5.0
5125,322,102,5.0
5126,196,33,5.0
5127,93,102,5.0
5128,268,113,4.0
5129,304,75,4.0
5130,179,95,4.0
5131,113,56,4.5
5132,462,121,4.5
5133,127,134,5.0
5134,491,126,4.5
5135,179,58,5.0
5136,395,36,4.5
5137,469,77,5.0
5138,40,41,5.0
5139,90,58,5.0
5140,79,96,5.0
5141,422,130,5.0
5142,335,22,5.0
5143,382,12,5.0
5144,329,20,4.5
5145,264,49,5.0
5146,14,65,3.5
5147,161,3,5.0
5148,108,65,5.0
5149,346,122,4.5
5150,361,55,4.5
5151,153,6,4.5
5152,32,58,4.0
5153,453,132,3.5
5154,472,21,4.0
5155,230,88,4.5
5156,319,79,5.0
5157,459,31,5.0
5158,256,102,5.0
5159,268,19,3.5
5160,499,86,4.5
5161,96,54,5.0
5162,114,101,5.0
5163,165,119,5.0
5164,8,126,5.0
5165,273,3,4.0
5166,39,57,4.5
5167,98,130,5.0
5168,5,76,4.5
5169,356,130,4.0
5170,159,80,5.0
5171,269,110,5.0
5172,98,132,3.5
5173,32,7,4.5
5174,23,82,4.5
5175,275,25,4.0
5176,384,65,3.5
5177,483,59,5.0
5178,394,82,5.0
5179,214,106,3.5
5180,16,3,4.5
5181,416,129,4.5
5182,204,37,4.5
5183,228,119,4.5
5184,167,114,5.0
5185,494,66,5.0
5186,382,28,4.5
5187,157,22,5.0
5188,375,80,4.5
5189,353,24,4.0
5190,223,64,5.0
5191,256,115,5.0
5192,446,76,5.0
5193,32,4,5.0
5194,97,12,4.5
5195,65,77,5.0
5196,394,52,5.0
5197,110,131,5.0
5198,147,51,5.0
5199,125,43,4.0
5200,214,80,5.0
5201,70,42,3.5
5202,23,15,4.5
5203,351,110,4.5
5204,369,75,4.5
5205,485,63,5.0
5206,100,46,4.0
5207,211,115,4.5
5208,237,56,4.5
5209,302,114,3.5
5210,480,21,5.0
5211,105,107,5.0
5212,254,100,3.5
5213,339,89,4.0
5214,192,87,4.5
5215,200,81,5.0
5216,497,78,4.5
5217,143,60,5.0
5218,19,120,4.5
5219,455,103,5.0
5220,417,17,3.0
5221,400,71,3.5
5222,343,78,4.5
5223,234,79,5.0
5224,440,72,5.0
5225,169,39,5.0
5226,451,39,4.5
5227,102,128,3.5
5228,123,48,4.5
5229,483,60,4.5
5230,113,45,4.5
5231,190,53,4.0
5232,27,113,4.0
5233,95,102,4.5
5234,138,93,4.5
5235,399,100,4.5
5236,418,43,5.0
5237,415,108,5.0
5238,396,118,5.0
5239,148,95,3.5
5240,347,134,4.5
5241,154,22,4.0
5242,124,22,4.0
5243,445,10,5.0
5244,231,61,5.0
5245,164,126,4.0
5246,444,68,5.0
5247,445,105,5.0
5248,69,131,4.0
5249,53,117,4.5
5250,276,42,4.5
5251,380,38,4.5
5252,486,18,4.5
5253,24,88,4.0
5254,260,116,4.5
5255,454,24,3.5
5256,465,1,4.5
5257,423,113,4.5
5258,233,43,5.0
5259,77,42,3.5
5260,151,35,3.0
5261,312,31,4.0
5262,348,104,5.0
5263,285,117,4.5
5264,260,124,5.0
5265,247,84,4.0
5266,211,133,5.0
5267,30,41,3.0
5268,165,133,4.0
5269,447,103,5.0
5270,266,47,4.0
5271,354,131,4.0
5272,484,90,5.0
5273,429,41,4.0
5274,355,28,4.0
5275,223,14,5.0
5276,201,14,5.0
5277,269,50,4.5
5278,152,74,5.0
5279,236,22,5.0
5280,161,12,5.0
5281,12,88,3.0
5282,132,15,4.5
5283,105,9,5.0
5284,393,26,4.0
5285,414,14,4.0
5286,196,67,3.5
5287,85,7,4.5
5288,314,130,3.5
5289,240,78,4.5
5290,303,2,5.0
5291,500,5,4.5
5292,212,102,4.0
5293,21,76,4.5
5294,323,111,4.5
5295,211,80,4.5
5296,287,2,4.5
5297,243,127,4.5
5298,158,134,4.5
5299,166,128,3.0
5300,315,118,4.0
5301,320,129,4.5
5302,483,12,4.5
5303,85,3,4.0
5304,254,13,4.5
5305,415,39,5.0
5306,491,14,4.5
5307,417,29,5.0
5308,123,21,4.5
5309,205,117,4.0
5310,319,127,4.5
5311,57,72,5.0
5312,6,101,5.0
5313,123,87,3.5
5314,463,9,4.0
5315,79,19,4.0
5316,484,76,5.0
5317,68,97,5.0
5318,129,106,5.0
5319,464,17,4.0
5320,96,10,5.0
5321,183,94,5.0
5322,500,95,3.5
5323,480,101,4.5
5324,220,92,5.0
5325,447,93,5.0
5326,106,6,5.0
5327,105,39,5.0
5328,399,54,4.5
5329,41,13,4.5
5330,357,19,4.5
5331,223,38,5.0
5332,66,98,4.0
5333,287,79,4.0
5334,418,116,5.0
5335,213,90,5.0
5336,190,49,5.0
5337,273,58,5.0
5338,285,80,4.5
5339,259,51,5.0
5340,377,103,4.0
5341,23,107,4.0
5342,210,125,5.0
5343,113,113,4.5
5344,349,49,4.5
5345,160,72,4.5
5346,149,9,5.0
5347,377,14,4.5
5348,358,113,4.5
5349,342,55,4.5
5350,206,116,4.0
5351,192,97,5.0
5352,272,73,3.0
5353,297,74,4.5
5354,208,108,5.0
5355,311,97,5.0
5356,454,114,5.0
5357,66,48,5.0
5358,3,291,4.0
5359,27,103,4.0
5360,219,7,4.5
5361,389,32,4.5
5362,261,111,5.0
5363,167,103,4.5
5364,44,46,5.0
5365,17,107,5.0
5366,361,44,5.0
5367,302,21,4.5
5368,332,19,4.5
5369,394,41,5.0
5370,208,100,4.0
5371,37,96,5.0
5372,211,91,5.0
5373,305,14,4.5
5374,203,117,4.5
5375,448,126,3.5
5376,161,15,5.0
5377,164,30,4.5
5378,354,19,5.0
5379,265,21,5.0
5380,87,53,4.0
5381,189,20,5.0
5382,51,19,4.5
5383,341,92,4.5
5384,350,30,5.0
5385,490,18,4.5
5386,95,50,5.0
5387,196,11,5.0
5388,394,47,4.5
5389,353,7,5.0
5390,73,130,5.0
5391,339,56,4.0
5392,329,12,5.0
5393,447,35,3.5
5394,225,6,5.0
5395,166,71,4.0
5396,290,47,5.0
5397,136,10,4.0
5398,352,75,4.5
5399,54,101,4.5
5400,369,77,4.5
5401,312,16,4.0
5402,229,119,4.5
5403,223,113,4.0
5404,421,4,5.0
5405,471,122,4.5
5406,35,23,5.0
5407,65,58,4.5
5408,373,107,4.0
5409,383,105,5.0
5410,162,24,5.0
5411,346,80,5.0
5412,372,51,4.5
5413,327,111,5.0
5414,287,61,4.0
5415,321,4,4.5
5416,258,123,4.5
5417,270,90,5.0
5418,109,109,4.0
5419,358,7,5.0
5420,105,88,5.0
5421,433,131,4.5
5422,60,39,4.5
5423,324,70,4.5
5424,168,47,4.5
5425,449,132,2.5
5426,212,1,4.0
5427,41,74,4.5
5428,197,28,5.0
5429,222,78,5.0
5430,237,38,4.5
5431,349,64,4.5
5432,253,128,3.0
5433,45,49,5.0
5434,30,50,4.0
5435,262,30,5.0
5436,321,14,4.5
5437,44,103,4.5
5438,483,123,5.0
5439,468,105,5.0
5440,367,64,4.5
5441,480,67,4.0
5442,365,93,4.0
5443,277,82,4.5
5444,481,101,5.0
5445,329,49,5.0
5446,9,73,3.0
5447,290,2,4.0
5448,40,27,5.0
5449,27,9,5.0
5450,288,110,4.5
5451,112,44,4.5
5452,231,42,5.0
5453,2,64,2.5
5454,117,115,5.0
5455,476,89,4.5
5456,132,19,5.0
5457,103,94,5.0
5458,246,20,5.0
5459,214,26,5.0
5460,429,62,4.5
5461,286,122,4.5
5462,131,74,4.0
5463,174,62,5.0
5464,122,20,5.0
5465,420,80,5.0
5466,231,106,5.0
5467,269,114,4.0
5468,62,125,5.0
5469,37,59,5.0
5470,229,130,4.5
5471,440,70,5.0
5472,385,91,4.5
5473,270,122,4.5
5474,78,60,5.0
5475,89,92,4.5
5476,43,102,4.5
5477,160,6,5.0
5478,136,111,5.0
5479,197,61,5.0
5480,324,66,4.5
5481,360,4,5.0
5482,192,133,5.0
5483,104,97,4.5
5484,451,58,4.5
5485,210,94,5.0
5486,398,108,5.0
5487,396,64,5.0
5488,160,23,3.5
5489,18,78,4.5
5490,343,131,4.5
5491,251,117,4.0
5492,53,10,5.0
5493,259,39,5.0
5494,152,5,4.5
5495,478,31,5.0
5496,27,15,4.5
5497,234,94,4.0
5498,98,6,5.0
5499,402,54,5.0
5500,479,99,4.0
5501,124,48,5.0
5502,157,114,3.5
5503,7,113,4.5
5504,309,119,5.0
5505,31,74,4.0
5506,479,43,5.0
5507,447,129,5.0
5508,351,53,5.0
5509,221,25,5.0
5510,312,114,5.0
5511,487,6,5.0
5512,379,114,3.5
5513,351,104,4.0
5514,40,45,5.0
5515,152,127,5.0
5516,460,6,5.0
5517,397,62,4.5
5518,360,50,4.0
5519,39,70,5.0
5520,210,134,5.0
5521,138,54,4.0
5522,376,104,5.0
5523,97,15,4.0
5524,396,86,4.5
5525,403,59,5.0
5526,339,29,4.5
5527,300,68,5.0
5528,155,69,4.5
5529,280,4,5.0
5530,390,40,5.0
5531,496,93,3.5
5532,243,73,4.0
5533,469,110,4.5
5534,137,129,5.0
5535,301,126,4.5
5536,342,13,4.5
5537,195,36,5.0
5538,252,111,5.0
5539,468,33,4.0
5540,487,69,4.5
5541,264,55,5.0
5542,387,100,3.5
5543,374,40,5.0
5544,439,54,5.0
5545,137,104,5.0
5546,474,91,5.0
5547,277,12,5.0
5548,280,98,4.0
5549,161,81,4.0
5550,107,126,5.0
5551,324,1,5.0
5552,319,77,4.5
5553,383,113,4.5
5554,392,34,4.0
5555,432,53,4.0
5556,311,102,5.0
5557,66,81,5.0
5558,85,133,5.0
5559,499,98,4.0
5560,81,4,5.0
5561,286,18,3.5
5562,183,76,3.5
5563,236,9,5.0
5564,392,99,5.0
5565,278,5,4.0
5566,82,109,4.5
5567,323,133,5.0
5568,150,7,4.5
5569,381,62,5.0
5570,258,127,5.0
5571,282,31,5.0
5572,462,111,5.0
5573,471,75,5.0
5574,179,64,5.0
5575,175,21,4.0
5576,314,4,4.5
5577,66,75,4.5
5578,207,100,4.5
5579,111,16,5.0
5580,77,1,3.5
5581,281,98,5.0
5582,159,107,3.5
5583,5,24,4.5
5584,364,60,5.0
5585,466,51,5.0
5586,250,11,5.0
5587,273,93,4.5
5588,147,50,4.5
5589,87,67,4.5
5590,304,35,4.0
5591,247,60,3.5
5592,478,112,5.0
5593,286,103,4.5
5594,246,59,5.0
5595,418,74,5.0
5596,166,56,4.0
5597,197,32,3.0
5598,384,16,4.5
5599,83,122,5.0
5600,377,49,5.0
5601,345,47,5.0
5602,99,111,4.5
5603,446,72,4.5
5604,472,79,4.5
5605,100,104,5.0
5606,500,41,5.0
5607,25,87,5.0
5608,285,106,4.0
5609,479,74,4.5
5610,486,60,4.5
5611,45,82,5.0
5612,157,42,5.0
5613,89,28,4.5
5614,250,108,4.5
5615,327,119,5.0
5616,349,25,5.0
5617,257,99,5.0
5618,427,103,4.0
5619,313,54,5.0
5620,451,96,5.0
5621,164,65,5.0
5622,117,118,4.0
5623,422,33,4.0
5624,396,6,3.0
5625,224,81,5.0
5626,387,98,5.0
5627,302,106,5.0
5628,321,18,5.0
5629,141,60,4.5
5630,243,98,4.5
5631,23,61,5.0
5632,317,128,2.5
5633,490,68,4.5
5634,135,56,3.5
5635,202,72,4.5
5636,218,43,4.5
5637,436,95,5.0
5638,294,117,4.0
5639,277,111,4.5
5640,351,19,4.5
5641,441,86,4.5
5642,93,77,3.5
5643,485,81,5.0
5644,34,35,4.0
5645,420,21,5.0
5646,355,26,5.0
5647,262,15,4.5
5648,245,74,4.0
5649,91,61,4.5
5650,379,12,5.0
5651,36,104,5.0
5652,25,33,4.5
5653,70,127,4.0
5654,452,63,5.0
5655,91,117,3.5
5656,163,19,5.0
5657,391,29,5.0
5658,271,23,5.0
5659,264,39,5.0
5660,160,113,4.5
5661,98,58,5.0
5662,428,60,3.5
5663,387,106,4.0
5664,177,108,5.0
5665,442,46,5.0
5666,282,70,5.0
5667,236,110,4.5
5668,221,80,5.0
5669,248,20,3.5
5670,430,48,5.0
5671,338,4,4.0
5672,123,69,4.5
5673,214,121,4.5
5674,381,42,4.0
5675,319,87,4.0
5676,72,46,5.0
5677,209,69,5.0
5678,258,56,4.5
5679,426,59,4.0
5680,196,14,5.0
5681,218,83,4.0
5682,89,131,4.5
5683,198,122,5.0
5684,208,85,5.0
5685,10,31,4.5
5686,260,15,4.0
5687,470,25,5.0
5688,387,112,3.5
5689,95,113,4.5
5690,314,30,5.0
5691,224,97,5.0
5692,96,90,4.5
5693,2,5,4.5
5694,112,36,5.0
5695,496,22,5.0
5696,405,84,4.5
5697,147,39,5.0
5698,374,63,5.0
5699,497,65,4.5
5700,331,85,4.5
5701,221,93,4.5
5702,324,10,5.0
5703,463,94,5.0
5704,225,34,5.0
5705,65,68,4.5
5706,483,68,4.0
5707,68,109,3.0
5708,31,116,5.0
5709,169,9,5.0
5710,283,70,5.0
5711,146,15,5.0
5712,407,63,4.5
5713,312,91,4.0
5714,325,127,5.0
5715,424,112,5.0
5716,3,356,4.0
5717,334,124,5.0
5718,122,115,4.0
5719,151,14,5.0
5720,74,106,5.0
5721,277,130,4.5
5722,254,41,4.5
5723,34,131,4.5
5724,150,88,3.5
5725,115,30,5.0
5726,102,2,5.0
5727,103,52,4.0
5728,352,129,5.0
5729,458,127,4.5
5730,264,41,5.0
5731,269,119,5.0
5732,61,83,4.5
5733,70,90,5.0
5734,206,6,5.0
5735,21,133,5.0
5736,365,36,5.0
5737,442,36,4.5
5738,297,2,5.0
5739,146,128,3.0
5740,486,1,5.0
5741,454,66,5.0
5742,234,74,3.5
5743,285,101,5.0
5744,365,17,4.0
5745,268,124,4.0
5746,177,36,5.0
5747,455,120,3.5
5748,315,98,4.5
5749,162,115,4.0
5750,486,47,4.5
5751,164,54,5.0
5752,285,46,5.0
5753,222,98,4.0
5754,54,109,4.5
5755,218,39,4.5
5756,386,39,4.0
5757,314,116,5.0
5758,43,100,4.0
5759,191,35,3.5
5760,152,71,5.0
5761,188,44,4.5
5762,92,24,4.0
5763,476,130,5.0
5764,346,119,4.0
5765,314,82,4.5
5766,129,131,4.5
5767,487,21,4.0
5768,416,57,4.0
5769,190,21,5.0
5770,44,91,5.0
5771,328,41,4.0
5772,440,116,4.5
5773,478,118,5.0
5774,164,129,5.0
5775,117,2,5.0
5776,368,63,5.0
5777,97,31,4.0
5778,425,104,5.0
5779,25,73,3.0
5780,192,9,4.5
5781,408,94,4.5
5782,197,98,4.0
5783,222,47,4.5
5784,165,78,5.0
5785,296,55,4.5
5786,66,5,5.0
5787,497,23,4.0
5788,205,112,4.5
5789,85,78,5.0
5790,41,63,4.5
5791,341,106,5.0
5792,480,98,5.0
5793,331,7,5.0
5794,37,13,5.0
5795,20,64,5.0
5796,303,73,4.0
5797,444,52,4.5
5798,115,121,4.5
5799,139,120,5.0
5800,157,81,4.5
5801,99,64,4.5
5802,398,29,3.5
5803,21,10,4.0
5804,146,119,4.5
5805,442,57,4.0
5806,80,98,4.5
5807,457,66,5.0
5808,462,86,4.5
5809,84,15,5.0
5810,202,75,5.0
5811,325,88,4.5
5812,464,12,5.0
5813,468,111,5.0
5814,400,85,5.0
5815,33,75,4.5
5816,179,34,5.0
5817,120,105,4.5
5818,152,3,5.0
5819,50,89,5.0
5820,15,107,5.0
5821,332,127,5.0
5822,213,36,5.0
5823,444,76,4.5
5824,460,119,4.5
5825,53,21,4.5
5826,95,72,5.0
5827,458,36,5.0
5828,195,78,5.0
5829,149,116,5.0
5830,465,8,5.0
5831,453,6,5.0
5832,472,122,4.5
5833,136,63,4.5
5834,208,127,5.0
5835,423,121,4.0
5836,94,63,5.0
5837,167,21,5.0
5838,239,41,5.0
5839,135,42,5.0
5840,439,132,3.5
5841,85,58,4.5
5842,257,15,5.0
5843,75,76,4.0
5844,205,7,5.0
5845,366,124,3.5
5846,249,63,4.5
5847,407,21,4.5
5848,30,56,5.0
5849,242,4,4.0
5850,314,84,4.5
5851,165,55,4.5
5852,196,36,5.0
5853,359,103,5.0
5854,465,99,4.0
5855,285,22,5.0
5856,474,17,4.0
5857,472,97,4.5
5858,192,60,5.0
5859,302,133,5.0
5860,75,23,4.5
5861,213,125,5.0
5862,56,34,5.0
5863,210,20,5.0
5864,353,14,4.5
5865,61,99,4.5
5866,469,124,4.0
5867,232,82,3.0
5868,97,111,4.5
5869,355,80,4.5
5870,377,75,4.0
5871,425,58,4.0
5872,357,54,5.0
5873,338,123,5.0
5874,284,117,4.0
5875,495,103,4.0
5876,156,17,4.0
5877,414,38,4.0
5878,489,34,5.0
5879,231,35,4.0
5880,32,23,5.0
5881,167,63,5.0
5882,480,61,4.5
5883,131,39,4.5
5884,271,64,3.5
5885,49,96,4.0
5886,260,42,5.0
5887,430,103,3.0
5888,154,11,5.0
5889,10,50,4.5
5890,380,5,5.0
5891,136,34,5.0
5892,75,122,4.0
5893,59,94,4.5
5894,427,99,4.5
5895,29,80,5.0
5896,491,26,5.0
5897,364,46,5.0
5898,362,68,4.5
5899,271,68,5.0
5900,300,94,4.5
5901,111,98,3.5
5902,106,131,5.0
5903,450,84,5.0
5904,275,76,5.0
5905,277,100,4.0
5906,142,119,3.5
5907,234,116,4.0
5908,478,73,4.0
5909,296,73,3.0
5910,178,121,4.0
5911,239,28,4.5
5912,409,29,5.0
5913,493,83,4.0
5914,338,76,5.0
5915,149,68,5.0
5916,32,116,4.0
5917,353,68,5.0
5918,213,132,3.0
5919,296,112,5.0
5920,296,91,4.5
5921,258,88,3.5
5922,448,100,4.5
5923,125,55,4.5
5924,290,50,5.0
5925,343,85,4.5
5926,107,113,5.0
5927,336,71,4.5
5928,251,109,5.0
5929,169,124,5.0
5930,69,23,4.0
5931,250,26,4.0
5932,273,80,4.5
5933,296,27,5.0
5934,455,70,4.0
5935,278,52,5.0
5936,81,60,5.0
5937,65,122,4.5
5938,359,42,4.0
5939,350,67,5.0
5940,256,20,5.0
5941,304,77,5.0
5942,265,78,4.5
5943,3,183,4.0
5944,462,124,5.0
5945,21,106,4.5
5946,402,80,4.5
5947,232,79,4.5
5948,194,72,4.0
5949,377,28,5.0
5950,121,3,4.5
5951,341,98,5.0
5952,121,97,5.0
5953,374,44,4.0
5954,329,99,5.0
5955,484,91,5.0
5956,49,67,5.0
5957,439,29,4.5
5958,139,60,5.0
5959,398,112,5.0
5960,268,35,3.5
5961,39,36,5.0
5962,260,83,4.5
5963,248,105,4.0
5964,457,84,5.0
5965,182,88,4.5
5966,436,15,5.0
5967,263,18,3.5
5968,116,112,5.0
5969,256,130,5.0
5970,170,69,4.0
5971,257,12,5.0
5972,258,120,3.5
5973,460,91,4.5
5974,129,93,5.0
5975,348,62,4.5
5976,18,7,5.0
5977,222,14,4.5
5978,485,96,4.5
5979,54,25,4.0
5980,280,27,4.0
5981,91,89,5.0
5982,140,25,5.0
5983,419,56,5.0
5984,282,21,5.0
5985,432,41,5.0
5986,412,54,5.0
5987,230,98,4.5
5988,447,46,5.0
5989,322,104,4.0
5990,65,44,5.0
5991,102,84,4.5
5992,100,34,4.0
5993,151,34,3.0
5994,18,103,4.5
5995,247,19,5.0
5996,329,127,4.5
5997,38,85,4.5
5998,233,123,5.0
5999,190,95,4.0
6000,460,101,5.0
6001,301,27,5.0
6002,85,52,4.5
6003,466,97,4.0
6004,184,5,5.0
6005,171,119,3.5
6006,439,7,4.5
6007,362,1,5.0
6008,257,112,5.0
6009,325,16,4.5
6010,451,117,5.0
6011,47,128,3.0
6012,153,55,5.0
6013,64,111,5.0
6014,488,52,4.5
6015,122,74,5.0
6016,52,124,4.0
6017,386,54,5.0
6018,449,11,5.0
6019,441,75,4.0
6020,269,64,4.5
6021,350,127,5.0
6022,84,13,5.0
6023,338,15,5.0
6024,289,96,3.5
6025,325,100,4.0
6026,36,45,4.5
6027,468,52,4.0
6028,9,106,4.5
6029,278,37,4.0
6030,221,68,5.0
6031,33,99,4.0
6032,24,71,4.5
6033,162,96,4.0
6034,324,77,5.0
6035,183,69,5.0
6036,254,11,4.5
6037,487,74,5.0
6038,463,78,5.0
6039,447,24,5.0
6040,268,28,5.0
6041,101,75,3.5
6042,62,8,5.0
6043,212,95,5.0
6044,488,116,4.0
6045,30,17,4.5
6046,100,44,5.0
6047,302,36,3.5
6048,419,16,5.0
6049,244,71,4.0
6050,207,52,4.5
6051,4,76,5.0
6052,18,26,5.0
6053,312,101,4.5
6054,440,130,5.0
6055,30,4,5.0
6056,321,20,4.0
6057,32,129,5.0
6058,9,119,3.5
6059,33,131,4.0
6060,127,93,3.5
6061,213,134,5.0
6062,274,125,4.5
6063,346,13,5.0
6064,145,25,5.0
6065,23,134,4.0
6066,152,7,5.0
6067,187,21,4.5
6068,341,78,4.5
6069,245,111,5.0
6070,488,34,5.0
6071,8,128,3.0
6072,262,100,4.5
6073,78,81,5.0
6074,395,49,5.0
6075,420,66,5.0
6076,393,61,5.0
6077,363,82,4.5
6078,318,94,4.0
6079,471,128,3.0
6080,162,112,5.0
6081,43,89,4.5
6082,326,8,5.0
6083,171,83,4.5
6084,119,31,5.0
6085,496,14,5.0
6086,413,4,4.5
6087,353,5,5.0
6088,30,128,2.5
6089,75,37,4.5
6090,73,119,4.5
6091,15,127,5.0
6092,162,89,5.0
6093,425,41,5.0
6094,170,61,4.5
6095,120,118,4.5
6096,75,119,4.5
6097,5,104,4.5
6098,42,107,5.0
6099,398,126,5.0
6100,492,83,5.0
6101,468,81,5.0
6102,483,67,4.0
6103,258,69,4.0
6104,165,114,5.0
6105,296,131,5.0
6106,338,84,5.0
6107,113,12,5.0
6108,90,133,4.0
6109,162,90,4.5
6110,297,29,4.5
6111,163,31,5.0
6112,80,112,5.0
6113,229,46,4.5
6114,207,127,5.0
6115,313,105,5.0
6116,292,2,4.5
6117,482,124,5.0
6118,349,3,4.5
6119,361,129,4.0
6120,118,69,5.0
6121,89,87,5.0
6122,317,97,4.5
6123,496,116,5.0
6124,251,44,4.5
6125,30,98,5.0
6126,69,80,5.0
6127,497,2,5.0
6128,250,93,4.0
6129,463,3,5.0
6130,350,102,5.0
6131,103,48,4.0
6132,90,100,5.0
6133,105,51,5.0
6134,392,100,4.5
6135,271,52,5.0
6136,234,27,5.0
6137,360,69,4.5
6138,28,116,3.5
6139,68,7,4.0
6140,192,19,4.0
6141,460,12,5.0
6142,208,1,4.5
6143,164,77,3.5
6144,379,48,4.0
6145,123,25,4.0
6146,398,61,5.0
6147,208,5,5.0
6148,277,60,4.5
6149,428,37,4.5
6150,372,122,5.0
6151,331,6,4.5
6152,32,54,4.5
6153,421,120,5.0
6154,350,32,4.0
6155,142,105,4.0
6156,186,48,4.5
6157,411,134,4.5
6158,18,98,5.0
6159,314,38,4.5
6160,284,99,5.0
6161,185,73,3.0
6162,347,114,4.5
6163,249,101,5.0
6164,284,91,5.0
6165,23,105,4.5
6166,188,56,4.5
6167,57,63,4.5
6168,308,57,5.0
6169,208,43,4.5
6170,255,54,4.5
6171,146,111,5.0
6172,32,57,5.0
6173,232,83,5.0
6174,418,7,5.0
6175,338,112,4.5
6176,244,109,5.0
6177,315,3,4.5
6178,387,49,5.0
6179,377,54,5.0
6180,365,30,4.5
6181,414,50,5.0
6182,130,34,4.5
6183,379,38,5.0
6184,173,39,5.0
6185,387,27,4.5
6186,26,88,4.0
6187,316,119,4.0
6188,133,102,4.5
6189,18,73,3.0
6190,74,23,4.0
6191,57,61,4.5
6192,353,95,4.5
6193,46,26,5.0
6194,330,58,5.0
6195,324,108,5.0
6196,197,40,5.0
6197,378,111,4.0
6198,240,13,5.0
6199,179,105,4.5
6200,212,66,5.0
6201,171,86,5.0
6202,250,47,5.0
6203,178,66,5.0
6204,464,49,5.0
6205,329,106,5.0
6206,190,55,5.0
6207,381,40,4.5
6208,91,5,4.5
6209,341,86,4.5
6210,7,67,4.5
6211,46,131,5.0
6212,1,77,1.5
6213,317,122,3.0
6214,468,29,5.0
6215,368,57,4.5
6216,302,56,5.0
6217,265,3,4.0
6218,117,20,5.0
6219,304,43,5.0
6220,273,22,4.5
6221,236,11,4.5
6222,231,122,5.0
6223,363,127,5.0
6224,249,97,5.0
6225,54,126,4.5
6226,151,107,5.0
6227,117,73,3.5
6228,14,127,4.5
6229,442,60,4.5
6230,33,57,4.5
6231,103,50,5.0
6232,344,93,4.5
6233,355,36,4.5
6234,34,44,5.0
6235,194,81,4.5
6236,260,4,5.0
6237,438,119,4.5
6238,103,123,4.0
6239,480,9,5.0
6240,220,48,5.0
6241,259,3,5.0
6242,286,8,4.5
6243,186,28,4.5
6244,158,104,5.0
6245,116,41,4.5
6246,165,132,3.5
6247,334,76,5.0
6248,353,25,4.5
6249,128,31,5.0
6250,368,2,5.0
6251,414,4,5.0
6252,369,132,3.0
6253,443,63,4.5
6254,183,14,5.0
6255,457,7,4.5
6256,167,4,4.5
6257,377,121,5.0
6258,261,50,4.0
6259,354,43,5.0
6260,410,108,5.0
6261,247,11,5.0
6262,185,50,5.0
6263,338,30,5.0
6264,22,42,3.5
6265,407,5,4.0
6266,350,16,5.0
6267,295,26,5.0
6268,188,84,5.0
6269,334,55,4.5
6270,288,66,5.0
6271,156,113,4.0
6272,22,98,5.0
6273,221,13,5.0
6274,140,24,5.0
6275,381,1,4.0
6276,50,123,5.0
6277,323,51,4.0
6278,335,16,5.0
6279,286,39,4.5
6280,496,104,5.0
6281,39,8,5.0
6282,234,114,4.5
6283,204,6,4.5
6284,83,28,5.0
6285,37,61,4.5
6286,34,107,4.5
6287,324,101,4.5
6288,420,96,5.0
6289,386,93,3.5
6290,140,36,5.0
6291,302,131,4.0
6292,157,7,5.0
6293,405,18,4.5
6294,122,85,4.5
6295,39,13,5.0
6296,272,133,4.0
6297,463,1,5.0
6298,387,117,4.0
6299,268,91,4.0
6300,105,44,5.0
6301,273,55,4.5
6302,323,72,4.5
6303,455,66,3.5
6304,77,83,4.5
6305,93,15,5.0
6306,157,126,4.0
6307,389,75,5.0
6308,364,90,4.0
6309,221,64,4.5
6310,343,62,5.0
6311,394,72,4.5
6312,161,16,4.0
6313,302,101,5.0
6314,240,46,4.5
6315,42,129,5.0
6316,379,7,4.0
6317,302,50,5.0
6318,235,126,4.5
6319,260,132,4.0
6320,42,20,4.5
6321,213,85,5.0
6322,375,130,5.0
6323,305,76,5.0
6324,136,48,4.5
6325,259,24,5.0
6326,192,117,4.0
6327,276,12,4.0
6328,150,70,5.0
6329,312,44,4.0
6330,364,18,4.0
6331,337,51,4.5
6332,260,107,4.5
6333,424,115,4.0
6334,443,75,4.5
6335,407,8,5.0
6336,52,69,5.0
6337,36,47,5.0
6338,56,31,5.0
6339,373,46,5.0
6340,45,35,3.5
6341,261,79,3.0
6342,288,74,5.0
6343,136,66,5.0
6344,15,81,5.0
6345,68,110,5.0
6346,330,128,3.0
6347,464,38,4.0
6348,214,69,5.0
6349,29,37,4.5
6350,263,21,5.0
6351,265,102,4.5
6352,118,37,4.5
6353,255,21,4.5
6354,244,69,4.5
6355,332,35,4.5
6356,77,36,5.0
6357,130,4,5.0
6358,467,27,5.0
6359,377,97,4.5
6360,141,32,5.0
6361,318,102,4.0
6362,213,117,5.0
6363,322,21,3.0
6364,497,111,5.0
6365,203,29,4.5
6366,139,11,4.5
6367,13,110,5.0
6368,307,41,4.5
6369,29,118,4.5
6370,56,71,4.5
6371,476,65,5.0
6372,139,51,5.0
6373,234,20,4.0
6374,427,22,4.0
6375,168,83,4.5
6376,167,8,5.0
6377,12,131,4.0
6378,46,127,5.0
6379,230,107,5.0
6380,389,96,4.0
6381,320,78,4.5
6382,468,71,3.5
6383,153,118,4.5
6384,248,123,5.0
6385,388,106,4.5
6386,309,15,4.5
6387,370,47,4.5
6388,313,99,5.0
6389,345,5,5.0
6390,310,73,4.0
6391,335,36,4.5
6392,97,27,5.0
6393,109,44,4.5
6394,173,8,4.5
6395,167,32,5.0
6396,389,82,5.0
6397,300,71,4.5
6398,481,22,4.0
6399,317,95,4.0
6400,387,88,4.5
6401,475,104,4.0
6402,43,9,3.5
6403,285,1,5.0
6404,131,22,5.0
6405,448,26,5.0
6406,419,97,4.0
6407,166,96,5.0
6408,188,95,4.5
6409,168,52,4.5
6410,443,116,5.0
6411,386,108,5.0
6412,94,66,4.0
6413,35,114,5.0
6414,465,30,5.0
6415,109,101,5.0
6416,231,40,5.0
6417,452,124,4.0
6418,189,16,5.0
6419,496,63,5.0
6420,159,22,5.0
6421,39,29,5.0
6422,185,9,4.0
6423,15,16,4.5
6424,496,96,4.5
6425,446,11,5.0
6426,58,84,4.0
6427,394,133,4.5
6428,429,14,5.0
6429,493,101,4.5
6430,323,93,4.0
6431,35,18,5.0
6432,7,127,4.0
6433,403,20,4.5
6434,112,101,4.0
6435,89,32,5.0
6436,103,117,5.0
6437,436,32,5.0
6438,93,99,4.0
6439,183,39,5.0
6440,354,133,5.0
6441,323,69,5.0
6442,243,44,5.0
6443,76,103,5.0
6444,357,34,4.5
6445,309,88,4.0
6446,451,80,4.0
6447,51,28,4.0
6448,335,71,4.5
6449,282,85,4.0
6450,225,89,4.5
6451,293,20,4.0
6452,194,100,5.0
6453,12,39,4.5
6454,270,125,4.0
6455,377,58,5.0
6456,114,104,5.0
6457,206,69,5.0
6458,163,80,4.0
6459,270,123,5.0
6460,179,26,4.5
6461,423,90,5.0
6462,71,100,5.0
6463,468,7,4.5
6464,268,99,5.0
6465,379,29,5.0
6466,22,50,4.5
6467,342,121,3.5
6468,375,90,4.5
6469,40,120,5.0
6470,362,41,4.5
6471,142,109,4.0
6472,125,61,5.0
6473,244,19,4.5
6474,341,128,2.5
6475,290,67,4.5
6476,159,26,4.5
6477,228,22,5.0
6478,29,3,4.5
6479,461,99,5.0
6480,20,114,5.0
6481,267,74,5.0
6482,238,25,5.0
6483,448,32,5.0
6484,291,59,4.0
6485,476,73,3.5
6486,428,50,5.0
6487,285,34,4.5
6488,294,99,5.0
6489,113,23,5.0
6490,125,96,4.0
6491,166,98,5.0
6492,192,79,5.0
6493,245,56,4.5
6494,367,1,5.0
6495,474,100,4.0
6496,290,34,4.5
6497,29,39,5.0
6498,428,88,4.5
6499,335,42,5.0
6500,149,23,3.5
6501,171,20,4.0
6502,314,107,4.0
6503,450,74,5.0
6504,319,119,4.0
6505,63,11,4.5
6506,306,78,5.0
6507,169,34,5.0
6508,104,20,3.5
6509,51,93,5.0
6510,273,114,3.5
6511,338,69,5.0
6512,213,67,5.0
6513,308,90,4.5
6514,56,27,4.5
6515,251,126,5.0
6516,476,95,4.0
6517,43,83,4.5
6518,204,91,4.5
6519,237,119,4.0
6520,214,30,5.0
6521,305,69,5.0
6522,335,39,5.0
6523,254,103,4.0
6524,465,78,5.0
6525,350,134,5.0
6526,67,59,4.0
6527,445,93,4.0
6528,417,53,3.0
6529,471,72,5.0
6530,224,77,5.0
6531,419,119,5.0
6532,412,56,3.0
6533,454,20,3.5
6534,319,115,5.0
6535,451,72,4.5
6536,13,13,4.5
6537,139,29,5.0
6538,449,14,4.0
6539,490,77,4.0
6540,476,39,5.0
6541,268,9,4.5
6542,494,16,5.0
6543,273,6,4.5
6544,278,26,5.0
6545,270,82,5.0
6546,487,128,1.5
6547,152,50,5.0
6548,64,55,4.0
6549,197,96,5.0
6550,86,82,3.5
6551,331,63,5.0
6552,356,117,5.0
6553,443,118,3.5
6554,365,112,4.5
6555,295,19,5.0
6556,357,93,4.5
6557,221,81,5.0
6558,31,94,4.5
6559,254,104,4.5
6560,270,128,3.5
6561,10,64,5.0
6562,252,92,5.0
6563,420,87,5.0
6564,26,72,5.0
6565,445,82,5.0
6566,433,129,5.0
6567,138,55,4.5
6568,295,134,4.5
6569,373,30,5.0
6570,245,13,5.0
6571,443,73,2.5
6572,431,95,4.5
6573,363,18,5.0
6574,201,98,4.5
6575,367,32,4.0
6576,457,47,4.5
6577,180,106,4.5
6578,250,21,5.0
6579,416,65,5.0
6580,205,63,5.0
6581,92,65,4.5
6582,443,56,4.5
6583,199,29,4.0
6584,399,49,5.0
6585,308,54,5.0
6586,25,82,5.0
6587,164,12,4.5
6588,57,48,5.0
6589,491,75,5.0
6590,39,7,5.0
6591,109,98,5.0
6592,157,116,5.0
6593,32,71,5.0
6594,134,28,4.5
6595,377,95,4.0
6596,337,104,5.0
6597,163,24,3.5
6598,185,88,4.0
6599,437,14,4.0
6600,57,47,4.5
6601,58,123,5.0
6602,324,59,5.0
6603,321,133,5.0
6604,3,150,4.5
6605,480,81,5.0
6606,463,37,4.5
6607,346,59,5.0
6608,213,15,5.0
6609,251,74,4.5
6610,204,78,4.0
6611,48,102,3.5
6612,288,5,5.0
6613,419,47,4.0
6614,4,132,4.0
6615,361,25,5.0
6616,71,109,4.5
6617,173,54,4.0
6618,273,78,4.0
6619,285,133,5.0
6620,469,76,5.0
6621,485,19,4.0
6622,268,23,4.5
6623,29,86,5.0
6624,221,24,5.0
6625,159,117,4.5
6626,187,41,5.0
6627,328,112,5.0
6628,417,124,5.0
6629,166,16,5.0
6630,164,93,4.0
6631,229,26,5.0
6632,432,7,4.0
6633,233,119,5.0
6634,347,29,4.5
6635,360,83,5.0
6636,169,21,4.0
6637,175,42,5.0
6638,119,43,4.0
6639,220,19,4.5
6640,171,116,4.5
6641,186,119,4.5
6642,196,92,5.0
6643,370,34,4.0
6644,250,56,4.5
6645,496,27,4.5
6646,146,46,4.0
6647,266,80,5.0
6648,9,70,5.0
6649,204,51,5.0
6650,159,21,5.0
6651,329,19,4.0
6652,201,56,5.0
6653,29,112,4.0
6654,11,121,4.0
6655,221,77,5.0
6656,208,66,5.0
6657,335,92,4.5
6658,41,85,4.5
6659,442,123,5.0
6660,217,110,5.0
6661,2,84,4.0
6662,425,61,5.0
6663,285,122,4.5
6664,255,81,5.0
6665,182,28,5.0
6666,34,69,4.5
6667,331,71,4.5
6668,143,22,4.5
6669,382,113,5.0
6670,270,28,5.0
6671,319,37,4.0
6672,290,114,4.5
6673,401,68,5.0
6674,336,15,5.0
6675,91,129,4.5
6676,242,118,4.5
6677,380,34,5.0
6678,454,65,5.0
6679,191,133,5.0
6680,272,89,5.0
6681,363,3,5.0
6682,355,43,5.0
6683,394,100,3.5
6684,463,101,5.0
6685,387,121,4.5
6686,2,125,4.0
6687,289,113,5.0
6688,27,134,5.0
6689,87,20,4.0
6690,490,83,4.5
6691,230,57,4.0
6692,113,32,5.0
6693,458,79,5.0
6694,231,116,4.0
6695,192,80,5.0
6696,92,96,5.0
6697,22,12,5.0
6698,420,130,4.5
6699,74,72,3.5
6700,476,31,4.5
6701,382,29,4.0
6702,257,78,4.5
6703,73,62,5.0
6704,405,74,5.0
6705,386,38,5.0
6706,432,34,5.0
6707,286,134,5.0
6708,68,124,4.0
6709,218,81,5.0
6710,357,76,4.5
6711,2,88,5.0
6712,74,90,5.0
6713,248,67,5.0
6714,104,42,5.0
6715,212,119,4.0
6716,99,20,3.5
6717,10,128,2.0
6718,338,33,5.0
6719,139,59,4.5
6720,318,34,4.0
6721,288,49,4.5
6722,494,24,5.0
6723,265,53,5.0
6724,138,97,5.0
6725,158,67,5.0
6726,496,101,5.0
6727,428,42,5.0
6728,497,117,4.0
6729,60,117,4.0
6730,103,89,5.0
6731,264,92,4.5
6732,281,36,4.5
6733,229,9,5.0
6734,494,70,4.5
6735,116,16,5.0
6736,50,9,5.0
6737,148,112,5.0
6738,368,49,4.5
6739,355,130,4.0
6740,318,51,4.5
6741,193,36,4.5
6742,79,57,4.5
6743,407,83,5.0
6744,305,80,5.0
6745,373,34,4.5
6746,73,77,4.5
6747,109,13,5.0
6748,317,40,4.5
6749,467,56,5.0
6750,17,72,4.5
6751,36,94,4.0
6752,189,19,5.0
6753,492,32,5.0
6754,164,7,4.0
6755,452,105,4.5
6756,235,8,5.0
6757,461,57,3.0
6758,239,79,5.0
6759,11,114,5.0
6760,228,103,4.5
6761,325,25,4.0
6762,113,102,4.5
6763,175,74,4.5
6764,365,98,4.0
6765,158,114,5.0
6766,49,98,4.5
6767,420,13,4.0
6768,211,13,4.5
6769,115,49,5.0
6770,480,132,4.0
6771,91,32,4.0
6772,154,117,5.0
6773,497,134,4.0
6774,211,60,4.5
6775,39,98,5.0
6776,133,59,4.0
6777,443,6,5.0
6778,397,50,5.0
6779,183,99,5.0
6780,471,127,4.5
6781,315,122,4.5
6782,297,120,5.0
6783,149,51,5.0
6784,256,22,4.5
6785,320,16,5.0
6786,103,55,5.0
6787,256,71,4.5
6788,406,30,4.5
6789,108,45,5.0
6790,148,43,3.5
6791,317,9,5.0
6792,211,96,4.5
6793,448,44,5.0
6794,429,77,4.5
6795,119,105,5.0
6796,57,123,4.0
6797,410,111,5.0
6798,331,62,4.5
6799,15,110,5.0
6800,354,122,5.0
6801,321,40,4.5
6802,21,41,5.0
6803,49,104,4.5
6804,157,29,4.0
6805,18,124,5.0
6806,424,13,5.0
6807,381,129,4.5
6808,496,9,5.0
6809,239,99,5.0
6810,164,74,3.5
6811,86,4,5.0
6812,63,49,4.0
6813,402,32,4.5
6814,352,124,4.5
6815,63,26,4.5
6816,47,14,5.0
6817,251,94,4.5
6818,286,2,5.0
6819,361,10,4.5
6820,422,35,3.5
6821,483,88,3.5
6822,57,69,5.0
6823,107,25,5.0
6824,100,87,4.5
6825,213,101,5.0
6826,74,16,4.0
6827,94,111,4.0
6828,433,91,4.5
6829,212,31,5.0
6830,153,70,4.5
6831,88,37,4.5
6832,279,88,4.5
6833,148,92,4.0
6834,360,75,5.0
6835,274,100,4.5
6836,153,14,3.5
6837,492,1,4.5
6838,417,12,4.0
6839,308,22,4.5
6840,14,134,5.0
6841,316,20,5.0
6842,402,92,4.0
6843,122,93,4.0
6844,351,35,4.0
6845,217,60,4.5
6846,407,73,3.0
6847,143,2,5.0
6848,259,2,5.0
6849,154,19,3.5
6850,496,121,4.5
6851,150,23,4.5
6852,196,21,5.0
6853,192,85,4.5
6854,324,88,3.5
6855,491,96,4.5
6856,102,70,4.5
6857,272,121,5.0
6858,254,46,4.5
6859,458,80,4.0
6860,316,17,3.5
6861,397,16,5.0
6862,148,87,4.5
6863,159,2,3.5
6864,170,15,4.5
6865,72,87,5.0
6866,396,96,5.0
6867,81,21,4.5
6868,279,102,5.0
6869,389,81,4.0
6870,36,15,4.5
6871,297,15,5.0
6872,433,49,4.5
6873,131,128,2.0
6874,54,118,4.5
6875,119,62,4.5
6876,57,44,5.0
6877,380,133,4.0
6878,442,118,5.0
6879,421,55,4.5
6880,340,42,4.0
6881,301,109,5.0
6882,493,51,4.0
6883,351,33,4.0
6884,175,99,5.0
6885,303,109,5.0
6886,232,40,5.0
6887,271,100,3.5
6888,246,35,3.5
6889,486,54,4.5
6890,450,64,4.0
6891,183,22,4.0
6892,362,91,5.0
6893,79,90,5.0
6894,450,67,5.0
6895,395,13,4.0
6896,396,123,4.0
6897,3,316,4.0
6898,55,36,5.0
6899,290,6,5.0
6900,169,72,3.5
6901,347,112,5.0
6902,305,55,5.0
6903,453,134,5.0
6904,363,85,5.0
6905,75,2,5.0
6906,198,68,5.0
6907,139,117,4.5
6908,69,41,4.0
6909,208,25,5.0
6910,86,1,3.5
6911,210,9,5.0
6912,332,69,4.5
6913,331,76,4.5
6914,114,70,4.5
6915,435,55,4.5
6916,54,134,4.5
6917,278,108,5.0
6918,463,91,4.5
6919,389,89,4.0
6920,353,109,5.0
6921,275,75,5.0
6922,240,31,4.5
6923,167,57,5.0
6924,450,50,4.5
6925,210,32,4.5
6926,340,22,5.0
6927,215,16,5.0
6928,346,92,5.0
6929,130,69,5.0
6930,109,47,4.5
6931,209,93,5.0
6932,140,14,4.5
6933,221,53,4.0
6934,216,59,5.0
6935,77,28,4.5
6936,210,4,4.0
6937,256,99,4.0
6938,140,84,4.0
6939,151,90,4.5
6940,138,16,4.5
6941,54,37,5.0
6942,317,81,5.0
6943,324,86,5.0
6944,283,27,4.5
6945,238,84,5.0
6946,429,73,2.5
6947,313,101,4.5
6948,219,93,4.0
6949,91,83,4.0
6950,265,65,4.5
6951,233,94,4.5
6952,19,55,5.0
6953,464,134,5.0
6954,258,77,3.5
6955,34,71,4.5
6956,141,73,3.0
6957,241,68,5.0
6958,450,4,4.5
6959,52,28,4.0
6960,230,123,5.0
6961,17,81,4.0
6962,90,113,4.5
6963,378,5,5.0
6964,457,134,5.0
6965,28,62,5.0
6966,56,134,4.5
6967,242,95,3.5
6968,126,110,5.0
6969,223,80,4.0
6970,119,13,4.0
6971,298,58,5.0
6972,207,114,3.5
6973,243,75,4.5
6974,178,125,4.0
6975,62,46,4.5
6976,271,122,5.0
6977,39,61,5.0
6978,10,21,4.0
6979,264,73,4.0
6980,12,26,5.0
6981,174,42,5.0
6982,347,35,4.0
6983,22,54,5.0
6984,186,63,5.0
6985,43,76,4.0
6986,485,93,4.5
6987,398,114,5.0
6988,255,75,4.5
6989,353,83,4.0
6990,425,33,4.5
6991,65,19,4.5
6992,151,104,5.0
6993,284,18,4.5
6994,450,27,5.0
6995,357,89,4.5
6996,95,64,5.0
6997,280,68,4.5
6998,256,126,5.0
6999,344,118,5.0
7000,255,120,4.5
7001,234,4,5.0
7002,224,107,5.0
7003,62,17,3.5
7004,204,49,4.0
7005,1,8,2.0
7006,444,37,4.0
7007,342,10,3.0
7008,312,50,5.0
7009,117,61,4.0
7010,497,44,5.0
7011,216,55,5.0
7012,301,76,4.5
7013,276,118,5.0
7014,20,32,4.5
7015,10,69,5.0
7016,161,60,4.0
7017,386,23,5.0
7018,357,51,4.5
7019,446,70,3.5
7020,221,37,3.5
7021,434,67,5.0
7022,265,93,4.0
7023,293,114,3.0
7024,123,120,4.5
7025,252,1,4.0
7026,213,44,5.0
7027,323,57,5.0
7028,65,112,4.5
7029,256,103,4.5
7030,95,38,5.0
7031,333,121,4.0
7032,2,75,2.5
7033,225,68,5.0
7034,480,130,5.0
7035,254,134,4.5
7036,389,52,4.0
7037,277,72,5.0
7038,251,41,5.0
7039,488,27,4.0
7040,375,83,5.0
7041,161,90,4.5
7042,206,18,4.0
7043,142,18,5.0
7044,168,121,4.5
7045,174,1,4.5
7046,184,64,5.0
7047,116,129,5.0
7048,124,62,5.0
7049,373,128,2.5
7050,373,51,4.5
7051,399,108,4.5
7052,194,54,5.0
7053,242,39,4.5
7054,171,80,5.0
7055,338,109,4.5
7056,115,130,5.0
7057,173,42,4.0
7058,120,64,4.5
7059,188,50,4.0
7060,6,81,4.5
7061,479,58,4.5
7062,171,55,4.5
7063,350,10,5.0
7064,458,8,5.0
7065,461,96,5.0
7066,272,22,5.0
7067,289,43,4.0
7068,154,99,5.0
7069,16,37,4.0
7070,386,3,5.0
7071,22,21,4.5
7072,420,10,4.0
7073,497,43,5.0
7074,304,95,4.5
7075,357,67,4.0
7076,263,48,4.5
7077,140,69,4.5
7078,483,92,4.0
7079,80,57,5.0
7080,287,113,4.0
7081,351,66,5.0
7082,168,27,5.0
7083,21,45,5.0
7084,364,25,4.0
7085,151,56,4.5
7086,212,86,5.0
7087,492,116,4.5
7088,268,70,3.5
7089,335,113,4.5
7090,125,48,3.5
7091,7,36,5.0
7092,46,117,5.0
7093,242,96,5.0
7094,314,58,4.5
7095,312,102,5.0
7096,104,24,4.5
7097,381,98,4.0
7098,497,94,4.5
7099,455,61,4.5
7100,319,131,5.0
7101,242,119,5.0
7102,76,94,3.5
7103,305,103,4.5
7104,142,100,4.5
7105,260,60,3.5
7106,492,124,4.0
7107,79,54,4.5
7108,374,76,3.5
7109,174,122,3.5
7110,185,108,5.0
7111,202,31,4.5
7112,354,98,5.0
7113,20,57,5.0
7114,391,32,5.0
7115,146,25,5.0
7116,500,36,4.5
7117,209,76,4.0
7118,165,89,4.5
7119,78,19,4.0
7120,159,36,5.0
7121,263,52,4.5
7122,36,16,4.5
7123,450,11,4.5
7124,150,130,4.0
7125,62,33,4.5
7126,200,53,5.0
7127,339,107,5.0
7128,358,23,4.5
7129,26,63,5.0
7130,9,39,5.0
7131,394,108,4.0
7132,459,50,4.0
7133,301,110,5.0
7134,325,87,4.5
7135,441,82,4.5
7136,301,28,5.0
7137,126,29,4.5
7138,229,93,4.5
7139,141,116,5.0
7140,418,129,4.5
7141,26,69,3.0
7142,419,36,4.5
7143,243,97,5.0
7144,480,92,4.5
7145,74,31,4.5
7146,21,16,4.5
7147,430,97,5.0
7148,468,6,5.0
7149,210,130,4.0
7150,148,114,4.5
7151,91,42,4.5
7152,390,87,4.5
7153,32,76,5.0
7154,411,23,4.0
7155,478,42,4.5
7156,239,23,4.5
7157,23,84,5.0
7158,123,84,5.0
7159,192,42,4.5
7160,317,85,5.0
7161,408,19,5.0
7162,272,112,4.5
7163,141,109,4.5
7164,158,62,5.0
7165,41,87,5.0
7166,160,49,5.0
7167,170,36,5.0
7168,480,131,4.5
7169,367,116,4.0
7170,31,47,4.5
7171,258,106,3.5
7172,103,75,4.0
7173,151,95,3.5
7174,387,28,5.0
7175,386,44,4.5
7176,262,72,4.5
7177,223,122,5.0
7178,269,19,5.0
7179,484,3,5.0
7180,483,7,4.0
7181,153,37,5.0
7182,484,13,4.5
7183,14,46,4.0
7184,170,109,5.0
7185,474,96,5.0
7186,248,93,5.0
7187,315,46,4.0
7188,373,28,5.0
7189,240,51,5.0
7190,253,112,5.0
7191,272,26,5.0
7192,284,16,5.0
7193,406,47,4.5
7194,222,116,4.5
7195,152,56,5.0
7196,467,1,5.0
7197,369,31,4.5
7198,57,64,5.0
7199,57,97,3.0
7200,360,112,4.5
7201,113,108,4.5
7202,17,125,4.5
7203,394,13,4.0
7204,381,69,4.5
7205,162,99,4.0
7206,194,114,5.0
7207,223,125,4.5
7208,194,96,4.0
7209,286,102,5.0
7210,248,66,5.0
7211,82,62,4.5
7212,377,119,4.5
7213,284,123,4.0
7214,33,5,4.5
7215,182,64,4.0
7216,143,133,4.5
7217,441,109,4.5
7218,353,97,5.0
7219,358,123,5.0
7220,491,48,4.5
7221,448,84,4.0
7222,194,127,3.0
7223,319,72,5.0
7224,350,119,4.5
7225,185,37,5.0
7226,428,25,5.0
7227,337,78,5.0
7228,457,5,5.0
7229,245,21,4.0
7230,171,131,5.0
7231,157,49,4.0
7232,182,91,4.0
7233,43,96,5.0
7234,154,66,5.0
7235,363,113,4.5
7236,32,21,5.0
7237,201,101,5.0
7238,286,44,4.0
7239,15,133,4.0
7240,358,110,5.0
7241,152,14,5.0
7242,59,3,4.0
7243,415,112,4.0
7244,310,33,4.0
7245,253,71,4.0
7246,429,12,5.0
7247,103,36,4.0
7248,123,71,4.5
7249,153,126,3.5
7250,324,134,4.5
7251,55,12,4.5
7252,27,61,5.0
7253,337,19,4.5
7254,107,115,4.0
7255,455,90,5.0
7256,67,31,5.0
7257,216,43,5.0
7258,9,110,4.5
7259,290,32,4.0
7260,304,100,3.5
7261,258,99,4.5
7262,182,26,4.5
7263,225,99,3.5
7264,270,20,5.0
7265,370,100,5.0
7266,422,58,5.0
7267,463,127,3.5
7268,199,34,4.0
7269,97,100,4.0
7270,437,3,5.0
7271,323,80,5.0
7272,44,16,5.0
7273,381,44,4.5
7274,463,67,5.0
7275,428,85,5.0
7276,352,3,5.0
7277,435,80,5.0
7278,342,129,5.0
7279,182,50,5.0
7280,228,43,4.5
7281,3,245,4.5
7282,83,6,4.0
7283,464,88,5.0
7284,45,47,5.0
7285,366,41,4.5
7286,129,29,4.0
7287,312,122,4.5
7288,111,43,5.0
7289,449,128,3.0
7290,432,14,4.5
7291,222,23,2.5
7292,197,4,4.0
7293,76,79,4.0
7294,200,127,5.0
7295,67,23,5.0
7296,414,2,5.0
7297,80,22,4.0
7298,312,62,5.0
7299,39,95,4.0
7300,115,131,4.0
7301,125,6,5.0
7302,15,37,5.0
7303,396,97,5.0
7304,286,60,4.5
7305,158,27,5.0
7306,286,84,5.0
7307,79,81,5.0
7308,65,61,4.5
7309,394,99,4.5
7310,214,128,3.0
7311,325,26,4.5
7312,123,10,5.0
7313,485,46,5.0
7314,329,65,4.5
7315,39,68,5.0
7316,126,12,4.5
7317,481,42,5.0
7318,248,31,5.0
7319,20,92,4.0
7320,24,21,4.5
7321,244,34,5.0
7322,59,106,5.0
7323,193,93,4.0
7324,52,97,5.0
7325,46,4,4.0
7326,370,22,5.0
7327,287,37,4.0
7328,351,64,4.0
7329,183,37,3.0
7330,304,16,5.0
7331,420,25,4.0
7332,139,126,5.0
7333,341,50,5.0
7334,450,75,3.0
7335,203,49,5.0
7336,158,19,5.0
7337,231,79,5.0
7338,346,17,3.5
7339,78,126,4.0
7340,71,111,5.0
7341,139,39,5.0
7342,204,36,5.0
7343,314,21,4.0
7344,479,77,4.5
7345,240,8,4.0
7346,241,44,5.0
7347,484,77,4.5
7348,69,24,5.0
7349,285,4,5.0
7350,497,46,4.5
7351,20,110,5.0
7352,105,65,4.5
7353,299,16,4.5
7354,138,59,5.0
7355,115,80,5.0
7356,29,51,5.0
7357,250,69,5.0
7358,27,75,4.5
7359,146,12,5.0
7360,234,121,4.0
7361,102,124,5.0
7362,458,56,4.5
7363,394,122,4.5
7364,155,121,5.0
7365,45,104,5.0
7366,56,30,4.0
7367,286,118,5.0
7368,79,53,4.5
7369,459,87,4.5
7370,261,78,3.5
7371,9,9,4.5
7372,221,60,5.0
7373,398,76,4.5
7374,478,20,3.5
7375,231,31,4.5
7376,152,111,5.0
7377,438,85,5.0
7378,311,76,4.0
7379,450,124,4.0
7380,43,74,4.5
7381,469,93,4.5
7382,480,1,5.0
7383,280,39,5.0
7384,199,108,4.0
7385,294,23,4.0
7386,289,1,5.0
7387,497,90,4.0
7388,192,61,5.0
7389,219,121,5.0
7390,100,41,4.5
7391,187,40,4.5
7392,118,106,5.0
7393,147,87,5.0
7394,178,116,5.0
7395,321,117,4.5
7396,444,96,4.0
7397,328,113,4.5
7398,105,78,5.0
7399,276,49,4.5
7400,479,3,4.5
7401,107,120,5.0
7402,396,33,4.5
7403,462,99,4.5
7404,321,43,5.0
7405,389,56,4.0
7406,240,110,4.5
7407,196,116,4.5
7408,334,111,4.5
7409,31,38,4.0
7410,455,47,5.0
7411,40,124,5.0
7412,339,129,4.5
7413,60,126,5.0
7414,450,53,4.0
7415,158,29,5.0
7416,22,113,3.5
7417,354,60,4.5
7418,377,76,4.0
7419,183,25,5.0
7420,443,99,4.5
7421,251,65,5.0
7422,275,113,4.5
7423,220,6,4.5
7424,434,68,4.0
7425,324,133,4.5
7426,132,117,5.0
7427,392,25,5.0
7428,249,110,5.0
7429,103,16,4.0
7430,414,26,5.0
7431,48,38,5.0
7432,263,74,5.0
7433,294,21,5.0
7434,68,29,4.5
7435,158,40,4.5
7436,171,29,4.0
7437,446,38,3.5
7438,355,97,5.0
7439,451,57,4.0
7440,455,119,4.5
7441,310,38,5.0
7442,341,73,3.5
7443,250,54,4.5
7444,139,41,4.5
7445,331,134,5.0
7446,320,12,4.5
7447,485,15,4.5
7448,317,96,5.0
7449,110,124,4.5
7450,354,99,4.0
7451,458,77,5.0
7452,455,87,5.0
7453,475,28,5.0
7454,134,52,3.0
7455,96,124,4.5
7456,221,70,4.5
7457,50,25,5.0
7458,229,73,3.0
7459,160,62,4.5
7460,297,51,5.0
7461,56,95,4.0
7462,385,127,4.0
7463,454,98,5.0
7464,255,98,5.0
7465,334,125,5.0
7466,8,33,5.0
7467,278,22,4.0
7468,190,1,5.0
7469,319,26,5.0
7470,223,29,5.0
7471,360,125,4.5
7472,151,25,4.5
7473,212,48,4.0
7474,98,117,4.0
7475,297,69,5.0
7476,365,127,4.5
7477,170,124,5.0
7478,69,43,5.0
7479,187,118,5.0
7480,465,106,3.5
7481,324,52,5.0
7482,419,92,4.5
7483,79,22,4.5
7484,436,70,4.0
7485,145,43,4.5
7486,245,64,5.0
7487,49,37,5.0
7488,173,133,4.5
7489,493,13,5.0
7490,71,92,4.5
7491,191,18,5.0
7492,149,129,4.5
7493,77,26,5.0
7494,245,121,4.5
7495,92,5,5.0
7496,130,12,5.0
7497,70,81,4.5
7498,162,71,4.0
7499,102,16,5.0
7500,104,5,5.0
7501,54,111,5.0
7502,310,89,5.0
7503,111,105,5.0
7504,320,83,4.0
7505,215,60,5.0
7506,448,108,5.0
7507,341,109,5.0
7508,405,40,5.0
7509,43,112,3.5
7510,457,63,4.5
7511,11,59,5.0
7512,168,30,5.0
7513,124,53,5.0
7514,278,120,5.0
7515,2,135,1.0
7516,221,26,5.0
7517,54,95,5.0
7518,377,110,4.5
7519,370,43,4.5
7520,22,60,4.5
7521,367,128,2.5
7522,444,24,5.0
7523,437,127,5.0
7524,102,100,4.5
7525,416,99,5.0
7526,478,43,4.5
7527,9,117,4.0
7528,70,62,5.0
7529,16,86,5.0
7530,367,111,5.0
7531,28,63,5.0
7532,376,95,3.5
7533,20,24,4.0
7534,233,19,5.0
7535,414,130,5.0
7536,35,32,4.5
7537,387,120,4.0
7538,320,125,4.5
7539,221,124,4.5
7540,235,64,4.5
7541,470,79,5.0
7542,136,58,4.5
7543,312,84,4.5
7544,340,102,4.5
7545,222,50,4.5
7546,251,1,5.0
7547,52,84,4.5
7548,384,33,5.0
7549,258,59,4.5
7550,399,65,5.0
7551,37,97,4.0
7552,351,105,3.5
7553,306,56,5.0
7554,408,59,4.0
7555,386,112,5.0
7556,463,71,5.0
7557,378,63,4.5
7558,122,76,5.0
7559,447,15,4.0
7560,24,43,3.5
7561,353,44,5.0
7562,37,38,5.0
7563,450,81,5.0
7564,41,94,4.0
7565,422,117,4.0
7566,152,8,5.0
7567,425,36,5.0
7568,209,99,5.0
7569,461,31,4.5
7570,210,27,4.5
7571,327,5,4.0
7572,157,71,4.0
7573,432,91,4.5
7574,142,83,4.5
7575,88,15,5.0
7576,324,63,5.0
7577,440,86,5.0
7578,333,66,5.0
7579,165,24,4.5
7580,17,49,5.0
7581,413,96,5.0
7582,1,87,4.0
7583,105,124,5.0
7584,173,107,5.0
7585,210,96,4.5
7586,2,104,5.0
7587,335,123,5.0
7588,152,77,4.5
7589,214,52,3.0
7590,219,120,3.5
7591,43,58,5.0
7592,445,37,4.5
7593,392,13,4.0
7594,321,41,5.0
7595,334,4,5.0
7596,259,42,4.0
7597,280,69,4.5
7598,166,78,4.0
7599,123,12,4.5
7600,397,115,4.5
7601,340,75,4.5
7602,20,58,5.0
7603,280,14,5.0
7604,157,53,4.5
7605,197,13,5.0
7606,386,29,5.0
7607,398,59,5.0
7608,230,23,4.0
7609,285,66,4.0
7610,64,37,3.5
7611,338,19,4.5
7612,79,27,5.0
7613,190,65,5.0
7614,216,45,5.0
7615,114,7,4.0
7616,428,79,5.0
7617,62,89,5.0
7618,151,89,5.0
7619,235,120,3.5
7620,411,63,5.0
7621,177,27,4.5
7622,35,26,4.5
7623,90,49,4.0
7624,474,35,4.0
7625,39,21,5.0
7626,437,111,5.0
7627,402,105,5.0
7628,19,31,4.5
7629,193,27,5.0
7630,125,99,4.5
7631,153,87,4.5
7632,84,92,5.0
7633,320,93,5.0
7634,478,119,4.5
7635,490,43,4.5
7636,140,22,4.0
7637,220,9,4.5
7638,339,39,5.0
7639,26,71,4.5
7640,4,70,4.5
7641,273,123,4.5
7642,180,100,3.5
7643,465,130,5.0
7644,124,40,4.0
7645,405,60,4.5
7646,50,99,5.0
7647,51,73,4.0
7648,386,92,5.0
7649,148,9,5.0
7650,272,120,3.0
7651,216,115,4.0
7652,362,99,5.0
7653,424,104,5.0
7654,140,91,4.5
7655,247,20,4.5
7656,375,110,5.0
7657,248,128,4.5
7658,148,106,4.5
7659,153,46,5.0
7660,449,23,4.5
7661,391,87,3.5
7662,171,34,4.5
7663,423,35,3.5
7664,425,125,4.0
7665,354,75,5.0
7666,277,58,5.0
7667,50,93,4.5
7668,158,83,5.0
7669,203,83,4.5
7670,197,112,4.0
7671,80,23,5.0
7672,141,121,5.0
7673,363,2,5.0
7674,259,109,5.0
7675,422,89,4.5
7676,287,129,5.0
7677,368,127,5.0
7678,471,45,5.0
7679,153,125,4.5
7680,109,93,5.0
7681,220,33,5.0
7682,406,126,4.0
7683,262,69,4.5
7684,324,22,4.5
7685,447,31,5.0
7686,222,8,5.0
7687,93,41,4.5
7688,163,11,5.0
7689,316,108,5.0
7690,34,115,5.0
7691,351,91,4.5
7692,199,73,3.0
7693,230,68,5.0
7694,28,35,4.5
7695,494,7,5.0
7696,10,118,5.0
7697,351,58,4.0
7698,86,32,4.0
7699,17,134,4.0
7700,220,20,5.0
7701,318,13,5.0
7702,451,14,4.5
7703,104,68,4.5
7704,80,19,4.0
7705,253,127,5.0
7706,159,40,5.0
7707,235,35,3.5
7708,321,102,5.0
7709,88,107,4.0
7710,242,30,4.5
7711,308,74,4.5
7712,304,42,4.0
7713,493,103,4.0
7714,156,9,5.0
7715,157,40,3.5
7716,469,98,5.0
7717,184,16,5.0
7718,4,87,5.0
7719,231,41,4.5
7720,39,105,4.5
7721,264,62,5.0
7722,33,9,4.5
7723,41,124,4.0
7724,254,60,5.0
7725,392,101,4.0
7726,258,84,4.0
7727,69,26,5.0
7728,259,118,5.0
7729,432,39,4.5
7730,130,114,5.0
7731,416,110,5.0
7732,78,39,5.0
7733,463,128,3.5
7734,265,85,4.5
7735,63,64,4.5
7736,421,114,4.0
7737,308,121,4.0
7738,52,109,5.0
7739,36,9,4.5
7740,254,73,3.5
7741,211,40,5.0
7742,416,119,4.5
7743,379,81,4.5
7744,127,17,4.0
7745,332,34,4.5
7746,196,131,3.5
7747,381,25,5.0
7748,477,129,4.0
7749,417,13,5.0
7750,298,121,5.0
7751,235,29,5.0
7752,79,23,4.5
7753,394,57,4.5
7754,378,8,5.0
7755,435,61,4.5
7756,344,84,4.0
7757,317,21,5.0
7758,361,84,4.0
7759,228,111,5.0
7760,472,86,4.5
7761,243,52,5.0
7762,348,69,5.0
7763,424,34,4.5
7764,90,41,5.0
7765,283,1,5.0
7766,210,98,5.0
7767,323,55,5.0
7768,79,86,4.5
7769,479,79,4.0
7770,416,54,3.5
7771,19,15,5.0
7772,103,10,5.0
7773,267,30,5.0
7774,184,12,5.0
7775,54,14,5.0
7776,42,23,5.0
7777,263,111,5.0
7778,95,83,5.0
7779,123,112,4.0
7780,316,104,4.0
7781,320,6,5.0
7782,50,11,5.0
7783,130,123,4.5
7784,36,127,5.0
7785,91,25,5.0
7786,50,115,3.5
7787,41,53,4.5
7788,416,75,3.5
7789,429,32,5.0
7790,407,34,5.0
7791,100,26,5.0
7792,306,64,4.0
7793,91,112,3.5
7794,486,29,4.5
7795,108,87,4.5
7796,48,28,4.0
7797,205,109,4.5
7798,257,68,5.0
7799,168,46,5.0
7800,262,99,4.5
7801,483,5,5.0
7802,126,49,4.5
7803,208,38,4.0
7804,364,29,4.0
7805,28,58,4.5
7806,42,50,5.0
7807,200,79,4.5
7808,30,46,4.5
7809,250,71,5.0
7810,13,109,5.0
7811,40,47,5.0
7812,17,83,4.5
7813,105,16,5.0
7814,186,49,4.0
7815,354,62,5.0
7816,2,100,4.5
7817,387,109,4.0
7818,225,42,4.5
7819,38,24,5.0
7820,265,73,3.0
7821,112,85,5.0
7822,446,119,4.5
7823,187,22,4.5
7824,388,22,5.0
7825,45,102,5.0
7826,155,78,5.0
7827,334,82,3.5
7828,150,36,4.5
7829,169,25,5.0
7830,297,73,3.0
7831,145,24,5.0
7832,333,54,4.5
7833,194,28,5.0
7834,14,2,4.5
7835,281,77,4.0
7836,290,12,4.5
7837,339,53,5.0
7838,220,110,3.5
7839,231,94,5.0
7840,255,1,4.5
7841,182,98,4.5
7842,47,76,4.5
7843,216,40,3.5
7844,160,108,5.0
7845,480,6,4.5
7846,171,130,5.0
7847,141,56,4.5
7848,87,126,4.5
7849,450,94,3.5
7850,478,127,5.0
7851,281,90,4.5
7852,163,36,4.0
7853,167,16,5.0
7854,402,76,4.5
7855,431,60,5.0
7856,305,131,4.5
7857,29,132,4.0
7858,236,59,4.5
7859,377,130,3.5
7860,232,60,4.5
7861,315,52,5.0
7862,202,120,4.5
7863,459,12,4.5
7864,156,56,5.0
7865,197,70,4.0
7866,49,123,5.0
7867,343,113,3.5
7868,139,80,4.0
7869,428,118,3.5
7870,78,63,5.0
7871,32,83,4.0
7872,466,48,5.0
7873,300,93,4.5
7874,460,92,4.5
7875,77,94,5.0
7876,309,112,4.0
7877,15,17,4.5
7878,19,5,4.0
7879,405,118,4.5
7880,439,33,4.5
7881,361,24,4.0
7882,439,14,4.5
7883,399,95,3.5
7884,466,60,5.0
7885,64,29,5.0
7886,354,70,4.5
7887,192,66,4.0
7888,162,81,4.5
7889,250,82,4.5
7890,222,7,5.0
7891,48,25,3.5
7892,451,130,3.0
7893,315,57,3.5
7894,125,24,4.5
7895,107,114,4.0
7896,477,85,4.5
7897,247,44,4.5
7898,139,42,4.0
7899,250,73,5.0
7900,79,61,5.0
7901,478,57,4.0
7902,470,90,4.0
7903,285,102,3.5
7904,131,11,5.0
7905,351,15,5.0
7906,367,108,4.5
7907,16,128,1.5
7908,407,111,4.5
7909,146,39,5.0
7910,182,133,5.0
7911,465,80,5.0
7912,236,94,3.5
7913,189,79,3.5
7914,495,62,5.0
7915,138,109,4.0
7916,298,96,4.0
7917,69,109,4.5
7918,29,2,4.5
7919,387,21,5.0
7920,363,30,5.0
7921,197,59,3.5
7922,476,22,4.0
7923,400,54,4.0
7924,454,17,5.0
7925,309,100,4.5
7926,68,48,4.5
7927,434,16,5.0
7928,21,100,4.5
7929,259,15,4.5
7930,51,134,5.0
7931,333,73,3.5
7932,122,96,4.0
7933,497,9,5.0
7934,280,119,5.0
7935,479,5,5.0
7936,115,2,4.0
7937,154,16,5.0
7938,300,116,5.0
7939,106,127,4.5
7940,128,117,3.5
7941,164,20,5.0
7942,371,133,4.5
7943,385,12,4.0
7944,298,15,5.0
7945,472,35,4.0
7946,16,69,3.5
7947,387,44,4.5
7948,375,8,5.0
7949,314,57,4.5
7950,468,115,4.5
7951,416,91,3.5
7952,285,18,4.0
7953,143,105,4.5
7954,16,33,4.5
7955,45,117,4.5
7956,98,7,5.0
7957,309,12,5.0
7958,442,24,4.5
7959,444,48,4.5
7960,441,45,4.5
7961,142,90,4.0
7962,448,17,4.5
7963,5,12,4.5
7964,323,109,4.0
7965,68,123,4.0
7966,74,52,4.0
7967,23,34,4.0
7968,44,25,5.0
7969,48,116,4.0
7970,26,40,4.0
7971,91,54,4.0
7972,200,89,5.0
7973,83,53,3.5
7974,443,85,5.0
7975,483,14,4.0
7976,434,1,5.0
7977,136,6,4.0
7978,253,58,5.0
7979,319,11,5.0
7980,120,129,3.5
7981,240,27,3.5
7982,257,108,4.0
7983,449,91,4.5
7984,23,32,5.0
7985,222,105,3.5
7986,88,47,5.0
7987,12,55,4.0
7988,35,129,5.0
7989,156,26,4.0
7990,243,9,4.5
7991,145,133,5.0
7992,178,93,4.0
7993,215,45,5.0
7994,169,122,5.0
7995,21,21,5.0
7996,292,86,4.5
7997,440,29,4.5
7998,45,52,5.0
7999,255,111,5.0
8000,235,63,4.0
8001,409,3,5.0
8002,419,123,5.0
8003,252,33,5.0
8004,70,102,3.5
8005,4,200,5.0
8006,8,37,4.5
8007,227,111,5.0
8008,5,40,4.5
8009,21,93,5.0
8010,42,61,5.0
8011,479,118,3.0
8012,266,53,4.5
8013,77,123,5.0
8014,223,3,5.0
8015,475,56,4.0
8016,42,28,5.0
8017,425,91,4.0
8018,78,23,4.5
8019,165,49,5.0
8020,13,7,4.5
8021,2,45,1.5
8022,127,69,4.5
8023,306,82,3.5
8024,423,107,5.0
8025,244,11,5.0
8026,150,46,5.0
8027,81,125,4.5
8028,23,65,5.0
8029,468,8,5.0
8030,144,102,5.0
8031,319,56,4.5
8032,264,37,5.0
8033,139,4,5.0
8034,112,89,5.0
8035,334,37,4.0
8036,138,43,5.0
8037,306,31,3.5
8038,449,2,5.0
8039,422,93,5.0
8040,423,109,4.5
8041,336,20,4.5
8042,114,5,5.0
8043,316,64,5.0
8044,191,3,5.0
8045,9,65,5.0
8046,154,2,5.0
8047,44,34,4.5
8048,280,133,3.5
8049,74,47,4.0
8050,94,11,5.0
8051,32,24,5.0
8052,322,50,5.0
8053,264,108,5.0
8054,4,22,4.0
8055,163,56,5.0
8056,268,36,4.5
8057,379,130,4.5
8058,35,100,5.0
8059,374,112,4.0
8060,439,62,5.0
8061,435,48,4.0
8062,28,106,3.5
8063,264,45,5.0
8064,36,103,4.5
8065,22,64,5.0
8066,131,29,5.0
8067,5,134,5.0
8068,496,133,4.5
8069,467,33,4.5
8070,34,46,4.5
8071,180,67,4.5
8072,471,4,3.5
8073,174,86,4.5
8074,101,40,4.5
8075,277,74,4.5
8076,414,32,4.0
8077,203,110,5.0
8078,154,81,5.0
8079,471,123,5.0
8080,143,126,3.5
8081,118,129,4.5
8082,19,131,4.5
8083,16,10,4.0
8084,490,32,5.0
8085,425,98,4.5
8086,430,96,5.0
8087,160,96,5.0
8088,302,6,5.0
8089,314,9,5.0
8090,29,32,5.0
8091,270,54,4.5
8092,153,54,4.0
8093,221,4,4.0
8094,51,37,5.0
8095,264,63,4.5
8096,10,15,4.5
8097,468,76,4.5
8098,40,12,4.5
8099,486,91,5.0
8100,312,47,5.0
8101,474,71,5.0
8102,313,75,5.0
8103,358,77,4.5
8104,305,41,4.5
8105,160,76,5.0
8106,416,14,4.5
8107,330,46,4.0
8108,494,113,5.0
8109,228,100,5.0
8110,8,121,4.5
8111,99,19,5.0
8112,12,124,5.0
8113,488,72,4.5
8114,43,118,5.0
8115,51,83,4.0
8116,217,24,4.5
8117,350,133,5.0
8118,87,118,5.0
8119,463,84,4.5
8120,323,105,4.5
8121,164,39,5.0
8122,107,57,5.0
8123,454,134,4.0
8124,254,44,5.0
8125,18,129,5.0
8126,77,66,4.5
8127,307,33,5.0
8128,217,131,4.5
8129,253,51,3.5
8130,213,116,4.5
8131,105,95,3.5
8132,288,72,5.0
8133,214,110,4.0
8134,402,44,4.5
8135,303,133,4.5
8136,157,61,5.0
8137,300,28,4.5
8138,223,73,3.5
8139,350,126,4.0
8140,146,115,4.5
8141,248,68,4.5
8142,427,50,5.0
8143,487,111,4.5
8144,189,132,3.0
8145,476,119,4.5
8146,381,71,4.0
8147,186,98,5.0
8148,333,32,5.0
8149,372,125,5.0
8150,460,126,5.0
8151,202,13,5.0
8152,151,110,5.0
8153,82,71,4.0
8154,234,84,4.0
8155,122,89,5.0
8156,151,92,4.5
8157,37,111,5.0
8158,426,67,3.0
8159,232,2,5.0
8160,80,38,5.0
8161,98,116,5.0
8162,92,73,4.5
8163,432,18,4.5
8164,472,47,4.5
8165,315,95,4.5
8166,37,48,4.0
8167,449,57,5.0
8168,88,122,4.5
8169,36,4,5.0
8170,233,25,4.5
8171,171,123,4.5
8172,265,28,4.0
8173,378,88,4.5
8174,427,128,2.5
8175,62,63,5.0
8176,168,111,5.0
8177,429,95,3.5
8178,180,120,5.0
8179,447,61,4.0
8180,72,23,5.0
8181,237,115,4.0
8182,196,51,5.0
8183,188,5,5.0
8184,244,108,5.0
8185,58,17,4.0
8186,348,38,5.0
8187,213,105,4.5
8188,10,54,5.0
8189,123,11,5.0
8190,99,15,4.5
8191,271,84,4.5
8192,486,39,4.0
8193,143,122,4.5
8194,105,73,2.5
8195,169,81,5.0
8196,28,118,3.5
8197,191,56,4.5
8198,57,49,5.0
8199,351,69,4.5
8200,335,51,3.0
8201,379,20,4.5
8202,196,109,5.0
8203,219,32,4.0
8204,294,131,4.0
8205,66,99,4.5
8206,339,72,4.0
8207,370,19,5.0
8208,135,75,5.0
8209,287,11,4.5
8210,279,35,4.5
8211,87,15,5.0
8212,166,132,3.5
8213,29,76,4.5
8214,363,27,5.0
8215,179,36,5.0
8216,428,122,4.5
8217,45,127,3.5
8218,238,59,5.0
8219,166,113,4.5
8220,285,112,5.0
8221,249,76,4.5
8222,71,40,5.0
8223,7,84,5.0
8224,158,32,4.0
8225,335,15,4.5
8226,314,110,5.0
8227,30,123,5.0
8228,124,12,4.5
8229,99,113,5.0
8230,391,62,4.0
8231,122,52,5.0
8232,351,3,5.0
8233,30,14,5.0
8234,84,24,5.0
8235,77,93,5.0
8236,241,14,5.0
8237,437,71,5.0
8238,459,74,4.0
8239,426,98,4.0
8240,460,73,3.5
8241,71,118,4.0
8242,39,100,4.0
8243,466,80,4.5
8244,299,79,5.0
8245,143,86,4.5
8246,44,43,4.5
8247,203,62,3.5
8248,492,63,4.5
8249,165,44,5.0
8250,429,57,4.5
8251,266,50,4.5
8252,86,126,4.0
8253,163,23,5.0
8254,166,53,4.5
8255,458,97,4.0
8256,379,39,4.0
8257,499,61,5.0
8258,16,40,4.0
8259,12,85,5.0
8260,142,78,5.0
8261,484,33,5.0
8262,170,130,5.0
8263,448,97,4.0
8264,179,27,4.0
8265,96,47,5.0
8266,344,121,3.5
8267,153,83,4.5
8268,213,27,5.0
8269,484,25,4.0
8270,436,132,3.0
8271,52,81,5.0
8272,287,49,5.0
8273,372,89,5.0
8274,15,76,4.5
8275,192,100,4.0
8276,273,64,3.5
8277,478,46,5.0
8278,179,4,5.0
8279,237,31,5.0
8280,78,37,5.0
8281,480,124,4.5
8282,422,132,3.5
8283,149,71,3.5
8284,197,129,5.0
8285,200,34,5.0
8286,280,122,3.5
8287,203,45,5.0
8288,483,112,5.0
8289,487,42,5.0
8290,258,3,4.0
8291,487,75,5.0
8292,450,131,2.5
8293,455,19,5.0
8294,349,8,5.0
8295,171,117,4.5
8296,171,41,4.5
8297,151,65,5.0
8298,258,28,3.5
8299,128,129,4.5
8300,5,103,4.5
8301,374,75,4.0
8302,419,72,4.5
8303,79,105,5.0
8304,410,99,5.0
8305,130,28,4.5
8306,106,42,4.5
8307,317,102,4.5
8308,82,129,3.0
8309,357,36,4.5
8310,441,28,5.0
8311,18,108,5.0
8312,239,76,4.5
8313,325,57,5.0
8314,48,115,4.5
8315,41,21,3.5
8316,444,122,4.5
8317,272,44,4.0
8318,33,128,4.0
8319,285,129,4.5
8320,448,63,4.0
8321,405,91,4.5
8322,392,106,4.0
8323,32,14,5.0
8324,114,20,4.5
8325,100,61,5.0
8326,447,101,3.5
8327,74,83,3.0
8328,351,37,5.0
8329,164,106,4.5
8330,227,12,4.5
8331,138,111,4.5
8332,271,37,4.5
8333,158,127,5.0
8334,173,79,5.0
8335,224,66,5.0
8336,199,121,3.5
8337,350,88,3.5
8338,182,42,4.0
8339,147,32,4.0
8340,199,100,5.0
8341,264,26,5.0
8342,98,128,2.0
8343,447,33,4.5
8344,191,130,5.0
8345,125,134,5.0
8346,395,5,4.5
8347,286,52,5.0
8348,419,51,5.0
8349,338,83,5.0
8350,473,98,4.5
8351,65,106,4.5
8352,333,46,4.5
8353,182,58,4.5
8354,483,113,4.0
8355,94,61,5.0
8356,168,20,4.0
8357,100,21,3.5
8358,370,50,4.0
8359,86,64,4.5
8360,94,133,4.5
8361,487,85,4.0
8362,17,21,5.0
8363,170,28,4.0
8364,116,82,5.0
8365,442,127,4.0
8366,240,26,3.5
8367,207,39,5.0
8368,358,125,4.5
8369,465,115,5.0
8370,320,48,4.0
8371,365,16,3.5
8372,212,126,5.0
8373,428,4,5.0
8374,218,98,4.5
8375,483,6,5.0
8376,234,28,4.0
8377,69,76,4.0
8378,28,110,5.0
8379,269,23,3.5
8380,34,42,4.5
8381,346,98,4.5
8382,227,37,5.0
8383,217,126,3.5
8384,324,46,5.0
8385,120,93,4.0
8386,23,106,4.5
8387,223,24,4.0
8388,142,29,4.5
8389,243,55,5.0
8390,287,48,5.0
8391,79,37,5.0
8392,21,92,4.5
8393,490,28,4.5
8394,420,32,4.5
8395,138,21,5.0
8396,294,37,4.5
8397,339,14,5.0
8398,79,58,5.0
8399,79,119,4.0
8400,53,18,4.0
8401,58,11,5.0
8402,248,83,5.0
8403,29,117,4.5
8404,428,120,4.5
8405,434,70,4.5
8406,159,123,5.0
8407,247,51,5.0
8408,103,8,5.0
8409,394,80,4.5
8410,131,86,4.0
8411,89,117,4.0
8412,319,98,5.0
8413,268,134,5.0
8414,341,28,4.5
8415,417,132,3.5
8416,11,24,4.0
8417,471,63,4.5
8418,372,10,3.5
8419,73,23,4.0
8420,309,35,4.0
8421,82,36,5.0
8422,74,28,4.5
8423,392,108,4.0
8424,148,82,4.5
8425,72,26,5.0
8426,112,18,3.5
8427,94,78,5.0
8428,72,43,5.0
8429,245,53,4.0
8430,83,34,5.0
8431,455,88,4.5
8432,373,91,4.0
8433,435,114,5.0
8434,428,20,5.0
8435,404,32,5.0
8436,188,128,2.5
8437,355,91,4.5
8438,348,87,4.0
8439,47,131,5.0
8440,15,72,5.0
8441,154,17,4.5
8442,32,27,5.0
8443,236,115,4.0
8444,467,35,2.5
8445,426,50,4.0
8446,278,124,4.5
8447,169,13,5.0
8448,87,28,5.0
8449,161,51,5.0
8450,284,72,4.5
8451,206,79,5.0
8452,370,133,5.0
8453,350,54,3.5
8454,199,113,5.0
8455,98,33,4.5
8456,95,94,4.5
8457,277,22,5.0
8458,279,123,5.0
8459,288,12,5.0
8460,251,53,4.5
8461,486,133,4.5
8462,470,97,4.5
8463,68,24,5.0
8464,245,46,3.5
8465,357,85,5.0
8466,128,57,4.5
8467,372,128,2.0
8468,387,116,3.5
8469,199,127,5.0
8470,300,23,5.0
8471,391,86,4.0
8472,149,84,5.0
8473,409,24,4.5
8474,85,131,4.0
8475,85,108,4.5
8476,399,87,5.0
8477,329,47,4.0
8478,180,102,4.0
8479,447,92,4.5
8480,216,72,5.0
8481,102,131,4.5
8482,25,25,4.5
8483,302,103,5.0
8484,221,129,5.0
8485,410,129,5.0
8486,158,52,4.5
8487,124,125,4.5
8488,149,78,4.5
8489,134,73,4.5
8490,439,86,5.0
8491,464,74,5.0
8492,311,14,5.0
8493,466,15,4.5
8494,154,96,4.5
8495,220,53,3.5
8496,444,18,4.0
8497,136,59,5.0
8498,52,108,5.0
8499,26,51,5.0
8500,20,14,5.0
8501,55,123,4.0
8502,104,124,4.5
8503,321,106,4.0
8504,191,20,5.0
8505,206,54,4.0
8506,320,68,3.0
8507,309,28,4.0
8508,247,79,4.5
8509,218,15,4.5
8510,486,113,5.0
8511,451,104,5.0
8512,231,103,5.0
8513,401,14,5.0
8514,307,44,4.5
8515,44,38,3.5
8516,80,119,4.5
8517,143,91,5.0
8518,224,103,5.0
8519,390,134,4.0
8520,406,48,5.0
8521,148,18,4.0
8522,365,79,4.5
8523,256,114,5.0
8524,437,108,4.5
8525,418,21,5.0
8526,494,119,5.0
8527,279,107,5.0
8528,99,77,4.5
8529,175,82,4.5
8530,338,18,4.5
8531,379,92,4.0
8532,493,56,4.0
8533,386,89,5.0
8534,23,87,3.5
8535,25,117,5.0
8536,42,41,4.0
8537,29,120,4.5
8538,429,54,4.5
8539,129,75,3.5
8540,24,29,5.0
8541,259,49,5.0
8542,309,61,4.5
8543,425,88,5.0
8544,393,40,4.0
8545,246,14,5.0
8546,161,41,5.0
8547,16,96,4.5
8548,240,57,4.5
8549,36,134,5.0
8550,50,81,5.0
8551,500,83,4.0
8552,272,70,4.0
8553,187,97,5.0
8554,277,61,5.0
8555,285,24,4.5
8556,234,31,5.0
8557,309,42,5.0
8558,348,43,4.5
8559,149,41,5.0
8560,102,27,5.0
8561,203,100,4.5
8562,479,91,5.0
8563,431,61,5.0
8564,412,89,4.5
8565,271,62,5.0
8566,13,98,4.0
8567,227,120,4.0
8568,381,5,3.5
8569,315,89,5.0
8570,382,85,5.0
8571,344,81,4.5
8572,136,81,5.0
8573,494,42,5.0
8574,69,93,4.5
8575,476,41,4.0
8576,106,110,5.0
8577,472,66,5.0
8578,250,63,4.5
8579,96,70,3.5
8580,275,27,5.0
8581,34,73,2.5
8582,344,44,5.0
8583,81,5,5.0
8584,167,78,4.5
8585,489,120,5.0
8586,138,115,4.5
8587,192,68,4.5
8588,179,30,5.0
8589,263,26,4.5
8590,432,116,4.5
8591,261,45,4.5
8592,311,79,4.0
8593,402,39,5.0
8594,156,121,4.0
8595,211,16,4.5
8596,199,47,3.5
8597,222,33,5.0
8598,49,72,4.0
8599,250,50,4.5
8600,172,49,5.0
8601,185,32,3.5
8602,140,104,4.0
8603,490,111,4.5
8604,262,8,4.5
8605,2,19,5.0
8606,194,107,5.0
8607,107,7,5.0
8608,325,94,4.0
8609,79,103,4.5
8610,118,79,4.0
8611,307,82,5.0
8612,379,115,4.5
8613,111,47,5.0
8614,290,3,5.0
8615,28,31,5.0
8616,331,126,4.5
8617,290,132,4.0
8618,73,56,5.0
8619,80,120,5.0
8620,379,25,5.0
8621,211,5,4.5
8622,213,42,5.0
8623,405,98,4.5
8624,238,100,4.0
8625,168,41,5.0
8626,313,9,5.0
8627,338,97,4.0
8628,367,8,5.0
8629,283,126,4.5
8630,120,104,5.0
8631,475,59,5.0
8632,475,15,5.0
8633,210,58,5.0
8634,100,123,5.0
8635,94,9,4.5
8636,440,40,3.5
8637,37,11,5.0
8638,79,82,5.0
8639,154,13,4.5
8640,121,58,5.0
8641,326,18,5.0
8642,346,94,3.0
8643,6,134,4.5
8644,191,116,4.0
8645,401,111,5.0
8646,159,92,4.0
8647,197,5,4.0
8648,50,1,4.0
8649,279,112,5.0
8650,415,60,4.0
8651,165,52,4.5
8652,316,100,4.5
8653,161,131,5.0
8654,153,5,5.0
8655,50,37,4.5
8656,191,101,5.0
8657,386,71,3.5
8658,33,69,5.0
8659,34,106,4.5
8660,167,87,4.5
8661,209,62,5.0
8662,176,58,4.0
8663,72,115,4.0
8664,6,51,4.0
8665,353,119,5.0
8666,327,58,5.0
8667,2,25,5.0
8668,54,76,5.0
8669,261,106,4.0
8670,143,10,4.5
8671,196,126,5.0
8672,325,124,5.0
8673,149,46,5.0
8674,483,55,4.5
8675,105,70,5.0
8676,477,112,4.0
8677,397,93,3.5
8678,112,100,4.0
8679,149,121,3.5
8680,229,84,4.5
8681,231,131,5.0
8682,389,113,4.0
8683,185,48,4.0
8684,285,65,5.0
8685,56,130,4.0
8686,474,68,5.0
8687,313,21,3.5
8688,37,90,5.0
8689,129,2,4.0
8690,30,35,4.0
8691,68,134,3.5
8692,459,8,5.0
8693,121,125,5.0
8694,219,82,5.0
8695,345,35,4.5
8696,465,48,4.5
8697,489,31,5.0
8698,107,134,4.0
8699,117,50,4.5
8700,206,9,5.0
8701,26,103,5.0
8702,1,56,1.5
8703,320,5,5.0
8704,477,92,5.0
8705,490,17,4.5
8706,1,103,5.0
8707,348,3,4.0
8708,194,75,4.0
8709,182,47,3.5
8710,469,47,3.5
8711,323,127,3.5
8712,419,111,5.0
8713,259,126,4.5
8714,86,20,5.0
8715,401,106,5.0
8716,35,77,5.0
8717,405,25,5.0
8718,172,82,5.0
8719,360,25,4.5
8720,51,69,5.0
8721,105,28,4.0
8722,448,39,3.5
8723,116,91,4.5
8724,230,52,4.5
8725,100,78,5.0
8726,172,59,5.0
8727,427,73,3.0
8728,207,105,4.5
8729,416,47,3.5
8730,172,103,5.0
8731,198,123,5.0
8732,486,115,4.5
8733,26,1,4.0
8734,487,55,5.0
8735,421,41,5.0
8736,164,2,5.0
8737,214,53,5.0
8738,218,124,5.0
8739,210,70,5.0
8740,101,37,4.5
8741,103,59,4.5
8742,86,6,4.5
8743,455,14,5.0
8744,49,88,4.5
8745,336,67,5.0
8746,459,107,5.0
8747,141,38,4.0
8748,176,93,5.0
8749,57,125,3.5
8750,139,34,3.5
8751,376,116,3.5
8752,375,124,4.5
8753,251,9,3.5
8754,325,123,4.5
8755,14,101,4.5
8756,75,95,4.5
8757,498,12,5.0
8758,26,110,5.0
8759,70,45,4.5
8760,257,10,5.0
8761,387,132,3.0
8762,448,94,3.5
8763,247,93,4.0
8764,462,87,5.0
8765,479,125,5.0
8766,286,13,4.5
8767,122,48,5.0
8768,418,76,4.0
8769,41,39,4.5
8770,47,73,2.0
8771,480,32,4.5
8772,110,128,4.0
8773,373,120,4.0
8774,138,98,5.0
8775,226,127,5.0
8776,13,96,5.0
8777,177,57,4.0
8778,75,63,5.0
8779,187,116,4.5
8780,148,39,5.0
8781,12,51,4.5
8782,255,105,4.5
8783,20,6,4.0
8784,170,85,4.0
8785,139,12,5.0
8786,229,58,5.0
8787,465,26,4.5
8788,437,21,5.0
8789,455,60,5.0
8790,420,16,5.0
8791,448,127,4.5
8792,10,60,4.5
8793,74,19,4.5
8794,228,42,4.5
8795,456,58,5.0
8796,341,5,4.0
8797,214,92,5.0
8798,365,76,5.0
8799,79,130,4.5
8800,269,3,5.0
8801,291,55,4.5
8802,80,28,5.0
8803,35,64,4.0
8804,234,75,5.0
8805,134,17,4.0
8806,264,32,4.5
8807,342,86,4.5
8808,36,73,4.0
8809,258,66,5.0
8810,397,4,4.5
8811,274,129,4.5
8812,148,116,5.0
8813,168,96,4.5
8814,321,108,4.5
8815,165,117,3.5
8816,174,116,3.5
8817,372,64,4.0
8818,324,114,5.0
8819,269,15,4.5
8820,381,9,5.0
8821,313,98,4.0
8822,256,134,5.0
8823,256,91,5.0
8824,56,52,4.0
8825,53,32,5.0
8826,499,122,3.5
8827,477,67,5.0
8828,148,22,5.0
8829,194,26,4.5
8830,135,10,4.5
8831,206,39,4.5
8832,438,67,4.5
8833,422,120,3.5
8834,332,4,5.0
8835,151,97,5.0
8836,50,30,4.5
8837,2,34,1.5
8838,489,116,5.0
8839,372,45,5.0
8840,358,88,4.5
8841,341,56,4.5
8842,312,100,5.0
8843,244,80,5.0
8844,180,42,5.0
8845,390,110,4.0
8846,409,109,4.0
8847,14,96,4.5
8848,208,35,3.5
8849,125,14,5.0
8850,262,128,3.0
8851,160,26,5.0
8852,373,95,4.5
8853,159,69,5.0
8854,372,75,4.0
8855,64,97,4.5
8856,223,104,4.5
8857,19,129,5.0
8858,322,61,5.0
8859,159,133,4.5
8860,49,116,4.5
8861,257,107,4.5
8862,305,115,5.0
8863,49,46,4.5
8864,158,33,4.0
8865,65,96,5.0
8866,16,27,5.0
8867,240,103,4.0
8868,195,95,4.5
8869,91,31,5.0
8870,238,37,5.0
8871,227,24,3.5
8872,220,39,4.5
8873,52,71,5.0
8874,461,92,3.5
8875,282,4,4.0
8876,493,121,5.0
8877,215,118,4.5
8878,58,68,3.5
8879,339,48,5.0
8880,178,13,3.5
8881,209,85,4.0
8882,408,92,4.5
8883,182,105,4.5
8884,358,17,5.0
8885,113,129,5.0
8886,342,40,5.0
8887,222,128,4.0
8888,170,113,4.0
8889,389,115,5.0
8890,158,64,5.0
8891,284,43,3.5
8892,191,24,4.5
8893,315,132,1.5
8894,280,56,4.5
8895,53,58,5.0
8896,264,52,5.0
8897,28,107,4.5
8898,38,74,5.0
8899,383,13,5.0
8900,175,105,5.0
8901,370,29,4.0
8902,60,35,3.0
8903,269,76,4.5
8904,195,13,4.0
8905,156,57,4.5
8906,309,68,5.0
8907,221,29,5.0
8908,142,133,5.0
8909,43,34,4.5
8910,105,27,5.0
8911,297,65,5.0
8912,161,99,4.0
8913,346,117,4.5
8914,339,35,4.0
8915,409,96,5.0
8916,291,12,5.0
8917,100,27,5.0
8918,229,31,5.0
8919,252,10,5.0
8920,148,66,4.5
8921,405,56,4.0
8922,428,95,4.0
8923,127,76,5.0
8924,192,125,4.5
8925,50,94,5.0
8926,21,118,4.5
8927,258,96,5.0
8928,435,7,5.0
8929,217,62,4.5
8930,111,118,4.0
8931,160,65,5.0
8932,26,54,4.0
8933,317,33,5.0
8934,215,41,5.0
8935,181,80,4.5
8936,296,60,4.0
8937,103,82,3.5
8938,111,116,4.5
8939,471,87,5.0
8940,473,129,5.0
8941,12,2,4.5
8942,67,54,4.0
8943,431,15,5.0
8944,223,94,3.5
8945,136,73,3.0
8946,367,41,4.5
8947,38,55,5.0
8948,91,127,4.5
8949,122,32,5.0
8950,232,61,4.5
8951,222,56,4.5
8952,51,95,4.5
8953,486,70,4.5
8954,146,29,4.0
8955,231,23,4.0
8956,17,118,4.0
8957,407,59,5.0
8958,264,54,5.0
8959,420,47,4.5
8960,171,88,5.0
8961,267,39,4.5
8962,189,91,5.0
8963,234,57,5.0
8964,87,117,3.5
8965,344,19,4.0
8966,378,85,5.0
8967,341,4,5.0
8968,226,34,5.0
8969,393,91,4.5
8970,455,104,5.0
8971,326,4,5.0
8972,137,21,5.0
8973,131,6,5.0
8974,488,103,3.5
8975,179,71,3.5
8976,126,50,5.0
8977,222,42,4.0
8978,26,56,5.0
8979,62,25,5.0
8980,17,77,5.0
8981,167,34,4.0
8982,288,123,4.5
8983,185,14,3.5
8984,421,134,5.0
8985,494,32,4.5
8986,466,72,4.5
8987,442,37,4.5
8988,35,96,4.0
8989,465,32,4.5
8990,221,100,4.0
8991,6,32,5.0
8992,59,40,5.0
8993,190,48,5.0
8994,15,95,5.0
8995,261,112,4.0
8996,329,132,3.0
8997,196,107,5.0
8998,174,35,3.0
8999,289,28,5.0
9000,183,96,4.0
9001,55,75,4.5
9002,492,73,3.0
9003,363,13,5.0
9004,330,126,4.0
9005,277,116,4.5
9006,104,103,5.0
9007,155,4,4.5
9008,177,19,5.0
9009,451,7,4.5
9010,114,28,4.5
9011,36,112,5.0
9012,458,86,4.0
9013,215,6,5.0
9014,323,115,5.0
9015,242,34,5.0
9016,203,89,5.0
9017,104,37,4.0
9018,300,34,4.5
9019,178,128,3.0
9020,188,7,5.0
9021,85,51,4.5
9022,50,49,4.0
9023,55,37,4.0
9024,146,105,4.5
9025,459,51,4.0
9026,348,16,4.5
9027,41,37,4.5
9028,445,20,5.0
9029,215,116,4.0
9030,416,82,5.0
9031,124,2,4.5
9032,309,2,5.0
9033,461,129,4.5
9034,258,80,3.5
9035,402,126,5.0
9036,469,2,4.5
9037,43,12,5.0
9038,468,20,4.5
9039,19,105,5.0
9040,395,69,5.0
9041,43,28,5.0
9042,389,6,4.5
9043,195,101,4.5
9044,187,58,5.0
9045,290,31,3.5
9046,484,15,5.0
9047,277,51,4.5
9048,282,75,4.5
9049,325,69,5.0
9050,21,74,3.5
9051,372,134,5.0
9052,260,127,4.5
9053,332,98,5.0
9054,208,37,4.5
9055,95,88,4.5
9056,49,35,4.5
9057,314,66,4.5
9058,259,102,5.0
9059,496,91,5.0
9060,274,122,4.5
9061,28,10,4.5
9062,16,76,5.0
9063,388,33,4.5
9064,364,110,5.0
9065,320,56,5.0
9066,154,24,3.5
9067,112,46,5.0
9068,344,45,4.5
9069,10,103,3.5
9070,21,58,5.0
9071,89,104,5.0
9072,100,5,4.0
9073,131,15,5.0
9074,210,15,4.5
9075,422,28,5.0
9076,42,104,5.0
9077,210,86,5.0
9078,349,115,5.0
9079,84,122,5.0
9080,483,118,3.5
9081,52,99,5.0
9082,207,130,5.0
9083,404,123,5.0
9084,121,119,5.0
9085,432,47,4.0
9086,325,55,5.0
9087,202,56,4.0
9088,292,23,4.5
9089,178,2,4.0
9090,166,28,3.5
9091,125,51,4.5
9092,329,119,5.0
9093,200,67,3.5
9094,295,21,5.0
9095,94,81,4.5
9096,217,19,4.5
9097,99,75,4.0
9098,363,72,5.0
9099,264,134,4.5
9100,361,130,4.0
9101,80,14,4.0
9102,123,59,4.0
9103,414,86,5.0
9104,11,61,5.0
9105,187,25,4.5
9106,192,41,3.0
9107,463,105,4.0
9108,211,67,5.0
9109,264,50,3.5
9110,202,95,4.0
9111,335,4,4.5
9112,450,5,4.0
9113,28,78,5.0
9114,386,56,4.5
9115,138,49,4.0
9116,325,83,3.0
9117,10,124,4.5
9118,407,124,4.5
9119,316,113,3.5
9120,99,124,4.5
9121,313,74,4.0
9122,412,50,4.5
9123,208,123,5.0
9124,169,41,4.0
9125,290,130,5.0
9126,377,114,5.0
9127,369,15,5.0
9128,239,55,5.0
9129,211,104,3.5
9130,178,14,3.5
9131,280,13,5.0
9132,369,129,5.0
9133,5,28,4.5
9134,146,77,3.5
9135,23,36,5.0
9136,407,39,5.0
9137,125,15,4.5
9138,85,26,5.0
9139,103,105,4.5
9140,192,36,4.5
9141,10,62,5.0
9142,201,35,4.0
9143,271,6,4.0
9144,309,8,5.0
9145,438,72,4.5
9146,69,94,4.5
9147,48,44,4.5
9148,394,50,4.0
9149,180,134,4.0
9150,349,11,5.0
9151,480,48,4.0
9152,197,88,3.5
9153,129,36,5.0
9154,262,106,5.0
9155,79,84,4.5
9156,420,26,4.0
9157,313,11,5.0
9158,337,105,4.5
9159,319,39,5.0
9160,479,85,4.5
9161,89,51,5.0
9162,261,65,5.0
9163,351,22,5.0
9164,268,82,5.0
9165,487,1,5.0
9166,79,91,5.0
9167,8,74,4.0
9168,315,8,5.0
9169,50,91,4.0
9170,262,107,4.0
9171,295,31,5.0
9172,394,113,3.5
9173,155,6,5.0
9174,276,17,4.0
9175,487,83,4.0
9176,345,93,4.0
9177,196,71,5.0
9178,413,124,4.0
9179,361,89,5.0
9180,8,90,4.0
9181,48,82,4.5
9182,168,39,4.0
9183,244,55,4.5
9184,468,68,3.0
9185,260,95,3.5
9186,185,42,5.0
9187,424,53,4.5
9188,111,36,5.0
9189,382,93,5.0
9190,77,120,3.0
9191,483,23,4.0
9192,330,64,4.5
9193,296,92,5.0
9194,113,24,5.0
9195,192,1,4.0
9196,452,31,5.0
9197,251,81,4.0
9198,127,81,4.0
9199,272,85,4.5
9200,35,55,3.5
9201,20,36,5.0
9202,354,127,5.0
9203,76,81,3.0
9204,74,10,5.0
9205,346,120,4.5
9206,47,118,5.0
9207,413,26,5.0
9208,214,127,4.5
9209,34,17,4.5
9210,109,3,5.0
9211,153,38,5.0
9212,108,95,4.0
9213,198,51,4.5
9214,347,3,4.0
9215,176,96,4.5
9216,182,11,5.0
9217,423,33,5.0
9218,44,65,5.0
9219,220,125,4.5
9220,20,46,5.0
9221,256,14,5.0
9222,238,33,4.5
9223,413,73,5.0
9224,125,127,4.5
9225,183,79,5.0
9226,259,124,4.5
9227,105,59,4.5
9228,243,4,5.0
9229,52,110,4.0
9230,62,31,4.5
9231,363,1,5.0
9232,477,69,5.0
9233,355,134,4.0
9234,187,28,5.0
9235,200,40,3.5
9236,347,46,5.0
9237,389,70,4.0
9238,224,102,4.5
9239,225,102,4.5
9240,417,119,5.0
9241,64,74,4.5
9242,95,59,5.0
9243,197,76,5.0
9244,309,52,5.0
9245,220,3,4.5
9246,344,58,4.5
9247,290,134,4.5
9248,364,98,5.0
9249,185,127,5.0
9250,421,110,4.0
9251,399,75,5.0
9252,181,35,3.5
9253,250,134,5.0
9254,419,1,4.0
9255,390,53,4.0
9256,440,123,4.0
9257,204,40,5.0
9258,393,111,4.5
9259,263,85,4.0
9260,370,123,5.0
9261,85,123,4.0
9262,284,70,4.5
9263,257,13,5.0
9264,40,101,4.5
9265,419,100,3.5
9266,53,20,4.0
9267,135,24,5.0
9268,185,57,4.5
9269,210,85,5.0
9270,127,10,4.0
9271,410,75,5.0
9272,363,24,4.5
9273,407,74,5.0
9274,170,49,5.0
9275,166,41,5.0
9276,377,52,5.0
9277,289,126,5.0
9278,11,82,5.0
9279,37,24,5.0
9280,447,115,4.5
9281,103,12,4.5
9282,350,27,5.0
9283,109,15,5.0
9284,169,32,5.0
9285,38,64,5.0
9286,420,1,5.0
9287,236,16,4.5
9288,276,19,5.0
9289,24,18,3.0
9290,491,49,5.0
9291,387,69,4.5
9292,22,82,5.0
9293,378,96,4.5
9294,52,5,4.5
9295,304,57,4.5
9296,462,73,2.0
9297,351,38,4.5
9298,143,117,5.0
9299,4,37,5.0
9300,116,3,5.0
9301,353,37,3.5
9302,205,127,4.0
9303,465,16,4.0
9304,34,55,5.0
9305,15,48,4.5
9306,392,124,5.0
9307,140,26,5.0
9308,44,36,4.0
9309,389,45,4.5
9310,168,40,5.0
9311,379,34,5.0
9312,122,39,5.0
9313,13,69,5.0
9314,364,45,5.0
9315,39,30,4.5
9316,450,83,4.0
9317,361,127,4.0
9318,424,85,5.0
9319,178,43,5.0
9320,345,72,5.0
9321,224,51,5.0
9322,294,97,4.0
9323,451,90,4.0
9324,409,125,4.5
9325,117,93,4.5
9326,351,21,4.0
9327,70,16,4.5
9328,473,123,4.5
9329,122,31,4.5
9330,338,130,4.5
9331,39,4,5.0
9332,152,22,3.5
9333,363,70,3.5
9334,362,131,4.5
9335,312,86,5.0
9336,448,42,5.0
9337,270,93,5.0
9338,208,79,5.0
9339,242,10,4.5
9340,154,65,5.0
9341,189,112,5.0
9342,19,9,5.0
9343,475,35,3.5
9344,341,85,5.0
9345,187,6,5.0
9346,477,84,4.0
9347,377,5,4.0
9348,468,47,5.0
9349,201,130,4.5
9350,310,49,5.0
9351,76,33,5.0
9352,98,53,4.0
9353,361,26,4.5
9354,345,68,4.0
9355,79,17,3.5
9356,23,30,4.0
9357,188,35,4.0
9358,240,72,5.0
9359,62,18,3.5
9360,210,83,4.5
9361,296,2,5.0
9362,273,50,4.0
9363,186,19,4.0
9364,136,100,4.0
9365,303,119,5.0
9366,113,59,5.0
9367,346,14,4.5
9368,122,92,4.5
9369,415,126,5.0
9370,155,129,4.5
9371,282,18,5.0
9372,455,30,4.5
9373,341,94,3.5
9374,20,111,5.0
9375,317,125,4.5
9376,264,12,5.0
9377,264,126,3.5
9378,57,36,4.5
9379,185,71,4.0
9380,287,106,4.5
9381,402,5,5.0
9382,428,111,4.5
9383,308,44,5.0
9384,200,90,4.5
9385,148,90,5.0
9386,210,37,5.0
9387,214,64,3.5
9388,466,116,5.0
9389,112,96,4.0
9390,261,29,5.0
9391,19,69,4.0
9392,428,10,4.0
9393,339,111,5.0
9394,159,20,5.0
9395,168,4,4.5
9396,130,37,4.5
9397,163,125,4.0
9398,494,90,5.0
9399,338,41,5.0
9400,480,96,4.5
9401,297,12,4.0
9402,464,16,4.0
9403,382,114,5.0
9404,331,32,4.5
9405,146,94,4.5
9406,260,113,4.0
9407,436,19,4.5
9408,485,56,4.5
9409,39,118,4.0
9410,31,4,5.0
9411,314,52,5.0
9412,485,39,3.5
9413,164,50,5.0
9414,91,92,4.0
9415,263,125,5.0
9416,140,129,5.0
9417,54,59,5.0
9418,200,86,4.0
9419,448,7,4.0
9420,341,58,3.5
9421,380,24,4.0
9422,497,95,4.0
9423,454,74,5.0
9424,453,112,4.5
9425,455,44,4.0
9426,402,53,4.0
9427,124,59,5.0
9428,259,77,5.0
9429,451,61,4.0
9430,492,11,5.0
9431,316,103,3.5
9432,437,102,4.5
9433,79,48,4.5
9434,122,125,5.0
9435,92,35,3.0
9436,416,127,5.0
9437,386,74,4.0
9438,259,80,5.0
9439,164,61,5.0
9440,316,133,4.0
9441,123,52,5.0
9442,114,115,5.0
9443,79,11,5.0
9444,439,78,5.0
9445,386,94,3.5
9446,48,54,4.5
9447,211,107,4.5
9448,302,132,3.5
9449,186,71,4.0
9450,397,114,4.0
9451,8,57,5.0
9452,439,39,4.0
9453,411,103,4.5
9454,386,109,4.0
9455,158,43,5.0
9456,37,37,5.0
9457,62,21,5.0
9458,396,17,5.0
9459,183,70,4.5
9460,170,20,4.0
9461,22,105,5.0
9462,386,5,4.5
9463,112,73,3.0
9464,84,38,4.5
9465,197,44,4.5
9466,37,126,4.0
9467,98,20,4.0
9468,269,10,4.5
9469,497,91,4.0
9470,11,18,4.0
9471,95,18,4.5
9472,268,104,5.0
9473,161,113,4.0
9474,167,102,4.0
9475,75,85,4.5
9476,409,124,4.5
9477,477,24,4.0
9478,281,113,4.0
9479,480,65,4.5
9480,451,31,4.5
9481,142,4,4.5
9482,446,9,5.0
9483,112,104,5.0
9484,397,95,4.0
9485,461,49,5.0
9486,194,83,5.0
9487,445,42,5.0
9488,174,13,5.0
9489,291,119,4.0
9490,342,101,4.5
9491,106,55,5.0
9492,65,63,4.5
9493,454,69,5.0
9494,257,124,4.5
9495,248,9,3.5
9496,137,77,5.0
9497,131,64,5.0
9498,345,12,5.0
9499,336,65,5.0
9500,2,102,4.5
9501,55,50,3.5
9502,190,123,5.0
9503,76,128,3.0
9504,379,98,4.5
9505,332,93,4.0
9506,476,98,5.0
9507,405,61,4.0
9508,358,66,5.0
9509,367,94,5.0
9510,152,80,5.0
9511,29,53,4.0
9512,216,28,5.0
9513,112,29,4.5
9514,318,111,4.5
9515,42,38,5.0
9516,489,122,4.0
9517,476,124,4.5
9518,281,18,5.0
9519,201,109,4.5
9520,356,87,5.0
9521,34,84,5.0
9522,412,71,4.5
9523,16,72,5.0
9524,171,2,5.0
9525,138,70,5.0
9526,485,88,3.5
9527,493,4,4.5
9528,90,76,4.5
9529,385,59,4.0
9530,101,94,4.0
9531,251,17,3.5
9532,129,94,4.5
9533,109,75,5.0
9534,397,109,5.0
9535,5,25,4.5
9536,430,37,5.0
9537,408,103,4.5
9538,101,61,4.5
9539,467,66,5.0
9540,299,118,5.0
9541,156,79,5.0
9542,403,129,5.0
9543,468,128,3.5
9544,434,11,4.5
9545,107,38,4.0
9546,103,13,3.5
9547,24,116,4.0
9548,17,11,5.0
9549,11,26,5.0
9550,133,41,5.0
9551,353,112,4.0
9552,381,39,4.5
9553,479,20,5.0
9554,424,116,5.0
9555,454,104,5.0
9556,105,75,3.5
9557,286,77,4.5
9558,375,26,5.0
9559,349,83,4.0
9560,254,28,5.0
9561,320,28,4.0
9562,160,134,4.0
9563,373,13,4.5
9564,209,6,4.5
9565,314,100,4.0
9566,468,28,5.0
9567,173,45,5.0
9568,188,31,4.5
9569,463,4,4.5
9570,399,27,5.0
9571,73,9,5.0
9572,44,105,5.0
9573,58,51,4.0
9574,353,31,4.0
9575,181,85,5.0
9576,101,54,4.0
9577,166,69,4.0
9578,251,96,5.0
9579,308,107,5.0
9580,370,36,4.5
9581,50,3,3.5
9582,102,19,5.0
9583,390,124,4.0
9584,402,2,4.0
9585,107,109,4.5
9586,407,93,4.5
9587,451,10,4.5
9588,223,65,4.5
9589,49,26,4.5
9590,213,48,3.5
9591,295,65,5.0
9592,46,29,5.0
9593,101,119,4.5
9594,57,67,4.5
9595,435,23,4.0
9596,37,82,5.0
9597,467,25,5.0
9598,172,24,5.0
9599,500,65,4.0
9600,479,62,5.0
9601,356,9,5.0
9602,35,115,5.0
9603,24,119,5.0
9604,445,31,5.0
9605,468,15,5.0
9606,416,30,4.5
9607,73,31,4.5
9608,394,20,5.0
9609,120,50,4.0
9610,465,35,4.0
9611,296,18,4.0
9612,389,125,4.5
9613,117,94,3.0
9614,66,51,3.0
9615,498,17,4.0
9616,326,132,3.5
9617,480,79,4.5
9618,376,27,5.0
9619,421,101,4.5
9620,398,58,3.5
9621,198,103,4.5
9622,135,88,4.5
9623,104,96,4.5
9624,14,123,5.0
9625,447,125,4.5
9626,402,47,4.5
9627,267,112,5.0
9628,404,22,3.5
9629,342,42,5.0
9630,101,1,5.0
9631,109,71,4.5
9632,476,25,5.0
9633,123,123,4.5
9634,115,132,3.5
9635,332,55,5.0
9636,86,133,5.0
9637,442,70,5.0
9638,138,80,4.0
9639,174,92,4.5
9640,336,26,4.5
9641,302,15,4.0
9642,402,17,5.0
9643,308,52,4.5
9644,389,110,4.5
9645,303,14,4.0
9646,157,121,4.5
9647,277,42,5.0
9648,223,102,5.0
9649,424,51,5.0
9650,414,118,5.0
9651,185,105,4.5
9652,289,118,3.5
9653,417,3,5.0
9654,199,25,5.0
9655,91,132,3.5
9656,213,1,5.0
9657,326,45,4.0
9658,394,70,3.5
9659,221,18,5.0
9660,10,115,4.0
9661,463,45,5.0
9662,236,31,4.5
9663,194,22,5.0
9664,221,101,4.0
9665,107,32,4.0
9666,496,86,5.0
9667,471,10,5.0
9668,85,79,4.5
9669,409,89,5.0
9670,314,98,5.0
9671,185,19,4.5
9672,128,44,5.0
9673,316,56,4.5
9674,315,91,5.0
9675,32,52,5.0
9676,319,31,5.0
9677,89,72,5.0
9678,316,58,5.0
9679,319,122,3.5
9680,369,111,4.5
9681,244,130,4.5
9682,29,13,5.0
9683,310,57,5.0
9684,147,13,5.0
9685,39,69,5.0
9686,248,99,5.0
9687,279,74,5.0
9688,263,80,4.0
9689,464,68,4.5
9690,341,35,4.5
9691,127,99,5.0
9692,21,82,5.0
9693,113,73,4.0
9694,123,80,5.0
9695,493,57,4.5
9696,296,47,4.0
9697,32,41,4.5
9698,211,53,5.0
9699,85,121,5.0
9700,186,84,4.5
9701,441,17,4.5
9702,128,67,5.0
9703,69,1,5.0
9704,148,64,4.5
9705,481,131,3.5
9706,211,49,5.0
9707,147,118,5.0
9708,87,124,4.5
9709,347,41,5.0
9710,475,61,5.0
9711,41,24,5.0
9712,247,65,4.5
9713,140,124,5.0
9714,166,51,4.0
9715,245,57,5.0
9716,161,22,5.0
9717,298,32,4.5
9718,12,109,4.0
9719,252,41,5.0
9720,343,31,4.5
9721,11,85,4.5
9722,114,108,5.0
9723,180,116,4.0
9724,268,8,5.0
9725,244,112,4.5
9726,386,4,5.0
9727,197,109,4.5
9728,381,95,4.0
9729,454,23,5.0
9730,263,12,4.5
9731,10,61,4.0
9732,70,37,4.0
9733,147,26,5.0
9734,292,108,4.5
9735,309,30,4.0
9736,29,16,5.0
9737,397,98,5.0
9738,254,98,5.0
9739,320,128,3.5
9740,325,50,4.0
9741,105,56,5.0
9742,104,76,5.0
9743,25,21,4.5
9744,474,129,4.5
9745,175,25,5.0
9746,261,33,3.5
9747,463,65,4.0
9748,419,57,4.5
9749,375,40,5.0
9750,302,88,4.5
9751,149,50,5.0
9752,425,24,4.5
9753,250,128,2.5
9754,151,57,4.0
9755,476,58,5.0
9756,347,12,5.0
9757,20,79,5.0
9758,474,80,5.0
9759,491,52,5.0
9760,283,125,5.0
9761,267,117,5.0
9762,315,84,4.5
9763,153,59,5.0
9764,421,133,5.0
9765,468,121,4.0
9766,414,28,5.0
9767,382,69,4.5
9768,167,118,4.5
9769,24,118,5.0
9770,424,61,5.0
9771,65,38,5.0
9772,242,112,4.5
9773,203,91,4.5
9774,201,108,4.5
9775,377,25,4.0
9776,231,6,4.5
9777,239,47,4.5
9778,312,30,5.0
9779,245,116,4.5
9780,44,60,5.0
9781,478,54,4.5
9782,166,120,5.0
9783,353,10,5.0
9784,402,72,4.0
9785,184,28,4.0
9786,210,62,4.5
9787,358,100,4.0
9788,379,119,4.0
9789,240,108,5.0
9790,370,9,3.5
9791,458,102,5.0
9792,17,128,3.5
9793,196,124,5.0
9794,190,133,4.5
9795,342,114,5.0
9796,137,97,5.0
9797,192,62,5.0
9798,164,24,4.0
9799,337,14,4.5
9800,184,102,4.5
9801,470,22,5.0
9802,10,113,5.0
9803,353,33,5.0
9804,305,128,2.5
9805,434,52,4.5
9806,268,11,5.0
9807,112,76,4.5
9808,478,37,4.0
9809,209,56,4.5
9810,212,111,4.0
9811,351,23,4.0
9812,302,109,4.0
9813,396,111,4.0
9814,390,77,4.5
9815,280,77,5.0
9816,490,16,3.5
9817,435,98,3.5
9818,130,87,4.5
9819,308,18,4.5
9820,142,39,5.0
9821,332,107,5.0
9822,74,54,4.0
9823,14,85,5.0
9824,285,70,5.0
9825,352,33,4.0
9826,23,128,3.0
9827,309,53,5.0
9828,470,93,5.0
9829,358,114,3.5
9830,99,112,5.0
9831,439,112,4.5
9832,209,19,5.0
9833,319,49,5.0
9834,320,51,5.0
9835,386,79,4.0
9836,343,91,4.5
9837,60,48,5.0
9838,120,85,4.5
9839,220,122,5.0
9840,208,92,5.0
9841,350,81,4.0
9842,203,118,4.5
9843,154,74,4.0
9844,419,34,5.0
9845,117,52,5.0
9846,411,72,5.0
9847,414,40,5.0
9848,120,60,4.0
9849,213,29,5.0
9850,182,45,5.0
9851,99,54,4.5
9852,50,88,3.5
9853,171,25,4.5
9854,349,80,5.0
9855,335,125,5.0
9856,148,8,4.5
9857,84,23,4.5
9858,157,101,5.0
9859,28,99,3.5
9860,70,109,4.0
9861,42,132,3.5
9862,289,125,5.0
9863,276,100,4.0
9864,381,125,5.0
9865,57,129,4.5
9866,49,121,3.5
9867,424,91,5.0
9868,223,108,3.5
9869,187,23,3.5
9870,168,105,5.0
9871,466,9,5.0
9872,361,82,5.0
9873,413,15,5.0
9874,454,45,5.0
9875,158,30,5.0
9876,203,7,4.5
9877,288,117,5.0
9878,79,45,4.0
9879,448,114,4.5
9880,124,131,4.5
9881,172,62,5.0
9882,239,64,5.0
9883,277,21,5.0
9884,190,68,4.0
9885,136,57,4.0
9886,256,132,3.0
9887,195,15,4.5
9888,451,109,4.5
9889,320,76,4.5
9890,47,9,5.0
9891,210,23,4.5
9892,143,76,4.0
9893,34,13,4.0
9894,353,92,4.0
9895,360,10,4.5
9896,476,67,4.5
9897,343,43,4.5
9898,361,22,5.0
9899,493,112,4.0
9900,338,13,4.5
9901,45,3,5.0
9902,199,62,5.0
9903,50,106,4.0
9904,137,115,3.5
9905,47,96,3.0
9906,172,3,4.5
9907,97,3,4.0
9908,220,11,4.5
9909,91,121,4.5
9910,285,84,5.0
9911,471,29,3.5
9912,391,119,5.0
9913,75,101,4.5
9914,44,82,5.0
9915,188,34,4.5
9916,77,23,4.0
9917,253,57,5.0
9918,157,46,5.0
9919,203,34,4.5
9920,358,30,4.0
9921,91,35,4.0
9922,41,27,4.5
9923,264,59,4.5
9924,348,68,5.0
9925,71,1,4.5
9926,121,21,5.0
9927,79,35,3.0
9928,440,108,3.5
9929,227,64,4.5
9930,8,61,3.5
9931,290,66,4.5
9932,41,70,5.0
9933,29,29,5.0
9934,245,63,5.0
9935,214,105,4.5
9936,103,65,3.5
9937,303,44,5.0
9938,67,58,4.0
9939,437,70,5.0
9940,151,49,5.0
9941,387,111,5.0
9942,119,125,4.5
9943,307,131,4.0
9944,37,85,5.0
9945,15,9,4.0
9946,279,69,4.0
9947,278,2,5.0
9948,85,30,4.5
9949,252,5,5.0
9950,338,49,4.5
9951,256,92,5.0
9952,50,66,4.0
9953,40,64,5.0
9954,6,88,4.5
9955,407,2,5.0
9956,29,69,5.0
9957,421,64,4.5
9958,107,122,5.0
9959,49,30,4.5
9960,200,99,5.0
9961,415,15,5.0
9962,254,24,5.0
9963,396,13,5.0
9964,16,99,4.5
9965,44,85,4.5
9966,82,58,4.5
9967,20,103,5.0
9968,427,15,3.5
9969,207,20,5.0
9970,10,108,4.5
9971,33,100,5.0
9972,45,7,4.5
9973,182,82,5.0
9974,33,70,4.0
9975,53,89,5.0
9976,363,89,4.5
9977,51,32,4.0
9978,132,106,4.5
9979,97,55,4.5
9980,439,32,4.5
9981,52,65,5.0
9982,269,127,4.5
9983,48,123,4.5
9984,15,131,4.0
9985,426,14,5.0
9986,379,26,4.5
9987,149,110,4.5
9988,272,46,5.0
9989,283,131,3.5
9990,189,14,4.5
9991,56,23,4.5
9992,156,1,4.0
9993,321,49,4.0
9994,151,7,5.0
9995,205,84,4.5
9996,10,14,5.0
9997,358,97,4.5
9998,48,46,5.0
9999,32,43,5.0
10000,196,128,3.0
10001,308,1,5.0
10002,407,26,4.5
10003,238,5,5.0
10004,228,51,5.0
10005,224,1,4.0
10006,241,18,3.5
10007,369,78,5.0
10008,94,65,5.0
10009,214,46,5.0
10010,64,41,5.0
10011,93,31,5.0
10012,409,79,5.0
10013,68,35,2.5
10014,148,80,5.0
10015,274,97,5.0
10016,281,63,5.0
10017,160,31,5.0
10018,121,101,4.5
10019,335,59,4.0
10020,262,96,5.0
10021,8,71,4.5
10022,290,16,4.0
10023,390,63,5.0
10024,249,40,5.0
10025,424,32,5.0
10026,39,127,4.5
10027,156,28,4.0
10028,455,41,4.5
10029,129,33,3.5
10030,138,39,4.5
10031,356,8,3.5
10032,430,68,4.5
10033,381,15,4.5
10034,491,111,5.0
10035,39,32,5.0
10036,76,75,4.5
10037,80,15,5.0
10038,455,26,5.0
10039,32,80,4.0
10040,227,63,5.0
10041,397,118,4.5
10042,124,32,4.0
10043,22,62,4.5
10044,154,36,5.0
10045,179,52,4.5
10046,156,36,4.0
10047,292,7,5.0
10048,23,117,4.5
10049,323,49,4.5
10050,478,7,4.5
10051,426,95,5.0
10052,197,126,5.0
10053,139,74,4.5
10054,59,126,4.0
10055,26,65,5.0
10056,250,49,4.0
10057,68,53,4.0
10058,454,76,4.5
10059,10,34,4.0
10060,448,90,5.0
10061,356,82,4.5
10062,436,103,4.0
10063,49,115,4.0
10064,203,96,4.0
10065,380,4,4.5
10066,277,94,4.0
10067,347,100,4.5
10068,206,37,5.0
10069,319,88,4.5
10070,156,94,4.0
10071,476,16,5.0
10072,474,57,4.5
10073,386,50,5.0
10074,119,114,5.0
10075,353,91,5.0
10076,15,103,5.0
10077,300,4,5.0
10078,323,44,5.0
10079,400,24,4.5
10080,179,56,4.0
10081,473,97,4.0
10082,50,38,5.0
10083,464,41,4.0
10084,129,68,5.0
10085,112,118,5.0
10086,64,77,4.0
10087,414,79,4.5
10088,407,78,5.0
10089,401,13,5.0
10090,197,17,4.5
10091,313,115,4.5
10092,365,87,5.0
10093,490,63,4.5
10094,251,118,4.5
10095,129,127,4.5
10096,320,126,5.0
10097,352,109,5.0
10098,239,52,4.5
10099,124,14,4.5
10100,163,27,4.5
10101,77,56,4.0
10102,84,89,4.0
10103,55,52,5.0
10104,244,90,4.5
10105,197,81,5.0
10106,240,43,5.0
10107,73,63,4.5
10108,177,16,4.5
10109,430,106,4.5
10110,174,80,5.0
10111,331,115,5.0
10112,284,109,4.0
10113,160,51,5.0
10114,253,52,5.0
10115,490,30,5.0
10116,147,73,3.0
10117,224,4,5.0
10118,203,47,5.0
10119,131,91,5.0
10120,88,28,4.5
10121,57,33,5.0
10122,333,120,4.5
10123,424,48,4.0
10124,252,57,5.0
10125,56,88,5.0
10126,414,121,5.0
10127,182,40,5.0
10128,465,53,4.5
10129,123,81,4.0
10130,190,20,5.0
10131,418,39,5.0
10132,191,119,5.0
10133,92,69,4.5
10134,384,24,5.0
10135,242,52,4.0
10136,440,105,4.0
10137,264,38,4.5
10138,152,34,4.0
10139,422,91,4.0
10140,326,69,4.0
10141,7,31,4.5
10142,283,37,3.5
10143,165,13,4.5
10144,264,58,4.5
10145,183,62,5.0
10146,285,79,5.0
10147,168,26,4.5
10148,155,63,5.0
10149,274,94,5.0
10150,443,44,4.5
10151,258,109,5.0
10152,483,13,3.0
10153,373,89,5.0
10154,390,95,3.5
10155,81,76,4.0
10156,168,99,4.5
10157,220,17,3.0
10158,483,56,5.0
10159,191,127,4.0
10160,326,55,4.0
10161,405,129,5.0
10162,12,62,4.5
10163,81,131,5.0
10164,120,9,5.0
10165,95,105,5.0
10166,389,39,5.0
10167,250,79,4.0
10168,81,75,4.5
10169,259,44,5.0
10170,403,26,5.0
10171,450,18,4.5
10172,38,51,5.0
10173,154,123,5.0
10174,318,62,5.0
10175,332,61,3.0
10176,262,102,4.5
10177,170,128,3.0
10178,13,29,5.0
10179,332,103,4.5
10180,305,21,5.0
10181,238,89,5.0
10182,56,128,3.0
10183,269,77,5.0
10184,205,26,5.0
10185,463,36,4.5
10186,291,68,4.0
10187,442,3,5.0
10188,243,118,4.0
10189,450,58,4.5
10190,269,98,4.5
10191,405,39,4.0
10192,265,2,5.0
10193,407,95,4.0
10194,433,97,4.5
10195,217,33,4.5
10196,285,82,4.5
10197,494,2,5.0
10198,65,65,5.0
10199,439,55,5.0
10200,196,114,4.5
10201,492,16,5.0
10202,213,107,5.0
10203,373,124,5.0
10204,294,3,5.0
10205,49,133,5.0
10206,129,14,5.0
10207,454,51,5.0
10208,68,127,5.0
10209,497,6,5.0
10210,454,40,4.0
10211,160,126,4.5
10212,61,9,4.5
10213,479,37,5.0
10214,138,113,3.5
10215,381,58,5.0
10216,243,102,5.0
10217,489,131,4.0
10218,421,112,5.0
10219,159,65,5.0
10220,112,33,4.0
10221,500,122,5.0
10222,51,66,4.0
10223,247,94,4.5
10224,287,97,5.0
10225,314,113,4.0
10226,48,67,4.5
10227,463,16,4.5
10228,424,79,5.0
10229,463,21,4.5
10230,351,112,4.0
10231,76,11,5.0
10232,122,94,5.0
10233,280,125,4.5
10234,67,84,4.5
10235,343,22,4.0
10236,341,99,5.0
10237,482,30,5.0
10238,385,41,5.0
10239,402,90,4.5
10240,396,68,4.5
10241,490,27,4.5
10242,123,109,4.0
10243,159,77,5.0
10244,427,109,4.0
10245,97,83,4.0
10246,471,125,5.0
10247,71,15,5.0
10248,132,109,4.5
10249,412,62,4.5
10250,276,79,4.5
10251,131,43,4.5
10252,309,57,4.0
10253,191,49,4.0
10254,236,107,5.0
10255,352,87,5.0
10256,254,84,5.0
10257,208,68,5.0
10258,142,45,4.5
10259,149,49,3.5
10260,248,18,4.0
10261,269,47,4.5
10262,296,50,5.0
10263,222,88,4.0
10264,99,73,4.0
10265,12,89,5.0
10266,28,12,5.0
10267,79,71,3.5
10268,124,10,4.5
10269,12,74,4.0
10270,418,86,3.5
10271,490,89,4.5
10272,433,117,5.0
10273,203,126,5.0
10274,53,93,5.0
10275,232,124,4.5
10276,357,43,5.0
10277,125,33,3.5
10278,12,31,4.5
10279,492,22,5.0
10280,304,89,5.0
10281,86,89,4.5
10282,491,51,4.5
10283,490,6,4.0
10284,61,51,5.0
10285,46,39,4.0
10286,315,71,3.5
10287,69,97,4.0
10288,304,7,5.0
10289,427,36,5.0
10290,123,127,5.0
10291,74,18,4.5
10292,166,23,4.0
10293,34,1,5.0
10294,428,69,3.5
10295,420,95,2.5
10296,78,6,5.0
10297,378,109,5.0
10298,158,81,5.0
10299,263,73,3.0
10300,414,20,4.5
10301,124,66,5.0
10302,229,131,4.0
10303,228,87,5.0
10304,201,77,5.0
10305,50,6,4.0
10306,225,24,4.5
10307,213,32,5.0
10308,208,10,5.0
10309,269,14,5.0
10310,150,103,5.0
10311,400,84,5.0
10312,28,49,4.5
10313,24,63,5.0
10314,119,118,4.5
10315,181,60,4.0
10316,214,31,5.0
10317,416,11,4.5
10318,153,11,5.0
10319,139,113,4.5
10320,96,73,3.5
10321,89,70,4.5
10322,249,53,4.0
10323,486,93,5.0
10324,47,109,5.0
10325,323,36,5.0
10326,404,42,4.0
10327,146,74,5.0
10328,314,71,4.0
10329,87,73,4.0
10330,242,106,4.0
10331,380,2,5.0
10332,241,43,5.0
10333,335,49,4.5
10334,157,86,5.0
10335,370,6,4.5
10336,19,127,5.0
10337,263,65,5.0
10338,199,38,3.5
10339,157,69,5.0
10340,424,87,4.5
10341,45,16,4.5
10342,440,27,5.0
10343,401,62,3.5
10344,221,27,4.0
10345,24,82,5.0
10346,387,20,5.0
10347,463,51,5.0
10348,34,51,4.5
10349,87,47,4.0
10350,340,133,4.0
10351,233,23,3.5
10352,260,88,4.5
10353,116,55,4.5
10354,182,1,5.0
10355,126,82,5.0
10356,418,46,4.5
10357,490,98,4.5
10358,146,118,4.0
10359,361,23,4.5
10360,30,113,5.0
10361,265,23,5.0
10362,1,129,4.0
10363,198,36,5.0
10364,265,32,5.0
10365,339,125,4.5
10366,77,34,5.0
10367,171,44,4.0
10368,56,96,4.0
10369,325,129,5.0
10370,195,124,4.5
10371,13,80,5.0
10372,250,48,5.0
10373,245,44,4.5
10374,196,102,4.5
10375,377,83,5.0
10376,329,96,5.0
10377,205,77,5.0
10378,9,83,5.0
10379,37,56,4.5
10380,102,26,4.5
10381,126,38,4.0
10382,154,68,5.0
10383,349,44,5.0
10384,93,122,4.0
10385,441,34,5.0
10386,7,115,4.0
10387,240,58,4.0
10388,35,99,4.5
10389,103,58,4.0
10390,211,71,5.0
10391,315,38,5.0
10392,41,111,5.0
10393,205,60,4.0
10394,313,16,4.5
10395,228,1,4.5
10396,285,5,5.0
10397,335,110,5.0
10398,214,73,3.0
10399,201,24,4.5
10400,19,100,4.5
10401,20,104,4.0
10402,179,94,4.5
10403,3,386,4.0
10404,332,20,5.0
10405,323,54,5.0
10406,282,64,5.0
10407,373,64,4.0
10408,249,54,4.5
10409,185,1,5.0
10410,497,110,3.5
10411,416,12,4.5
10412,105,21,5.0
10413,183,117,5.0
10414,8,15,5.0
10415,120,28,3.5
10416,197,42,4.5
10417,454,1,5.0
10418,391,37,4.0
10419,468,120,4.5
10420,275,89,4.5
10421,223,131,4.0
10422,323,126,5.0
10423,36,18,4.0
10424,98,14,3.5
10425,239,133,5.0
10426,313,25,4.5
10427,70,40,5.0
10428,260,68,4.5
10429,65,123,5.0
10430,257,105,5.0
10431,380,108,4.5
10432,478,132,4.5
10433,442,2,4.5
10434,71,133,4.0
10435,419,13,4.5
10436,196,125,4.0
10437,199,110,4.5
10438,45,130,4.0
10439,419,85,4.5
10440,348,116,5.0
10441,26,104,4.5
10442,378,19,5.0
10443,16,68,5.0
10444,52,115,5.0
10445,147,75,4.5
10446,86,48,4.5
10447,457,8,5.0
10448,363,8,4.5
10449,268,72,5.0
10450,80,44,5.0
10451,196,86,4.5
10452,349,29,5.0
10453,160,60,5.0
10454,165,15,5.0
10455,74,81,5.0
10456,476,114,4.0
10457,347,118,5.0
10458,295,8,5.0
10459,58,50,5.0
10460,186,14,5.0
10461,367,97,5.0
10462,449,114,4.5
10463,357,17,3.5
10464,201,7,5.0
10465,429,119,5.0
10466,94,43,5.0
10467,160,83,5.0
10468,492,50,5.0
10469,176,51,5.0
10470,102,114,4.0
10471,41,121,4.5
10472,97,21,3.5
10473,380,53,4.0
10474,45,118,4.5
10475,98,85,4.5
10476,141,114,5.0
10477,84,21,5.0
10478,498,7,5.0
10479,420,105,4.0
10480,249,71,3.0
10481,254,90,5.0
10482,191,97,4.5
10483,101,26,4.0
10484,410,3,5.0
10485,422,10,5.0
10486,221,92,4.0
10487,208,132,4.0
10488,15,88,3.5
10489,396,37,4.5
10490,73,70,5.0
10491,419,50,5.0
10492,23,40,5.0
10493,43,88,4.5
10494,20,35,4.0
10495,194,66,5.0
10496,262,63,4.5
10497,146,3,5.0
10498,107,125,4.0
10499,427,75,3.5
10500,89,60,5.0
10501,433,102,5.0
10502,157,87,4.0
10503,377,84,5.0
10504,341,75,5.0
10505,67,36,4.5
10506,73,95,3.0
10507,473,88,4.5
10508,367,133,4.5
10509,287,95,2.5
10510,47,69,5.0
10511,80,36,5.0
10512,310,48,5.0
10513,307,96,4.5
10514,88,55,5.0
10515,471,52,4.5
10516,424,94,4.0
10517,497,64,5.0
10518,217,13,4.5
10519,345,76,5.0
10520,156,37,3.5
10521,461,30,4.5
10522,39,90,3.5
10523,228,16,5.0
10524,450,121,4.5
10525,435,73,3.0
10526,381,123,5.0
10527,303,80,5.0
10528,3,228,4.5
10529,179,90,5.0
10530,151,88,4.0
10531,352,58,4.5
10532,265,120,5.0
10533,309,29,5.0
10534,298,70,5.0
10535,319,100,5.0
10536,341,45,4.5
10537,255,45,5.0
10538,17,98,4.0
10539,260,69,3.5
10540,498,109,4.0
10541,335,105,4.0
10542,394,49,5.0
10543,193,39,4.0
10544,274,59,5.0
10545,116,57,4.5
10546,324,5,5.0
10547,57,115,5.0
10548,87,92,5.0
10549,402,23,3.0
10550,434,3,5.0
10551,401,88,5.0
10552,467,93,4.5
10553,254,82,5.0
10554,37,72,4.0
10555,74,100,3.5
10556,323,61,5.0
10557,398,34,5.0
10558,34,109,4.0
10559,421,115,5.0
10560,432,75,4.0
10561,460,90,4.5
10562,161,1,5.0
10563,429,85,5.0
10564,314,85,4.0
10565,41,47,4.5
10566,356,57,5.0
10567,391,14,5.0
10568,250,52,4.5
10569,104,108,5.0
10570,319,93,4.0
10571,471,56,5.0
10572,239,5,5.0
10573,159,85,5.0
10574,70,60,4.0
10575,178,27,5.0
10576,57,55,4.0
10577,118,109,4.5
10578,358,112,3.0
10579,28,25,4.5
10580,147,129,4.5
10581,360,49,4.0
10582,254,93,4.0
10583,20,47,5.0
10584,91,128,3.0
10585,139,131,4.5
10586,371,92,3.5
10587,485,132,4.0
10588,248,78,4.5
10589,49,21,5.0
10590,141,81,5.0
10591,170,91,5.0
10592,325,105,4.5
10593,182,126,4.0
10594,86,124,4.5
10595,28,93,5.0
10596,418,109,4.0
10597,480,53,4.5
10598,255,50,5.0
10599,212,44,5.0
10600,490,74,5.0
10601,44,108,4.5
10602,28,76,5.0
10603,253,104,4.5
10604,70,116,4.5
10605,260,120,5.0
10606,360,127,5.0
10607,451,88,4.0
10608,132,27,5.0
10609,22,93,4.0
10610,268,17,4.5
10611,71,12,4.5
10612,496,127,3.5
10613,53,78,4.0
10614,454,25,3.5
10615,358,51,5.0
10616,448,69,4.0
10617,201,36,5.0
10618,310,74,4.0
10619,209,14,4.5
10620,291,32,4.5
10621,17,53,4.5
10622,491,107,4.0
10623,314,105,4.5
10624,249,36,5.0
10625,62,40,5.0
10626,405,83,5.0
10627,196,111,3.5
10628,362,128,2.5
10629,465,17,5.0
10630,387,104,4.0
10631,171,68,5.0
10632,344,8,4.5
10633,429,4,4.5
10634,321,39,5.0
10635,148,27,4.0
10636,17,87,4.5
10637,9,122,4.0
10638,487,2,4.0
10639,486,52,4.5
10640,213,14,5.0
10641,133,42,5.0
10642,382,23,4.0
10643,291,15,3.0
10644,28,69,5.0
10645,166,4,5.0
10646,209,26,4.5
10647,102,80,5.0
10648,254,15,5.0
10649,13,53,5.0
10650,279,89,5.0
10651,17,108,4.5
10652,495,64,4.0
10653,402,99,5.0
10654,187,44,5.0
10655,416,115,4.0
10656,35,51,5.0
10657,208,9,5.0
10658,305,95,4.5
10659,491,102,4.0
10660,306,74,4.5
10661,166,129,5.0
10662,381,76,5.0
10663,79,129,5.0
10664,164,34,4.0
10665,18,92,4.5
10666,239,9,5.0
10667,328,52,5.0
10668,353,106,5.0
10669,274,10,5.0
10670,124,87,4.0
10671,196,15,5.0
10672,479,57,4.0
10673,148,40,5.0
10674,373,33,5.0
10675,343,128,2.5
10676,472,103,5.0
10677,274,118,5.0
10678,464,36,5.0
10679,490,39,4.0
10680,329,60,4.5
10681,424,60,5.0
10682,146,100,5.0
10683,155,73,3.0
10684,230,101,4.0
10685,319,63,5.0
10686,49,89,4.0
10687,342,27,5.0
10688,164,121,4.5
10689,2,118,5.0
10690,435,1,4.5
10691,385,34,5.0
10692,30,122,5.0
10693,171,23,4.5
10694,186,58,4.0
10695,204,118,4.0
10696,209,38,4.5
10697,221,16,5.0
10698,3,86,5.0
10699,247,63,4.5
10700,166,47,5.0
10701,144,91,5.0
10702,62,108,4.5
10703,114,57,4.5
10704,166,15,5.0
10705,17,127,4.0
10706,1,98,5.0
10707,368,107,5.0
10708,277,14,5.0
10709,62,11,5.0
10710,379,32,4.5
10711,475,89,4.5
10712,191,85,5.0
10713,355,58,4.0
10714,313,52,4.5
10715,369,65,5.0
10716,438,133,5.0
10717,17,116,5.0
10718,428,41,5.0
10719,111,66,4.5
10720,189,59,4.0
10721,44,76,4.0
10722,361,21,5.0
10723,336,17,5.0
10724,93,50,4.0
10725,184,72,3.5
10726,232,59,4.0
10727,58,25,5.0
10728,478,110,4.0
10729,439,5,5.0
10730,273,97,4.5
10731,74,116,5.0
10732,453,125,4.5
10733,409,131,4.0
10734,399,45,5.0
10735,418,113,4.5
10736,30,47,4.0
10737,188,17,5.0
10738,74,134,4.5
10739,113,80,5.0
10740,111,7,5.0
10741,311,68,4.5
10742,146,66,5.0
10743,317,56,4.0
10744,286,93,5.0
10745,287,34,5.0
10746,415,127,4.0
10747,32,130,5.0
10748,68,78,5.0
10749,438,70,5.0
10750,454,62,5.0
10751,183,110,5.0
10752,119,86,4.0
10753,340,51,4.5
10754,270,97,4.5
10755,32,3,4.0
10756,199,112,5.0
10757,125,1,5.0
10758,320,122,5.0
10759,77,110,5.0
10760,45,65,4.0
10761,77,50,5.0
10762,244,60,4.5
10763,349,108,4.5
10764,278,102,5.0
10765,161,130,5.0
10766,53,65,5.0
10767,305,134,3.0
10768,399,56,4.0
10769,468,64,5.0
10770,49,29,5.0
10771,407,91,4.5
10772,256,28,5.0
10773,490,52,5.0
10774,278,70,4.0
10775,254,64,5.0
10776,25,2,5.0
10777,351,28,5.0
10778,419,132,3.5
10779,12,78,4.0
10780,16,46,5.0
10781,80,81,5.0
10782,373,115,5.0
10783,291,72,4.5
10784,340,50,5.0
10785,407,65,5.0
10786,191,23,4.0
10787,324,83,5.0
10788,304,69,5.0
10789,339,16,5.0
10790,364,89,4.5
10791,481,39,4.0
10792,436,57,5.0
10793,376,33,5.0
10794,344,117,4.5
10795,236,119,4.5
10796,136,131,5.0
10797,369,89,5.0
10798,147,126,5.0
10799,222,28,5.0
10800,81,59,4.5
10801,252,72,5.0
10802,103,125,5.0
10803,481,61,4.0
10804,423,9,5.0
10805,347,108,4.0
10806,277,101,5.0
10807,109,57,4.5
10808,41,114,5.0
10809,115,84,5.0
10810,116,38,5.0
10811,398,132,4.5
10812,117,111,4.5
10813,276,45,5.0
10814,260,67,5.0
10815,184,14,5.0
10816,410,112,5.0
10817,270,104,5.0
10818,355,84,5.0
10819,442,27,4.5
10820,19,77,5.0
10821,228,104,5.0
10822,328,30,5.0
10823,164,46,5.0
10824,448,91,5.0
10825,301,9,5.0
10826,435,59,4.5
10827,287,28,4.5
10828,492,30,3.5
10829,307,21,5.0
10830,112,27,5.0
10831,377,44,4.5
10832,166,104,5.0
10833,493,41,5.0
10834,100,127,4.5
10835,229,22,4.0
10836,381,108,5.0
10837,349,107,5.0
10838,204,43,4.5
10839,169,69,4.5
10840,198,92,5.0
10841,325,31,5.0
10842,467,68,4.5
10843,403,94,4.0
10844,344,76,4.0
10845,387,48,4.5
10846,24,28,4.5
10847,342,123,5.0
10848,248,95,4.5
10849,90,98,4.0
10850,418,117,5.0
10851,405,81,5.0
10852,188,85,5.0
10853,429,97,5.0
10854,102,68,4.5
10855,164,6,3.5
10856,322,2,5.0
10857,211,41,4.5
10858,392,39,4.0
10859,255,59,4.5
10860,58,30,4.5
10861,35,85,4.0
10862,442,98,5.0
10863,16,42,5.0
10864,226,98,3.5
10865,75,109,5.0
10866,448,124,5.0
10867,288,15,4.5
10868,112,52,4.5
10869,73,89,5.0
10870,159,119,4.0
10871,396,78,4.5
10872,280,49,5.0
10873,449,49,5.0
10874,474,34,4.5
10875,72,11,5.0
10876,257,61,5.0
10877,45,99,5.0
10878,8,44,4.5
10879,110,43,5.0
10880,119,22,4.5
10881,120,77,4.5
10882,261,5,5.0
10883,363,44,4.5
10884,107,17,3.5
10885,120,37,4.0
10886,32,56,4.5
10887,361,2,4.5
10888,51,79,4.5
10889,34,16,5.0
10890,208,80,4.5
10891,123,18,4.5
10892,14,76,5.0
10893,264,5,4.0
10894,124,74,5.0
10895,278,46,5.0
10896,23,69,4.0
10897,387,108,5.0
10898,70,6,4.0
10899,248,132,4.5
10900,324,93,4.5
10901,267,27,5.0
10902,27,36,4.5
10903,112,79,5.0
10904,243,20,3.0
10905,131,79,5.0
10906,255,85,5.0
10907,373,52,5.0
10908,69,61,4.5
10909,124,33,3.5
10910,125,105,5.0
10911,153,66,5.0
10912,180,56,5.0
10913,409,114,5.0
10914,247,25,5.0
10915,323,122,5.0
10916,341,100,4.5
10917,194,106,4.0
10918,200,55,4.5
10919,7,98,4.5
10920,229,95,3.5
10921,150,53,4.5
10922,23,4,5.0
10923,317,10,5.0
10924,290,65,5.0
10925,249,99,5.0
10926,231,55,4.5
10927,268,109,3.5
10928,33,64,4.5
10929,377,1,4.5
10930,335,50,4.0
10931,202,111,5.0
10932,104,70,5.0
10933,442,122,5.0
10934,259,31,4.5
10935,382,132,4.0
10936,33,66,5.0
10937,221,65,4.5
10938,310,133,4.5
10939,120,125,4.0
10940,225,104,5.0
10941,57,17,3.5
10942,325,15,5.0
10943,407,119,4.5
10944,372,110,5.0
10945,343,125,4.0
10946,299,124,5.0
10947,207,43,5.0
10948,244,99,4.0
10949,461,10,5.0
10950,16,23,4.0
10951,494,67,4.0
10952,248,71,3.5
10953,235,55,5.0
10954,175,126,4.5
10955,116,133,4.5
10956,213,7,5.0
10957,102,10,4.0
10958,212,53,4.5
10959,287,86,5.0
10960,5,11,4.5
10961,258,89,4.5
10962,182,83,4.5
10963,77,128,3.0
10964,96,115,5.0
10965,153,105,5.0
10966,164,11,5.0
10967,312,2,4.0
10968,380,56,5.0
10969,182,56,3.5
10970,489,93,5.0
10971,195,3,5.0
10972,479,129,5.0
10973,297,14,4.5
10974,182,48,3.5
10975,439,30,4.0
10976,436,22,3.5
10977,178,36,5.0
10978,314,20,4.5
10979,309,83,4.0
10980,428,15,5.0
10981,296,61,5.0
10982,187,7,4.5
10983,317,68,4.5
10984,208,21,4.0
10985,58,122,4.5
10986,435,43,4.5
10987,274,53,4.5
10988,31,82,4.5
10989,361,116,4.5
10990,346,34,4.5
10991,51,101,4.5
10992,492,44,4.0
10993,123,27,5.0
10994,429,121,5.0
10995,179,47,4.0
10996,155,27,5.0
10997,164,14,5.0
10998,240,128,2.5
10999,78,133,5.0
11000,56,61,5.0
11001,351,134,5.0
11002,72,91,5.0
11003,367,95,4.5
11004,368,66,5.0
11005,234,111,5.0
11006,447,3,4.5
11007,314,15,5.0
11008,435,128,4.0
11009,164,10,3.5
11010,138,130,5.0
11011,309,134,4.0
11012,168,33,4.0
11013,419,76,5.0
11014,184,62,5.0
11015,101,128,3.0
11016,441,29,5.0
11017,121,87,5.0
11018,45,88,4.5
11019,369,67,5.0
11020,242,94,4.0
11021,488,119,4.0
11022,23,74,3.5
11023,347,36,4.0
11024,158,8,5.0
11025,28,66,4.5
11026,353,74,4.5
11027,443,46,5.0
11028,171,84,4.5
11029,344,101,5.0
11030,304,17,4.0
11031,5,69,4.0
11032,250,104,5.0
11033,379,1,5.0
11034,377,98,5.0
11035,186,53,4.0
11036,420,100,5.0
11037,245,129,5.0
11038,445,23,4.5
11039,138,132,4.0
11040,87,102,4.0
11041,81,52,3.5
11042,192,17,5.0
11043,479,130,5.0
11044,261,130,4.5
11045,166,17,4.0
11046,426,43,5.0
11047,479,32,5.0
11048,194,11,4.5
11049,62,32,5.0
11050,495,80,3.5
11051,60,29,5.0
11052,498,35,4.0
11053,269,38,4.5
11054,397,7,5.0
11055,342,63,4.5
11056,93,68,4.5
11057,393,29,5.0
11058,27,129,3.5
11059,280,35,4.0
11060,273,115,4.0
11061,211,81,5.0
11062,142,48,3.5
11063,363,39,5.0
11064,419,83,5.0
11065,44,12,4.0
11066,255,5,5.0
11067,455,33,4.5
11068,171,3,5.0
11069,133,67,3.5
11070,73,86,4.5
11071,191,41,4.5
11072,465,29,5.0
11073,349,2,5.0
11074,141,37,5.0
11075,197,100,5.0
11076,290,25,3.5
11077,420,108,4.0
11078,493,9,5.0
11079,328,94,5.0
11080,443,60,5.0
11081,316,25,4.5
11082,285,30,5.0
11083,281,88,5.0
11084,72,50,5.0
11085,414,106,4.5
11086,420,132,4.5
11087,149,18,4.0
11088,244,51,5.0
11089,186,102,5.0
11090,466,127,4.5
11091,253,111,4.5
11092,88,66,5.0
11093,431,128,2.5
11094,29,63,5.0
11095,431,101,5.0
11096,206,34,5.0
11097,66,26,5.0
11098,236,74,4.5
11099,431,21,5.0
11100,263,69,5.0
11101,419,94,4.0
11102,176,103,4.5
11103,253,109,5.0
11104,364,111,4.5
11105,394,26,4.5
11106,229,118,4.5
11107,129,78,4.5
11108,31,35,4.5
11109,274,99,4.5
11110,240,100,4.5
11111,425,31,4.5
11112,358,91,5.0
11113,171,112,5.0
11114,42,15,4.5
11115,475,124,5.0
11116,52,125,4.0
11117,247,88,3.5
11118,258,58,5.0
11119,417,90,4.0
11120,121,61,5.0
11121,383,78,5.0
11122,197,10,5.0
11123,205,34,5.0
11124,152,76,4.0
11125,442,34,5.0
11126,203,68,5.0
11127,29,130,5.0
11128,15,106,3.0
11129,499,133,4.0
11130,194,51,5.0
11131,141,28,3.0
11132,144,57,5.0
11133,283,3,5.0
11134,76,60,5.0
11135,167,112,5.0
11136,485,62,4.5
11137,110,116,5.0
11138,316,52,4.5
11139,57,96,4.5
11140,376,61,5.0
11141,344,90,5.0
11142,372,83,3.5
11143,199,86,5.0
11144,273,84,5.0
11145,135,133,4.0
11146,195,10,5.0
11147,40,106,4.5
11148,200,25,4.5
11149,364,132,3.0
11150,463,55,4.5
11151,244,110,4.5
11152,448,24,4.0
11153,33,123,5.0
11154,349,78,4.0
11155,286,89,5.0
11156,395,76,5.0
11157,145,88,4.0
11158,293,34,5.0
11159,153,21,4.5
11160,261,66,4.5
11161,490,48,4.5
11162,350,64,5.0
11163,254,7,5.0
11164,255,28,5.0
11165,401,37,4.5
11166,167,108,5.0
11167,405,126,4.5
11168,36,85,5.0
11169,324,28,3.5
11170,369,58,5.0
11171,426,52,3.5
11172,22,104,5.0
11173,354,85,5.0
11174,201,121,5.0
11175,15,20,5.0
11176,436,27,4.5
11177,22,51,5.0
11178,190,33,4.0
11179,324,107,5.0
11180,148,16,4.0
11181,481,106,4.5
11182,136,12,5.0
11183,31,41,5.0
11184,496,92,4.5
11185,104,41,5.0
11186,247,92,5.0
11187,338,29,5.0
11188,57,128,2.5
11189,116,43,5.0
11190,138,82,5.0
11191,463,98,4.5
11192,152,27,4.5
11193,355,92,4.5
11194,87,59,4.5
11195,417,78,5.0
11196,220,14,5.0
11197,242,130,4.5
11198,264,72,4.5
11199,9,101,4.5
11200,47,117,5.0
11201,117,53,5.0
11202,389,103,4.0
11203,296,14,4.5
11204,117,65,5.0
11205,48,53,4.0
11206,286,120,4.5
11207,189,88,4.5
11208,426,47,5.0
11209,457,101,5.0
11210,497,30,4.0
11211,355,124,3.5
11212,351,67,5.0
11213,85,46,5.0
11214,379,59,5.0
11215,485,123,5.0
11216,270,86,4.5
11217,136,16,5.0
11218,248,85,5.0
11219,12,110,3.5
11220,136,37,5.0
11221,280,19,3.5
11222,352,100,4.0
11223,43,8,5.0
11224,21,51,5.0
11225,199,8,5.0
11226,296,30,4.5
11227,458,100,4.5
11228,254,107,4.5
11229,402,59,5.0
11230,136,21,4.5
11231,369,54,5.0
11232,449,50,4.5
11233,223,25,5.0
11234,165,122,3.5
11235,196,89,5.0
11236,17,79,5.0
11237,398,84,4.0
11238,411,101,4.5
11239,486,48,4.0
11240,303,105,3.5
11241,379,50,4.5
11242,57,81,4.0
11243,142,108,5.0
11244,135,129,3.0
11245,223,90,5.0
11246,418,55,3.5
11247,148,93,4.5
11248,79,49,5.0
11249,64,3,4.5
11250,460,116,5.0
11251,206,123,4.5
11252,302,72,4.0
11253,216,41,5.0
11254,190,45,4.0
11255,38,4,4.5
11256,86,36,5.0
11257,314,7,5.0
11258,375,82,4.5
11259,475,7,5.0
11260,455,97,4.5
11261,355,120,5.0
11262,224,116,5.0
11263,92,127,4.5
11264,130,3,5.0
11265,396,84,5.0
11266,159,43,5.0
11267,450,132,4.0
11268,212,21,5.0
11269,335,20,4.0
11270,177,50,4.5
11271,116,37,4.5
11272,16,129,4.0
11273,412,53,4.0
11274,482,116,5.0
11275,48,71,4.5
11276,255,96,5.0
11277,428,66,5.0
11278,166,37,4.5
11279,258,19,5.0
11280,245,134,4.0
11281,450,35,3.5
11282,229,49,5.0
11283,353,9,5.0
11284,414,29,3.5
11285,148,7,5.0
11286,16,109,4.0
11287,120,18,4.0
11288,62,64,5.0
11289,29,1,5.0
11290,153,31,5.0
11291,350,26,4.0
11292,294,40,4.0
11293,427,112,5.0
11294,88,30,5.0
11295,318,33,4.0
11296,230,130,5.0
11297,240,115,4.5
11298,492,42,5.0
11299,450,68,4.0
11300,435,133,5.0
11301,128,132,2.5
11302,422,9,4.0
11303,25,130,5.0
11304,492,80,4.5
11305,486,65,5.0
11306,146,56,5.0
11307,230,29,4.5
11308,196,101,4.5
11309,380,8,5.0
11310,405,23,4.0
11311,451,110,4.5
11312,54,41,5.0
11313,273,132,2.5
11314,17,104,5.0
11315,203,30,5.0
11316,205,48,4.0
11317,286,129,4.5
11318,358,70,5.0
11319,443,48,5.0
11320,80,54,5.0
11321,403,103,5.0
11322,15,119,5.0
11323,435,100,5.0
11324,363,15,5.0
11325,168,65,5.0
11326,358,67,4.5
11327,455,123,4.0
11328,294,102,5.0
11329,364,11,5.0
11330,4,57,5.0
11331,453,43,5.0
11332,469,67,5.0
11333,216,85,5.0
11334,422,59,5.0
11335,133,3,5.0
11336,307,93,3.5
11337,108,26,4.0
11338,121,85,5.0
11339,296,125,5.0
11340,85,99,4.5
11341,325,70,4.5
11342,403,67,5.0
11343,91,90,5.0
11344,441,100,4.5
11345,242,132,3.5
11346,152,16,4.5
11347,146,108,4.5
11348,381,18,3.5
11349,306,116,4.5
11350,341,130,5.0
11351,450,60,3.5
11352,458,114,5.0
11353,48,129,4.0
11354,451,37,4.5
11355,198,18,4.0
11356,13,68,4.5
11357,48,59,4.5
11358,1,139,5.0
11359,80,73,3.0
11360,124,60,4.0
11361,483,131,4.5
11362,259,19,4.5
11363,331,109,4.5
11364,210,118,5.0
11365,366,87,4.5
11366,268,30,5.0
11367,380,26,4.5
11368,365,111,4.5
11369,243,12,5.0
11370,261,90,4.0
11371,52,20,4.5
11372,153,65,4.5
11373,466,68,4.0
11374,247,32,5.0
11375,402,26,4.0
11376,330,41,4.5
11377,406,67,4.0
11378,403,118,5.0
11379,183,104,5.0
11380,123,36,5.0
11381,258,97,4.5
11382,295,133,5.0
11383,207,85,5.0
11384,324,48,4.5
11385,450,47,5.0
11386,267,120,5.0
11387,329,115,4.0
11388,44,124,4.5
11389,26,29,5.0
11390,260,130,5.0
11391,88,91,5.0
11392,416,5,5.0
11393,224,76,4.0
11394,428,86,5.0
11395,225,18,4.5
11396,143,129,4.5
11397,465,85,5.0
11398,298,71,5.0
11399,49,66,5.0
11400,442,80,4.5
11401,487,53,4.5
11402,125,32,4.5
11403,28,105,5.0
11404,237,49,5.0
11405,183,7,5.0
11406,29,98,3.0
11407,162,27,4.5
11408,158,76,4.5
11409,414,13,4.5
11410,432,21,4.0
11411,386,24,5.0
11412,480,100,5.0
11413,359,109,4.0
11414,447,48,4.0
11415,322,110,5.0
11416,491,53,5.0
11417,357,127,4.5
11418,488,8,4.0
11419,254,30,5.0
11420,296,54,4.5
11421,280,24,5.0
11422,260,112,3.0
11423,122,77,5.0
11424,419,4,5.0
11425,68,60,4.5
11426,74,49,3.5
11427,178,92,4.5
11428,44,89,5.0
11429,22,32,4.5
11430,36,55,4.5
11431,357,69,5.0
11432,441,120,5.0
11433,473,122,5.0
11434,248,76,5.0
11435,471,12,5.0
11436,16,77,5.0
11437,336,12,4.0
11438,17,48,3.5
11439,151,48,5.0
11440,277,8,4.5
11441,24,53,5.0
11442,61,122,4.5
11443,77,43,4.0
11444,22,35,3.0
11445,396,43,4.5
11446,240,3,4.5
11447,266,78,5.0
11448,359,114,4.5
11449,120,102,4.5
11450,414,123,4.5
11451,104,4,4.5
11452,315,105,4.5
11453,256,60,5.0
11454,256,78,3.5
11455,33,95,4.0
11456,323,30,5.0
11457,174,79,4.0
11458,194,37,4.5
11459,373,123,5.0
11460,280,128,3.5
11461,358,122,3.5
11462,93,61,4.5
11463,102,36,3.5
11464,210,1,5.0
11465,259,21,5.0
11466,4,33,5.0
11467,345,77,4.5
11468,212,100,4.5
11469,212,17,4.5
11470,196,70,5.0
11471,467,102,4.0
11472,108,38,4.5
11473,264,1,4.0
11474,2,127,4.0
11475,305,39,5.0
11476,306,107,5.0
11477,48,93,4.5
11478,75,65,5.0
11479,265,69,5.0
11480,123,90,4.5
11481,191,13,5.0
11482,134,13,5.0
11483,133,79,4.5
11484,380,68,3.5
11485,23,76,4.5
11486,455,69,4.0
11487,58,80,5.0
11488,68,84,3.0
11489,480,107,5.0
11490,280,43,4.0
11491,387,15,4.0
11492,146,47,5.0
11493,70,25,5.0
11494,398,86,4.5
11495,163,37,5.0
11496,442,101,4.0
11497,386,131,5.0
11498,67,98,4.0
11499,260,57,5.0
11500,447,105,5.0
11501,164,62,4.5
11502,307,45,4.5
11503,36,62,3.5
11504,156,27,4.5
11505,349,74,4.0
11506,318,70,5.0
11507,47,90,4.0
11508,396,70,4.0
11509,367,23,4.5
11510,492,38,5.0
11511,497,125,4.5
11512,296,71,3.5
11513,343,122,5.0
11514,349,87,5.0
11515,321,54,5.0
11516,430,63,5.0
11517,380,40,4.0
11518,317,58,5.0
11519,194,80,5.0
11520,74,25,4.5
11521,13,9,5.0
11522,193,87,5.0
11523,315,102,5.0
11524,177,63,4.5
11525,167,10,4.5
11526,54,113,4.0
11527,311,22,4.5
11528,354,31,5.0
11529,251,64,5.0
11530,74,63,4.5
11531,417,57,5.0
11532,309,98,4.0
11533,396,122,4.5
11534,194,5,4.5
11535,273,67,5.0
11536,197,87,4.5
11537,57,30,4.0
11538,328,132,4.0
11539,296,29,3.0
11540,312,118,4.5
11541,260,123,5.0
11542,125,46,5.0
11543,465,122,5.0
11544,69,16,3.5
11545,197,63,5.0
11546,355,89,5.0
11547,131,23,4.5
11548,169,127,5.0
11549,188,90,5.0
11550,475,34,4.0
11551,317,107,5.0
11552,313,79,5.0
11553,328,109,4.0
11554,221,28,4.5
11555,357,122,4.5
11556,240,35,4.0
11557,18,14,4.5
11558,389,54,5.0
11559,231,38,5.0
11560,222,67,5.0
11561,105,43,5.0
11562,20,95,4.0
11563,195,2,4.5
11564,194,102,4.0
11565,421,132,4.0
11566,375,106,4.0
11567,18,105,4.0
11568,303,92,5.0
11569,449,28,5.0
11570,224,110,5.0
11571,230,69,5.0
11572,375,41,5.0
11573,428,80,4.5
11574,260,89,5.0
11575,168,76,5.0
11576,456,102,4.0
11577,494,117,4.5
11578,259,33,5.0
11579,19,46,5.0
11580,171,95,4.5
11581,384,5,4.5
11582,105,69,5.0
11583,380,17,4.5
11584,141,102,4.5
11585,295,106,5.0
11586,484,21,4.5
11587,262,110,5.0
11588,188,43,5.0
11589,74,14,3.5
11590,441,33,4.5
11591,87,37,5.0
11592,86,128,3.0
11593,286,117,4.0
11594,95,17,3.5
11595,398,117,4.5
11596,116,97,5.0
11597,9,88,4.5
11598,173,94,5.0
11599,417,62,4.5
11600,334,52,5.0
11601,80,26,4.5
11602,484,41,5.0
11603,55,91,5.0
11604,203,134,5.0
11605,317,103,5.0
11606,420,9,4.0
11607,348,102,5.0
11608,485,109,4.0
11609,476,14,5.0
11610,200,77,4.0
11611,258,78,4.0
11612,213,38,5.0
11613,54,90,5.0
11614,204,111,3.5
11615,295,13,5.0
11616,492,121,4.0
11617,439,17,4.5
11618,392,53,5.0
11619,295,64,5.0
11620,376,70,5.0
11621,99,26,4.0
11622,369,45,3.5
11623,99,23,3.0
11624,398,82,4.5
11625,244,42,5.0
11626,367,38,5.0
11627,115,107,5.0
11628,463,28,4.5
11629,260,19,5.0
11630,13,48,5.0
11631,77,49,5.0
11632,53,124,4.0
11633,44,74,4.5
11634,379,54,5.0
11635,63,107,4.5
11636,118,133,4.5
11637,477,48,4.0
11638,315,48,5.0
11639,131,58,5.0
11640,175,107,4.5
11641,386,97,4.5
11642,386,132,3.0
11643,394,53,5.0
11644,59,67,4.0
11645,138,114,4.0
11646,77,117,5.0
11647,48,126,3.5
11648,229,57,4.5
11649,240,18,3.5
11650,29,35,4.0
11651,463,44,5.0
11652,458,81,4.0
11653,243,96,4.0
11654,444,132,3.5
11655,58,95,4.5
11656,313,8,5.0
11657,54,116,5.0
11658,402,68,4.5
11659,455,16,5.0
11660,387,64,5.0
11661,134,3,5.0
11662,337,1,4.0
11663,412,5,4.5
11664,434,90,4.5
11665,232,88,3.0
11666,417,134,3.5
11667,56,87,4.0
11668,277,36,4.5
11669,331,39,5.0
11670,53,16,4.0
11671,233,68,5.0
11672,341,7,5.0
11673,453,10,4.0
11674,325,77,4.0
11675,136,123,5.0
11676,182,96,3.5
11677,464,78,4.5
11678,247,33,4.0
11679,103,61,4.5
11680,179,85,5.0
11681,97,126,5.0
11682,294,121,4.5
11683,265,19,4.0
11684,260,52,4.5
11685,289,49,3.5
11686,222,106,4.0
11687,496,114,5.0
11688,36,68,5.0
11689,393,103,5.0
11690,462,10,4.0
11691,498,115,5.0
11692,149,93,4.0
11693,62,70,4.5
11694,353,131,4.0
11695,120,86,5.0
11696,239,96,5.0
11697,15,11,4.0
11698,165,108,4.5
11699,110,69,5.0
11700,265,43,4.5
11701,27,57,4.0
11702,119,63,4.0
11703,474,72,4.5
11704,101,32,4.5
11705,130,64,5.0
11706,265,108,5.0
11707,153,61,4.5
11708,152,116,4.5
11709,292,53,4.5
11710,151,84,5.0
11711,311,57,5.0
11712,65,52,5.0
11713,167,69,4.5
11714,209,105,4.0
11715,146,110,4.5
11716,131,87,4.5
11717,435,35,3.0
11718,324,94,4.5
11719,19,66,5.0
11720,12,41,4.5
11721,308,89,5.0
11722,242,105,4.0
11723,196,43,5.0
11724,213,88,4.0
11725,84,69,5.0
11726,468,90,4.5
11727,465,2,4.0
11728,228,24,5.0
11729,255,14,5.0
11730,392,133,5.0
11731,137,110,4.0
11732,458,99,5.0
11733,353,20,5.0
11734,218,21,5.0
11735,427,44,3.5
11736,365,92,5.0
11737,165,124,5.0
11738,274,38,5.0
11739,124,96,5.0
11740,10,83,4.5
11741,44,72,4.5
11742,364,24,5.0
11743,280,102,4.5
11744,281,56,4.5
11745,472,111,5.0
11746,491,116,5.0
11747,420,110,5.0
11748,29,93,4.5
11749,323,19,4.5
11750,277,83,5.0
11751,198,106,4.5
11752,490,42,4.5
11753,325,60,5.0
11754,467,9,5.0
11755,299,125,4.5
11756,377,3,4.0
11757,122,122,4.5
11758,26,73,3.5
11759,70,15,5.0
11760,109,81,4.5
11761,20,94,4.0
11762,225,122,4.5
11763,324,32,5.0
11764,250,16,5.0
11765,161,73,3.0
11766,10,40,4.5
11767,436,56,4.5
11768,464,18,4.5
11769,298,18,5.0
11770,57,27,4.0
11771,264,132,4.0
11772,207,106,4.5
11773,236,12,5.0
11774,350,4,5.0
11775,223,52,4.5
11776,456,24,4.5
11777,483,122,4.5
11778,451,62,5.0
11779,350,25,4.5
11780,88,128,3.5
11781,351,114,4.5
11782,12,49,5.0
11783,201,9,5.0
11784,192,46,5.0
11785,131,88,4.5
11786,444,35,4.0
11787,297,9,5.0
11788,150,50,4.5
11789,405,64,4.0
11790,123,34,5.0
11791,61,32,5.0
11792,264,86,5.0
11793,319,70,4.0
11794,384,41,5.0
11795,46,60,3.5
11796,36,78,5.0
11797,331,36,4.5
11798,160,55,4.0
11799,427,37,4.0
11800,331,41,4.0
11801,100,126,4.5
11802,20,45,4.5
11803,496,38,5.0
11804,328,102,5.0
11805,485,8,5.0
11806,189,18,4.5
11807,261,6,4.5
11808,152,72,5.0
11809,437,38,5.0
11810,131,24,5.0
11811,13,60,4.5
11812,373,125,4.5
11813,367,5,5.0
11814,150,127,4.5
11815,318,21,4.0
11816,440,96,5.0
11817,422,98,5.0
11818,157,58,4.5
11819,338,36,4.5
11820,177,101,4.5
11821,486,129,5.0
11822,380,32,5.0
11823,323,23,4.5
11824,248,80,4.5
11825,418,73,4.0
11826,140,133,4.5
11827,183,86,5.0
11828,114,87,5.0
11829,31,95,3.5
11830,103,113,5.0
11831,105,81,5.0
11832,378,121,3.0
11833,261,94,4.0
11834,242,125,5.0
11835,329,1,4.5
11836,245,48,5.0
11837,277,81,4.5
11838,168,93,4.0
11839,435,82,5.0
11840,84,96,4.5
11841,482,72,4.0
11842,206,129,4.5
11843,54,53,4.0
11844,53,62,5.0
11845,435,124,3.5
11846,404,69,3.0
11847,213,33,4.5
11848,169,83,4.0
11849,35,7,4.5
11850,112,49,4.5
11851,169,40,4.5
11852,365,100,4.5
11853,379,52,4.5
11854,486,131,4.5
11855,339,17,3.5
11856,34,21,5.0
11857,147,29,5.0
11858,497,128,2.5
11859,61,118,5.0
11860,168,38,5.0
11861,124,91,4.5
11862,471,55,4.0
11863,362,4,4.0
11864,365,123,4.5
11865,214,124,4.5
11866,423,3,5.0
11867,255,79,4.5
11868,482,7,4.0
11869,167,53,5.0
11870,420,60,5.0
11871,22,40,5.0
11872,64,62,5.0
11873,442,64,5.0
11874,300,54,3.5
11875,392,68,4.5
11876,497,28,3.5
11877,328,34,5.0
11878,243,17,5.0
11879,231,126,5.0
11880,500,117,4.0
11881,19,3,5.0
11882,447,133,5.0
11883,484,61,5.0
11884,24,52,4.0
11885,460,87,5.0
11886,268,34,4.5
11887,429,101,4.5
11888,7,44,4.5
11889,458,13,5.0
11890,277,28,4.5
11891,97,73,3.0
11892,454,88,3.5
11893,178,86,4.0
11894,185,49,5.0
11895,420,18,4.0
11896,146,19,5.0
11897,341,74,4.5
11898,414,53,4.5
11899,320,110,4.5
11900,370,15,4.0
11901,368,61,5.0
11902,129,84,4.0
11903,351,73,3.5
11904,448,64,5.0
11905,433,88,5.0
11906,459,63,5.0
11907,434,22,4.5
11908,458,40,4.0
11909,209,107,5.0
11910,381,46,4.0
11911,206,62,4.5
11912,315,11,4.5
11913,365,106,4.5
11914,33,8,5.0
11915,93,107,5.0
11916,245,72,5.0
11917,169,61,3.5
11918,245,69,5.0
11919,38,32,5.0
11920,315,106,5.0
11921,109,130,3.5
11922,398,106,4.5
11923,395,111,4.0
11924,250,78,4.5
11925,318,66,5.0
11926,382,94,4.5
11927,364,97,4.0
11928,65,12,4.5
11929,153,90,5.0
11930,196,30,4.5
11931,336,97,4.5
11932,39,75,5.0
11933,64,99,5.0
11934,497,26,4.5
11935,355,1,5.0
11936,479,16,4.5
11937,219,109,5.0
11938,239,3,5.0
11939,427,52,4.0
11940,367,49,5.0
11941,12,121,3.5
11942,137,62,5.0
11943,421,10,4.5
11944,95,53,4.0
11945,129,76,4.0
11946,4,107,4.5
11947,412,11,5.0
11948,324,73,1.5
11949,221,84,4.0
11950,451,59,4.0
11951,255,109,3.5
11952,479,76,4.5
11953,481,40,4.5
11954,314,61,5.0
11955,1,17,1.0
11956,324,36,5.0
11957,192,74,4.0
11958,432,65,4.5
11959,155,86,5.0
11960,108,107,3.5
11961,237,74,5.0
11962,160,133,5.0
11963,91,66,5.0
11964,478,5,5.0
11965,333,100,5.0
11966,103,87,5.0
11967,259,90,5.0
11968,140,23,4.5
11969,314,43,3.5
11970,435,5,5.0
11971,459,22,5.0
11972,360,126,5.0
11973,159,8,4.5
11974,141,43,5.0
11975,486,32,5.0
11976,137,101,5.0
11977,152,37,5.0
11978,190,108,4.5
11979,377,53,5.0
11980,355,94,4.5
11981,65,79,4.5
11982,279,7,5.0
11983,147,18,5.0
11984,214,101,4.5
11985,474,92,4.5
11986,237,96,3.5
11987,75,7,3.5
11988,419,74,4.5
11989,387,129,4.5
11990,183,112,5.0
11991,283,68,5.0
11992,302,29,4.5
11993,196,121,4.5
11994,287,58,5.0
11995,366,28,5.0
11996,248,88,4.5
11997,451,32,3.0
11998,43,37,4.0
11999,178,23,4.0
12000,240,81,5.0
12001,240,7,4.5
12002,447,45,4.0
12003,369,93,5.0
12004,245,41,5.0
12005,319,106,4.5
12006,335,124,4.5
12007,224,8,5.0
12008,468,92,4.5
12009,79,127,5.0
12010,165,63,5.0
12011,228,29,5.0
12012,99,78,5.0
12013,426,10,5.0
12014,451,95,4.0
12015,40,114,4.0
12016,222,121,4.5
12017,469,109,5.0
12018,400,37,5.0
12019,399,88,3.5
12020,30,109,4.5
12021,458,133,4.5
12022,499,19,4.0
12023,114,113,4.0
12024,348,19,5.0
12025,26,107,4.5
12026,305,58,3.5
12027,414,63,5.0
12028,352,13,5.0
12029,423,18,4.5
12030,456,89,4.5
12031,26,28,5.0
12032,270,75,4.0
12033,200,49,4.5
12034,34,117,5.0
12035,210,122,4.0
12036,401,98,3.5
12037,88,119,5.0
12038,8,7,5.0
12039,31,111,4.5
12040,311,126,3.5
12041,258,53,5.0
12042,94,92,4.0
12043,157,12,4.5
12044,22,19,5.0
12045,109,112,4.0
12046,473,44,5.0
12047,348,11,5.0
12048,264,111,5.0
12049,224,121,5.0
12050,209,51,5.0
12051,279,4,5.0
12052,166,58,4.0
12053,272,16,4.0
12054,245,78,5.0
12055,16,87,5.0
12056,41,25,5.0
12057,79,67,5.0
12058,208,119,5.0
12059,435,30,5.0
12060,86,119,5.0
12061,442,21,4.5
12062,74,85,5.0
12063,52,47,4.5
12064,20,106,5.0
12065,29,36,5.0
12066,359,23,4.5
12067,223,56,4.5
12068,439,122,5.0
12069,434,93,4.5
12070,139,25,5.0
12071,271,42,3.5
12072,174,17,4.0
12073,353,56,4.5
12074,122,23,4.5
12075,330,115,4.5
12076,424,56,5.0
12077,238,71,5.0
12078,212,94,5.0
12079,394,94,5.0
12080,223,16,5.0
12081,79,18,3.5
12082,165,74,4.5
12083,231,68,5.0
12084,279,77,4.5
12085,375,18,3.5
12086,312,76,4.0
12087,139,115,4.5
12088,102,109,4.0
12089,426,132,4.0
12090,157,34,4.5
12091,263,84,5.0
12092,10,12,5.0
12093,499,30,5.0
12094,316,11,4.5
12095,162,28,4.5
12096,216,22,5.0
12097,270,76,4.5
12098,389,119,4.0
12099,194,50,5.0
12100,158,58,4.5
12101,233,2,4.5
12102,332,39,3.5
12103,126,71,4.5
12104,478,3,5.0
12105,387,125,5.0
12106,228,49,5.0
12107,30,19,4.0
12108,365,72,4.5
12109,332,80,4.5
12110,256,32,4.5
12111,119,97,5.0
12112,200,43,5.0
12113,316,32,5.0
12114,140,92,4.5
12115,151,69,4.5
12116,234,101,5.0
12117,77,10,5.0
12118,431,29,4.5
12119,79,6,5.0
12120,209,124,5.0
12121,336,60,4.0
12122,233,14,4.5
12123,460,81,4.0
12124,373,40,4.0
12125,187,9,4.0
12126,304,97,5.0
12127,413,68,4.5
12128,500,53,3.5
12129,347,71,5.0
12130,341,32,3.5
12131,483,103,4.5
12132,154,110,4.5
12133,161,101,5.0
12134,330,80,5.0
12135,12,3,4.5
12136,80,93,3.5
12137,316,42,5.0
12138,187,69,5.0
12139,151,8,4.0
12140,325,119,5.0
12141,240,15,5.0
12142,478,86,5.0
12143,99,81,4.5
12144,208,40,5.0
12145,51,40,5.0
12146,44,101,5.0
12147,230,93,4.5
12148,302,100,4.0
12149,64,5,4.0
12150,273,121,4.0
12151,153,80,4.5
12152,26,59,3.0
12153,327,87,4.5
12154,451,41,5.0
12155,365,118,4.5
12156,345,117,4.5
12157,294,56,4.5
12158,37,58,4.0
12159,213,19,4.5
12160,65,72,5.0
12161,105,134,5.0
12162,37,109,4.5
12163,423,61,5.0
12164,64,72,4.5
12165,255,82,4.5
12166,295,112,5.0
12167,458,132,3.0
12168,451,124,3.5
12169,250,95,4.0
12170,19,119,4.5
12171,5,127,4.5
12172,104,47,5.0
12173,379,112,5.0
12174,49,108,4.0
12175,396,42,5.0
12176,119,2,4.0
12177,351,101,4.5
12178,9,30,4.0
12179,461,111,4.5
12180,387,76,5.0
12181,425,1,5.0
12182,101,99,4.0
12183,458,3,4.5
12184,445,130,4.5
12185,463,92,4.5
12186,23,48,4.5
12187,412,126,5.0
12188,471,84,4.0
12189,374,4,4.5
12190,270,6,5.0
12191,206,2,5.0
12192,108,75,3.5
12193,49,105,5.0
12194,222,63,5.0
12195,334,122,5.0
12196,20,85,4.5
12197,315,40,4.5
12198,267,5,5.0
12199,66,28,4.5
12200,496,74,3.5
12201,369,104,4.0
12202,480,111,4.0
12203,336,101,5.0
12204,202,30,4.5
12205,88,98,4.0
12206,284,130,5.0
12207,223,23,4.0
12208,39,125,4.5
12209,317,53,3.5
12210,437,74,5.0
12211,84,129,4.5
12212,16,17,4.0
12213,416,98,4.5
12214,473,52,5.0
12215,190,82,5.0
12216,164,45,5.0
12217,456,121,5.0
12218,309,92,4.0
12219,49,31,5.0
12220,8,93,5.0
12221,354,39,5.0
12222,106,56,5.0
12223,80,125,4.0
12224,75,78,5.0
12225,201,126,4.0
12226,233,26,5.0
12227,31,124,5.0
12228,167,93,5.0
12229,392,96,4.5
12230,25,120,4.5
12231,443,105,4.5
12232,34,24,5.0
12233,497,120,5.0
12234,434,72,4.0
12235,300,97,4.5
12236,197,65,4.5
12237,159,89,5.0
12238,486,109,4.0
12239,136,91,5.0
12240,179,13,5.0
12241,149,44,4.5
12242,93,120,5.0
12243,210,119,5.0
12244,9,74,4.0
12245,62,112,5.0
12246,334,20,4.5
12247,99,56,5.0
12248,5,70,4.5
12249,380,118,4.0
12250,495,50,5.0
12251,309,23,4.5
12252,344,82,3.5
12253,116,2,5.0
12254,121,55,3.5
12255,42,71,4.5
12256,77,99,3.0
12257,12,33,4.5
12258,451,73,5.0
12259,476,47,4.0
12260,63,69,4.0
12261,10,66,4.0
12262,361,16,5.0
12263,78,10,5.0
12264,210,22,5.0
12265,425,28,5.0
12266,301,69,5.0
12267,117,92,5.0
12268,194,1,4.5
12269,394,7,5.0
12270,422,105,5.0
12271,355,7,5.0
12272,45,30,5.0
12273,124,93,4.5
12274,55,1,4.0
12275,76,91,5.0
12276,29,88,4.5
12277,78,3,4.0
12278,176,43,5.0
12279,116,134,4.5
12280,228,21,5.0
12281,476,15,4.0
12282,274,60,5.0
12283,122,105,5.0
12284,117,124,5.0
12285,449,78,5.0
12286,297,4,5.0
12287,261,125,3.0
12288,341,22,5.0
12289,103,93,5.0
12290,265,90,5.0
12291,181,71,4.0
12292,33,28,5.0
12293,366,38,3.5
12294,94,110,5.0
12295,387,79,4.5
12296,166,63,5.0
12297,394,121,4.5
12298,331,124,5.0
12299,309,74,3.5
12300,68,86,5.0
12301,106,7,4.5
12302,168,109,4.5
12303,430,87,4.0
12304,242,66,4.0
12305,408,64,5.0
12306,78,17,5.0
12307,456,104,5.0
12308,236,42,4.5
12309,4,198,4.0
12310,99,55,5.0
12311,448,19,5.0
12312,448,68,5.0
12313,423,92,4.5
12314,437,68,4.5
12315,128,78,5.0
12316,484,17,5.0
12317,210,34,4.5
12318,338,48,5.0
12319,5,97,4.5
12320,229,112,4.0
12321,200,101,5.0
12322,123,28,5.0
12323,150,100,5.0
12324,55,44,5.0
12325,223,134,4.5
12326,1,9,4.0
12327,423,56,5.0
12328,131,63,4.5
12329,465,94,5.0
12330,327,126,5.0
12331,175,52,4.5
12332,157,15,4.5
12333,133,109,5.0
12334,189,86,5.0
12335,37,67,5.0
12336,97,33,4.5
12337,231,20,4.0
12338,340,90,5.0
12339,151,30,5.0
12340,135,123,5.0
12341,369,110,5.0
12342,271,40,4.5
12343,271,108,4.5
12344,223,8,4.0
12345,397,28,5.0
12346,243,72,4.5
12347,269,59,5.0
12348,377,67,4.0
12349,481,88,4.0
12350,195,96,4.0
12351,255,131,4.5
12352,253,7,5.0
12353,74,95,3.5
12354,355,121,3.5
12355,460,71,3.5
12356,478,16,3.5
12357,490,10,3.5
12358,374,61,5.0
12359,117,25,4.5
12360,431,79,4.0
12361,199,51,4.0
12362,422,41,5.0
12363,141,9,4.5
12364,388,122,5.0
12365,282,98,4.0
12366,17,61,5.0
12367,15,25,5.0
12368,70,73,2.0
12369,496,67,4.0
12370,53,28,4.0
12371,472,115,4.5
12372,265,83,3.5
12373,464,109,4.5
12374,122,51,4.0
12375,318,43,5.0
12376,105,93,3.5
12377,98,73,3.5
12378,134,22,4.0
12379,166,49,5.0
12380,463,72,3.5
12381,35,4,4.0
12382,65,39,5.0
12383,262,41,5.0
12384,112,51,4.5
12385,350,83,5.0
12386,35,124,5.0
12387,436,41,5.0
12388,168,44,5.0
12389,14,1,5.0
12390,353,125,5.0
12391,236,45,5.0
12392,202,131,3.5
12393,428,108,5.0
12394,397,39,5.0
12395,42,87,4.5
12396,168,29,5.0
12397,402,121,5.0
12398,90,67,4.5
12399,336,96,4.0
12400,323,75,4.0
12401,329,38,5.0
12402,320,7,5.0
12403,107,49,4.5
12404,384,108,4.0
12405,100,65,4.0
12406,314,22,4.0
12407,50,86,5.0
12408,12,106,4.5
12409,352,105,4.5
12410,69,31,5.0
12411,381,78,5.0
12412,193,18,3.5
12413,222,81,4.5
12414,252,122,4.5
12415,475,74,4.5
12416,157,106,4.5
12417,191,54,4.0
12418,419,62,4.5
12419,168,67,5.0
12420,407,53,5.0
12421,258,113,4.5
12422,115,51,3.0
12423,441,5,5.0
12424,425,100,3.0
12425,277,90,4.0
12426,138,53,4.5
12427,136,115,4.5
12428,98,75,5.0
12429,410,15,4.0
12430,68,61,5.0
12431,33,108,5.0
12432,31,23,5.0
12433,171,125,5.0
12434,246,115,5.0
12435,260,74,5.0
12436,268,96,4.5
12437,180,111,4.5
12438,147,42,4.0
12439,374,70,4.0
12440,69,107,4.0
12441,58,114,5.0
12442,268,115,4.0
12443,380,117,4.5
12444,442,77,5.0
12445,495,109,4.0
12446,163,85,4.0
12447,431,132,2.5
12448,192,88,4.5
12449,317,63,4.0
12450,208,98,4.5
12451,219,12,4.0
12452,499,46,3.5
12453,141,30,4.0
12454,358,99,4.5
12455,122,49,5.0
12456,72,69,5.0
12457,231,130,4.0
12458,274,69,5.0
12459,434,34,4.0
12460,392,55,5.0
12461,248,86,5.0
12462,84,37,3.0
12463,258,12,4.5
12464,420,36,5.0
12465,152,4,4.5
12466,494,60,3.5
12467,175,113,5.0
12468,10,59,5.0
12469,150,111,5.0
12470,456,118,4.5
12471,240,61,5.0
12472,242,76,5.0
12473,155,130,5.0
12474,155,1,5.0
12475,111,26,4.0
12476,146,126,4.5
12477,320,107,4.5
12478,192,29,5.0
12479,398,115,4.5
12480,267,107,5.0
12481,435,87,5.0
12482,377,71,5.0
12483,92,60,5.0
12484,26,102,5.0
12485,68,26,5.0
12486,412,60,5.0
12487,41,93,4.5
12488,475,111,5.0
12489,21,131,4.0
12490,397,89,4.0
12491,242,2,5.0
12492,107,61,5.0
12493,128,12,4.0
12494,465,100,4.0
12495,332,66,5.0
12496,312,107,4.5
12497,486,90,4.0
12498,221,108,5.0
12499,268,100,5.0
12500,455,84,4.5
12501,402,52,5.0
12502,180,46,4.5
12503,73,121,5.0
12504,368,106,4.0
12505,202,11,5.0
12506,339,104,4.5
12507,364,5,5.0
12508,59,134,4.5
12509,82,86,5.0
12510,355,113,4.5
12511,185,7,5.0
12512,240,132,3.5
12513,101,132,4.0
12514,116,32,4.5
12515,402,86,5.0
12516,41,103,5.0
12517,98,103,4.0
12518,294,132,4.0
12519,425,46,3.5
12520,53,83,5.0
12521,245,113,4.5
12522,425,70,5.0
12523,441,44,4.0
12524,120,92,5.0
12525,440,63,4.0
12526,157,82,5.0
12527,159,29,5.0
12528,323,108,4.5
12529,367,83,4.5
12530,179,21,5.0
12531,90,130,5.0
12532,182,46,4.0
12533,212,64,4.5
12534,76,130,5.0
12535,157,43,5.0
12536,149,74,5.0
12537,260,8,5.0
12538,201,71,4.0
12539,116,79,5.0
12540,102,88,4.5
12541,474,47,4.5
12542,236,21,5.0
12543,394,29,5.0
12544,111,5,4.5
12545,260,98,5.0
12546,156,63,4.5
12547,141,78,3.0
12548,42,126,4.0
12549,250,4,4.5
12550,162,85,5.0
12551,341,30,5.0
12552,402,118,4.0
12553,485,60,4.0
12554,5,98,4.5
12555,296,120,4.5
12556,138,56,4.5
12557,196,1,5.0
12558,222,30,4.0
12559,300,56,4.0
12560,49,19,4.5
12561,195,75,5.0
12562,73,106,5.0
12563,406,102,5.0
12564,167,105,4.5
12565,151,3,5.0
12566,214,70,4.0
12567,16,1,4.5
12568,232,19,5.0
12569,204,87,5.0
12570,181,81,5.0
12571,224,122,5.0
12572,24,70,3.5
12573,52,114,4.5
12574,248,97,4.0
12575,323,18,5.0
12576,95,111,5.0
12577,357,6,5.0
12578,442,115,5.0
12579,219,31,4.0
12580,331,19,4.5
12581,364,21,4.5
12582,209,109,4.5
12583,435,78,4.5
12584,447,59,3.0
12585,210,129,5.0
12586,137,46,5.0
12587,263,120,5.0
12588,159,90,5.0
12589,339,86,4.5
12590,20,70,3.5
12591,381,100,3.5
12592,329,103,4.5
12593,342,76,5.0
12594,261,22,4.0
12595,210,47,5.0
12596,282,30,3.5
12597,288,59,5.0
12598,33,35,3.5
12599,396,106,5.0
12600,44,75,4.5
12601,65,74,4.5
12602,154,67,3.5
12603,429,19,4.5
12604,106,87,4.5
12605,86,107,4.0
12606,98,55,4.0
12607,425,94,5.0
12608,113,130,5.0
12609,425,123,4.5
12610,317,13,4.0
12611,445,103,4.5
12612,383,111,5.0
12613,317,25,5.0
12614,213,56,5.0
12615,468,65,5.0
12616,380,109,5.0
12617,321,104,4.5
12618,76,35,4.0
12619,378,31,5.0
12620,247,113,5.0
12621,417,83,4.0
12622,153,77,5.0
12623,137,108,5.0
12624,204,62,4.5
12625,74,70,3.5
12626,471,73,4.5
12627,430,16,5.0
12628,149,130,4.0
12629,322,55,5.0
12630,440,97,5.0
12631,457,100,4.5
12632,38,28,4.0
12633,123,17,4.5
12634,357,24,4.5
12635,343,37,5.0
12636,398,30,3.0
12637,6,89,5.0
12638,230,43,4.5
12639,479,131,4.0
12640,335,116,4.5
12641,175,80,5.0
12642,138,90,4.0
12643,98,13,5.0
12644,302,115,4.5
12645,289,52,4.5
12646,94,132,3.0
12647,358,111,3.5
12648,164,51,5.0
12649,432,95,4.0
12650,110,54,4.0
12651,48,30,4.0
12652,441,68,4.5
12653,496,69,4.5
12654,252,47,4.5
12655,196,48,4.5
12656,290,9,4.5
12657,196,96,5.0
12658,148,29,4.0
12659,325,93,4.0
12660,104,36,5.0
12661,332,114,3.5
12662,207,62,4.0
12663,243,34,5.0
12664,161,116,5.0
12665,190,30,5.0
12666,298,126,5.0
12667,106,109,4.0
12668,414,41,5.0
12669,231,59,4.0
12670,110,103,4.0
12671,495,6,5.0
12672,48,90,4.0
12673,490,104,4.5
12674,125,21,5.0
12675,214,42,4.5
12676,31,125,5.0
12677,240,63,5.0
12678,451,46,4.5
12679,216,107,5.0
12680,478,134,5.0
12681,73,124,4.5
12682,112,55,5.0
12683,369,29,3.5
12684,247,107,4.5
12685,171,74,5.0
12686,195,94,3.5
12687,372,19,5.0
12688,258,90,4.0
12689,369,97,4.5
12690,119,102,4.0
12691,151,114,4.0
12692,151,71,5.0
12693,250,117,4.5
12694,353,52,5.0
12695,314,6,5.0
12696,122,120,4.5
12697,237,113,4.5
12698,37,65,5.0
12699,29,125,4.0
12700,481,35,3.5
12701,317,29,4.5
12702,440,115,4.0
12703,407,52,4.5
12704,497,112,5.0
12705,394,44,5.0
12706,341,126,5.0
12707,168,34,5.0
12708,285,11,4.5
12709,153,109,3.5
12710,169,97,4.5
12711,119,87,5.0
12712,36,67,4.5
12713,65,90,5.0
12714,1,20,1.5
12715,362,47,5.0
12716,103,97,5.0
12717,155,34,5.0
12718,17,23,5.0
12719,435,11,5.0
12720,463,77,4.5
12721,479,117,3.0
12722,99,90,5.0
12723,300,107,5.0
12724,221,12,5.0
12725,219,47,5.0
12726,256,48,4.5
12727,16,49,4.0
12728,81,79,5.0
12729,122,118,4.5
12730,222,25,5.0
12731,486,31,5.0
12732,366,83,5.0
12733,7,119,4.5
12734,188,132,3.0
12735,211,111,5.0
12736,271,73,4.5
12737,73,27,4.0
12738,350,29,5.0
12739,25,79,4.5
12740,255,8,4.5
12741,307,47,5.0
12742,405,82,4.5
12743,222,89,4.0
12744,278,117,5.0
12745,261,132,3.0
12746,169,131,4.0
12747,164,23,4.5
12748,313,1,3.5
12749,371,25,5.0
12750,465,3,5.0
12751,34,125,5.0
12752,159,23,4.0
12753,358,45,4.5
12754,113,126,4.5
12755,28,86,5.0
12756,491,1,4.5
12757,380,75,5.0
12758,256,61,5.0
12759,201,13,5.0
12760,377,86,5.0
12761,37,41,5.0
12762,3,394,4.0
12763,269,24,4.0
12764,482,126,4.5
12765,67,27,4.5
12766,23,3,4.0
12767,304,21,4.0
12768,293,100,4.5
12769,300,37,4.5
12770,349,28,5.0
12771,237,27,5.0
12772,148,62,5.0
12773,169,88,4.0
12774,357,64,4.5
12775,92,107,5.0
12776,42,102,5.0
12777,68,18,4.5
12778,490,5,4.5
12779,387,128,4.0
12780,433,66,5.0
12781,407,60,4.0
12782,49,75,4.5
12783,435,111,4.5
12784,56,106,4.5
12785,317,20,5.0
12786,450,96,5.0
12787,303,34,5.0
12788,334,93,4.5
12789,369,118,5.0
12790,248,102,4.5
12791,132,100,5.0
12792,108,19,5.0
12793,207,9,5.0
12794,419,26,4.5
12795,241,120,5.0
12796,159,127,5.0
12797,74,61,4.0
12798,206,94,4.5
12799,240,5,5.0
12800,439,43,4.0
12801,176,109,4.5
12802,86,121,4.0
12803,443,119,5.0
12804,168,78,4.5
12805,290,72,5.0
12806,119,44,4.5
12807,260,106,5.0
12808,157,27,5.0
12809,243,53,5.0
12810,405,62,5.0
12811,230,24,4.5
12812,112,98,5.0
12813,108,85,4.0
12814,251,47,5.0
12815,376,65,4.0
12816,182,93,5.0
12817,64,89,4.0
12818,44,5,4.5
12819,156,67,4.5
12820,465,19,4.5
12821,448,3,4.5
12822,295,1,5.0
12823,87,65,5.0
12824,360,38,4.0
12825,160,13,5.0
12826,4,162,4.0
12827,476,87,4.0
12828,48,79,4.5
12829,400,92,4.5
12830,248,75,4.5
12831,491,59,5.0
12832,362,20,5.0
12833,305,35,3.5
12834,3,401,4.0
12835,463,18,3.5
12836,110,10,4.5
12837,173,29,5.0
12838,234,47,4.5
12839,475,119,5.0
12840,122,16,5.0
12841,457,56,4.0
12842,99,43,4.0
12843,330,68,4.5
12844,204,59,4.5
12845,488,110,5.0
12846,349,32,4.0
12847,468,97,5.0
12848,469,26,5.0
12849,248,58,5.0
12850,299,5,5.0
12851,327,4,3.5
12852,350,82,4.0
12853,253,70,4.0
12854,387,3,5.0
12855,163,114,5.0
12856,331,72,5.0
12857,206,1,4.5
12858,98,71,4.5
12859,183,23,5.0
12860,371,20,4.5
12861,300,52,5.0
12862,20,11,5.0
12863,159,68,4.5
12864,180,103,5.0
12865,223,40,4.5
12866,184,17,5.0
12867,274,14,4.5
12868,290,77,5.0
12869,334,126,5.0
12870,1,118,4.0
12871,231,58,4.0
12872,257,54,5.0
12873,53,102,4.5
12874,344,47,5.0
12875,458,54,4.5
12876,414,11,5.0
12877,48,96,4.5
12878,466,4,5.0
12879,369,57,5.0
12880,228,85,5.0
12881,338,132,2.0
12882,18,62,5.0
12883,256,128,3.0
12884,261,37,4.5
12885,470,87,5.0
12886,454,99,5.0
12887,40,82,5.0
12888,258,16,4.5
12889,62,44,4.5
12890,179,12,5.0
12891,293,131,4.0
12892,214,111,4.5
12893,355,38,4.0
12894,86,75,4.0
12895,9,96,5.0
12896,44,115,5.0
12897,53,87,4.5
12898,165,11,5.0
12899,162,88,4.0
12900,98,114,4.5
12901,30,64,4.5
12902,253,117,5.0
12903,255,64,4.5
12904,194,69,4.5
12905,483,127,5.0
12906,294,29,4.5
12907,313,27,4.0
12908,69,57,4.0
12909,113,54,4.0
12910,496,109,4.5
12911,478,113,4.0
12912,264,99,5.0
12913,444,99,4.0
12914,331,118,5.0
12915,380,31,5.0
12916,57,132,3.0
12917,256,7,5.0
12918,444,119,5.0
12919,391,65,5.0
12920,70,51,5.0
12921,475,32,4.0
12922,201,134,3.0
12923,349,126,4.5
12924,192,35,4.0
12925,93,105,4.5
12926,437,89,5.0
12927,122,131,3.5
12928,486,84,5.0
12929,314,23,5.0
12930,312,90,4.5
12931,346,33,4.5
12932,270,4,4.5
12933,390,46,5.0
12934,256,125,4.5
12935,171,59,5.0
12936,221,5,4.5
12937,75,67,5.0
12938,111,46,4.5
12939,388,72,5.0
12940,392,81,4.5
12941,60,70,4.0
12942,246,65,5.0
12943,18,71,4.5
12944,220,22,5.0
12945,267,20,5.0
12946,54,77,5.0
12947,67,103,5.0
12948,254,21,5.0
12949,247,112,5.0
12950,52,18,3.5
12951,20,48,4.0
12952,458,64,5.0
12953,12,50,5.0
12954,380,15,4.5
12955,274,66,5.0
12956,67,113,4.5
12957,253,121,5.0
12958,90,5,5.0
12959,394,2,5.0
12960,205,14,4.5
12961,288,55,5.0
12962,206,117,3.5
12963,47,35,4.0
12964,312,53,4.0
12965,496,23,3.0
12966,177,95,4.5
12967,473,128,2.5
12968,280,82,5.0
12969,350,34,5.0
12970,310,96,4.5
12971,257,1,5.0
12972,156,12,4.5
12973,65,100,4.5
12974,462,62,5.0
12975,62,14,4.5
12976,90,57,5.0
12977,120,43,3.5
12978,272,115,5.0
12979,447,42,5.0
12980,33,22,4.5
12981,438,121,3.5
12982,69,19,5.0
12983,188,6,5.0
12984,56,120,3.0
12985,213,129,4.5
12986,435,85,4.0
12987,360,48,4.0
12988,206,27,5.0
12989,342,118,3.5
12990,208,90,4.0
12991,150,61,5.0
12992,153,67,4.5
12993,171,52,4.0
12994,221,42,3.5
12995,95,28,4.5
12996,161,72,3.5
12997,107,5,5.0
12998,482,131,4.0
12999,450,89,5.0
13000,360,14,5.0
13001,252,60,5.0
13002,157,113,4.5
13003,162,107,5.0
13004,386,12,3.5
13005,161,108,5.0
13006,396,108,5.0
13007,245,47,5.0
13008,234,26,4.0
13009,248,120,3.5
13010,113,6,5.0
13011,455,115,5.0
13012,117,83,4.5
13013,268,7,3.5
13014,223,99,5.0
13015,420,116,5.0
13016,478,104,5.0
13017,141,96,5.0
13018,274,32,4.0
13019,351,1,5.0
13020,21,53,4.0
13021,195,114,4.5
13022,200,108,5.0
13023,463,82,4.5
13024,156,97,4.5
13025,378,131,3.5
13026,221,121,4.0
13027,376,100,4.0
13028,285,54,5.0
13029,20,44,5.0
13030,100,3,4.5
13031,382,121,4.0
13032,113,104,5.0
13033,495,94,4.5
13034,99,57,4.0
13035,208,58,3.0
13036,415,63,5.0
13037,94,101,4.5
13038,19,124,5.0
13039,391,1,4.5
13040,451,111,4.5
13041,316,118,3.5
13042,317,98,3.5
13043,59,123,4.5
13044,347,30,4.5
13045,433,83,4.0
13046,244,35,3.0
13047,74,20,4.0
13048,66,23,5.0
13049,191,28,4.0
13050,57,26,4.5
13051,220,107,4.5
13052,325,10,5.0
13053,69,7,4.5
13054,292,94,3.5
13055,261,99,5.0
13056,102,116,3.5
13057,281,128,2.5
13058,6,73,3.5
13059,213,81,4.0
13060,157,129,3.0
13061,168,98,5.0
13062,37,76,5.0
13063,219,44,4.0
13064,213,50,5.0
13065,198,115,5.0
13066,54,117,4.0
13067,124,133,5.0
13068,316,26,4.5
13069,253,130,4.0
13070,358,68,3.5
13071,95,24,5.0
13072,167,9,5.0
13073,420,125,5.0
13074,361,123,4.0
13075,350,49,5.0
13076,277,92,5.0
13077,202,1,5.0
13078,231,90,4.5
13079,234,62,4.5
13080,372,127,4.0
13081,238,109,4.5
13082,17,47,5.0
13083,91,40,5.0
13084,445,18,4.0
13085,331,66,5.0
13086,171,120,5.0
13087,465,131,5.0
13088,250,118,4.5
13089,16,125,5.0
13090,268,27,5.0
13091,216,81,4.5
13092,492,119,5.0
13093,32,9,5.0
13094,314,59,5.0
13095,32,72,4.0
13096,265,75,5.0
13097,316,98,5.0
13098,113,119,4.5
13099,353,134,4.0
13100,231,80,5.0
13101,408,62,5.0
13102,120,82,5.0
13103,34,88,4.5
13104,258,20,4.5
13105,379,76,4.0
13106,73,134,5.0
13107,44,109,4.5
13108,435,89,5.0
13109,208,13,4.5
13110,376,49,4.5
13111,334,26,5.0
13112,490,51,4.5
13113,191,134,5.0
13114,197,71,3.0
13115,205,106,4.0
13116,394,86,5.0
13117,316,105,4.0
13118,290,88,3.0
13119,54,18,5.0
13120,155,22,3.5
13121,119,134,5.0
13122,187,81,5.0
13123,271,67,4.0
13124,319,101,4.0
13125,308,84,5.0
13126,94,59,5.0
13127,415,90,4.0
13128,105,108,5.0
13129,480,42,4.5
13130,3,295,4.5
13131,447,22,4.0
13132,183,8,5.0
13133,496,6,5.0
13134,157,57,5.0
13135,402,42,4.5
13136,243,121,3.5
13137,63,20,5.0
13138,251,89,5.0
13139,398,98,5.0
13140,496,49,5.0
13141,463,8,4.5
13142,444,126,5.0
13143,143,53,5.0
13144,193,61,5.0
13145,208,14,5.0
13146,138,102,5.0
13147,353,82,4.0
13148,30,124,5.0
13149,263,10,4.5
13150,122,36,5.0
13151,42,122,5.0
13152,365,23,4.5
13153,411,91,5.0
13154,286,5,5.0
13155,52,94,5.0
13156,490,66,5.0
13157,144,131,5.0
13158,388,98,4.5
13159,249,5,4.5
13160,314,109,4.0
13161,83,128,2.5
13162,41,22,5.0
13163,106,112,5.0
13164,29,111,4.5
13165,373,72,5.0
13166,124,36,4.5
13167,31,60,4.5
13168,384,104,5.0
13169,395,87,5.0
13170,197,124,4.0
13171,236,3,5.0
13172,323,34,3.0
13173,24,62,4.5
13174,244,81,4.0
13175,346,111,4.5
13176,286,22,5.0
13177,75,118,4.0
13178,47,119,5.0
13179,474,83,5.0
13180,367,2,5.0
13181,262,130,4.0
13182,94,55,4.5
13183,76,67,4.5
13184,67,121,3.5
13185,57,124,5.0
13186,220,38,4.5
13187,273,1,5.0
13188,176,91,4.0
13189,90,23,5.0
13190,380,9,5.0
13191,314,1,4.0
13192,319,60,4.5
13193,322,82,4.5
13194,89,125,5.0
13195,131,118,4.5
13196,35,31,4.5
13197,236,39,5.0
13198,230,114,5.0
13199,489,109,4.5
13200,255,124,4.5
13201,381,33,5.0
13202,3,369,5.0
13203,19,79,4.5
13204,50,33,4.0
13205,419,41,5.0
13206,239,109,4.0
13207,239,32,4.5
13208,7,63,4.5
13209,160,90,4.5
13210,274,25,5.0
13211,315,79,5.0
13212,344,130,5.0
13213,289,133,5.0
13214,127,126,4.5
13215,58,14,5.0
13216,477,26,5.0
13217,125,37,4.0
13218,234,13,5.0
13219,451,81,5.0
13220,344,59,5.0
13221,166,130,4.0
13222,321,7,5.0
13223,55,10,4.5
13224,471,110,5.0
13225,229,52,4.5
13226,65,128,3.0
13227,203,56,4.5
13228,15,93,3.5
13229,280,107,4.5
13230,168,2,3.5
13231,382,125,5.0
13232,486,58,4.5
13233,330,67,4.0
13234,385,36,4.5
13235,36,90,5.0
13236,258,87,3.5
13237,129,100,5.0
13238,294,82,4.5
13239,339,26,4.5
13240,124,100,5.0
13241,44,7,5.0
13242,497,118,4.5
13243,154,61,5.0
13244,31,26,4.5
13245,302,5,5.0
13246,20,52,5.0
13247,251,91,5.0
13248,320,90,5.0
13249,324,76,5.0
13250,427,107,4.0
13251,262,16,5.0
13252,400,25,4.0
13253,271,125,4.5
13254,4,42,5.0
13255,229,64,5.0
13256,447,8,4.5
13257,400,5,5.0
13258,166,127,5.0
13259,9,132,3.5
13260,371,126,4.5
13261,185,41,5.0
13262,171,99,5.0
13263,268,110,5.0
13264,193,127,4.0
13265,461,24,5.0
13266,172,1,5.0
13267,490,36,4.5
13268,465,36,5.0
13269,247,57,4.0
13270,30,66,4.5
13271,240,123,5.0
13272,107,9,5.0
13273,343,83,5.0
13274,74,51,5.0
13275,360,120,3.5
13276,31,27,4.5
13277,36,117,5.0
13278,449,9,4.5
13279,145,80,3.5
13280,310,22,4.5
13281,196,105,5.0
13282,12,64,5.0
13283,455,99,4.0
13284,396,105,4.5
13285,321,53,3.0
13286,31,49,3.5
13287,478,103,4.5
13288,186,111,4.0
13289,334,45,5.0
13290,319,78,3.5
13291,302,57,3.5
13292,231,12,5.0
13293,464,67,5.0
13294,43,36,3.5
13295,471,77,5.0
13296,294,108,5.0
13297,487,86,5.0
13298,334,66,4.0
13299,267,8,4.5
13300,286,98,4.5
13301,90,122,5.0
13302,471,25,4.5
13303,265,14,4.5
13304,381,94,5.0
13305,229,23,4.0
13306,231,14,5.0
13307,402,122,5.0
13308,69,28,4.0
13309,39,73,3.0
13310,452,43,5.0
13311,220,68,4.5
13312,139,27,4.0
13313,80,79,5.0
13314,276,121,4.0
13315,126,68,4.5
13316,474,115,5.0
13317,208,83,4.5
13318,191,47,3.5
13319,218,113,5.0
13320,439,16,4.0
13321,220,60,4.5
13322,160,43,4.0
13323,332,112,5.0
13324,221,79,4.0
13325,13,118,4.0
13326,122,15,4.5
13327,497,104,3.5
13328,231,50,5.0
13329,109,105,3.5
13330,407,3,5.0
13331,47,107,5.0
13332,423,21,5.0
13333,163,39,5.0
13334,139,106,4.0
13335,413,40,5.0
13336,19,39,4.5
13337,104,57,4.5
13338,264,60,5.0
13339,261,31,5.0
13340,272,132,4.0
13341,374,48,5.0
13342,191,2,5.0
13343,151,19,5.0
13344,285,51,5.0
13345,455,116,4.5
13346,5,117,4.0
13347,274,49,4.0
13348,323,88,5.0
13349,242,21,5.0
13350,203,22,5.0
13351,409,20,5.0
13352,362,107,4.5
13353,423,126,4.0
13354,448,4,5.0
13355,125,47,5.0
13356,384,34,4.5
13357,385,119,4.0
13358,145,40,4.5
13359,364,41,4.5
13360,91,22,5.0
13361,94,46,4.5
13362,151,31,4.5
13363,394,118,4.0
13364,360,16,4.0
13365,230,89,4.0
13366,432,2,4.0
13367,178,108,4.0
13368,363,90,5.0
13369,215,50,5.0
13370,339,115,5.0
13371,29,73,4.0
13372,455,23,5.0
13373,76,112,5.0
13374,94,99,4.5
13375,224,22,5.0
13376,138,71,4.0
13377,305,65,4.5
13378,338,127,4.5
13379,31,99,5.0
13380,154,4,4.0
13381,479,123,5.0
13382,247,69,5.0
13383,341,15,5.0
13384,437,67,5.0
13385,129,69,5.0
13386,280,63,3.5
13387,261,12,5.0
13388,265,72,5.0
13389,334,53,5.0
13390,23,132,3.0
13391,496,81,4.5
13392,433,52,4.5
13393,64,51,5.0
13394,19,109,4.0
13395,64,36,5.0
13396,306,111,5.0
13397,199,97,3.5
13398,144,13,5.0
13399,471,27,4.5
13400,109,4,5.0
13401,399,76,4.0
13402,355,122,4.5
13403,53,104,5.0
13404,113,79,3.5
13405,240,33,4.5
13406,500,130,4.5
13407,495,61,4.5
13408,19,102,4.5
13409,161,94,4.0
13410,49,132,2.5
13411,220,96,4.5
13412,450,87,5.0
13413,72,89,4.0
13414,420,52,5.0
13415,32,40,3.0
13416,291,11,5.0
13417,74,46,4.5
13418,428,1,5.0
13419,357,62,5.0
13420,80,89,5.0
13421,314,14,5.0
13422,335,52,3.5
13423,82,83,4.0
13424,257,77,4.5
13425,491,91,5.0
13426,235,39,5.0
13427,252,84,5.0
13428,324,82,5.0
13429,479,24,5.0
13430,274,37,5.0
13431,378,123,4.0
13432,377,101,5.0
13433,269,13,4.0
13434,386,33,4.0
13435,379,49,5.0
13436,458,72,4.0
13437,464,123,5.0
13438,86,95,4.0
13439,107,11,5.0
13440,320,50,5.0
13441,500,42,3.5
13442,23,19,5.0
13443,239,34,5.0
13444,136,80,4.5
13445,293,76,4.5
13446,372,118,4.0
13447,178,120,5.0
13448,420,41,4.5
13449,478,105,5.0
13450,21,116,5.0
13451,412,96,5.0
13452,297,96,5.0
13453,123,33,5.0
13454,299,99,5.0
13455,497,55,4.5
13456,344,20,5.0
13457,417,42,4.0
13458,219,52,5.0
13459,379,66,3.5
13460,487,121,5.0
13461,242,18,3.5
13462,274,79,5.0
13463,460,9,4.5
13464,368,40,4.5
13465,242,74,5.0
13466,318,80,4.5
13467,288,2,4.5
13468,261,71,5.0
13469,42,59,4.5
13470,194,30,5.0
13471,351,75,4.0
13472,154,93,4.5
13473,16,29,5.0
13474,232,54,4.0
13475,324,98,4.5
13476,86,37,4.5
13477,394,120,5.0
13478,339,77,4.5
13479,296,115,5.0
13480,484,45,4.0
13481,59,60,4.5
13482,106,64,4.5
13483,292,46,5.0
13484,123,39,5.0
13485,433,67,4.5
13486,339,51,5.0
13487,323,42,4.0
13488,115,28,5.0
13489,85,11,5.0
13490,25,83,4.5
13491,286,26,5.0
13492,500,15,5.0
13493,59,79,4.0
13494,163,22,5.0
13495,483,38,4.0
13496,44,50,5.0
13497,223,100,5.0
13498,8,4,5.0
13499,373,38,5.0
13500,181,126,5.0
13501,122,3,4.5
13502,229,85,4.5
13503,397,12,4.5
13504,447,123,4.0
13505,179,75,4.5
13506,482,18,4.5
13507,284,59,4.0
13508,245,58,4.5
13509,250,67,4.5
13510,206,113,3.0
13511,242,23,4.0
13512,483,46,5.0
13513,480,4,5.0
13514,47,63,5.0
13515,306,22,3.0
13516,140,71,5.0
13517,270,3,4.5
13518,298,109,5.0
13519,233,91,5.0
13520,214,56,5.0
13521,74,56,4.0
13522,449,103,4.0
13523,306,76,4.5
13524,53,53,4.0
13525,286,75,5.0
13526,454,29,5.0
13527,294,101,5.0
13528,383,23,5.0
13529,309,51,5.0
13530,264,120,4.5
13531,387,85,4.5
13532,85,25,4.0
13533,93,67,3.5
13534,268,92,5.0
13535,239,8,4.5
13536,317,41,5.0
13537,308,45,5.0
13538,137,55,5.0
13539,236,130,5.0
13540,403,86,5.0
13541,127,131,5.0
13542,220,90,4.0
13543,322,32,5.0
13544,301,43,4.0
13545,257,134,5.0
13546,176,13,4.0
13547,56,91,5.0
13548,54,62,5.0
13549,488,79,5.0
13550,194,45,5.0
13551,125,108,4.5
13552,149,61,5.0
13553,169,65,4.5
13554,117,10,5.0
13555,483,119,3.5
13556,328,74,4.5
13557,297,94,4.0
13558,366,33,5.0
13559,179,42,4.5
13560,164,60,4.5
13561,214,10,4.0
13562,139,84,4.5
13563,258,44,4.5
13564,256,49,5.0
13565,279,44,4.0
13566,165,25,5.0
13567,43,59,4.5
13568,52,10,4.5
13569,419,90,3.5
13570,315,29,5.0
13571,72,81,5.0
13572,248,62,4.5
13573,296,66,5.0
13574,74,91,4.0
13575,424,40,3.5
13576,360,108,4.5
13577,422,45,4.0
13578,251,19,5.0
13579,485,55,4.5
13580,239,91,4.5
13581,22,132,3.5
13582,317,38,4.0
13583,228,61,4.5
13584,3,194,4.5
13585,212,71,4.5
13586,54,11,4.5
13587,214,14,5.0
13588,253,50,5.0
13589,279,62,5.0
13590,195,85,5.0
13591,429,20,5.0
13592,332,117,4.5
13593,50,50,5.0
13594,252,42,4.0
13595,286,47,5.0
13596,268,88,5.0
13597,21,99,4.0
13598,380,44,4.5
13599,381,28,5.0
13600,44,22,5.0
13601,386,107,5.0
13602,310,98,4.5
13603,369,114,5.0
13604,338,95,4.5
13605,355,78,4.0
13606,195,31,4.5
13607,92,82,4.5
13608,384,107,4.5
13609,396,55,5.0
13610,78,118,5.0
13611,82,18,4.5
13612,260,50,4.5
13613,108,55,4.0
13614,426,15,5.0
13615,371,105,5.0
13616,312,95,3.0
13617,418,44,5.0
13618,310,2,4.5
13619,354,52,4.0
13620,57,93,5.0
13621,492,36,5.0
13622,68,52,5.0
13623,21,120,5.0
13624,366,17,5.0
13625,302,107,4.5
13626,160,28,4.0
13627,223,114,5.0
13628,236,50,4.5
13629,124,109,4.0
13630,426,126,3.5
13631,414,90,5.0
13632,477,81,5.0
13633,153,43,5.0
13634,149,66,5.0
13635,2,35,1.0
13636,465,34,4.0
13637,279,91,4.0
13638,325,1,5.0
13639,40,117,4.5
13640,47,15,5.0
13641,194,27,4.5
13642,309,27,4.5
13643,157,8,5.0
13644,279,97,4.5
13645,310,58,3.5
13646,202,92,3.5
13647,256,41,5.0
13648,479,48,4.0
13649,331,2,4.5
13650,242,69,5.0
13651,145,126,5.0
13652,195,71,4.5
13653,95,106,4.5
13654,352,27,4.5
13655,24,36,5.0
13656,355,25,5.0
13657,157,75,5.0
13658,149,92,5.0
13659,195,19,4.5
13660,440,22,5.0
13661,412,37,4.0
13662,422,73,4.5
13663,242,8,4.5
13664,218,22,5.0
13665,131,55,5.0
13666,270,18,4.5
13667,263,5,5.0
13668,452,38,4.5
13669,342,54,4.0
13670,452,23,5.0
13671,449,40,4.0
13672,1,16,2.5
13673,455,109,5.0
13674,467,32,4.5
13675,17,131,4.0
13676,175,28,4.0
13677,372,114,5.0
13678,42,90,5.0
13679,10,90,5.0
13680,277,1,4.5
13681,320,82,5.0
13682,450,70,4.5
13683,49,34,5.0
13684,138,47,5.0
13685,192,50,5.0
13686,212,74,5.0
13687,370,96,4.5
13688,192,63,5.0
13689,247,134,5.0
13690,346,110,4.5
13691,191,120,4.5
13692,196,74,4.0
13693,474,77,5.0
13694,100,15,4.0
13695,410,40,5.0
13696,170,10,4.0
13697,162,102,4.5
13698,272,71,4.5
13699,237,44,5.0
13700,500,113,4.5
13701,216,109,3.0
13702,22,66,4.0
13703,120,12,4.5
13704,144,25,5.0
13705,103,76,5.0
13706,426,35,5.0
13707,210,17,4.0
13708,323,91,4.0
13709,486,74,4.5
13710,69,111,5.0
13711,427,71,4.0
13712,200,18,5.0
13713,215,54,4.5
13714,65,71,4.0
13715,272,91,5.0
13716,7,77,4.0
13717,446,53,5.0
13718,260,1,4.0
13719,240,101,5.0
13720,356,90,4.5
13721,454,120,5.0
13722,164,13,5.0
13723,271,96,4.5
13724,288,85,5.0
13725,282,51,5.0
13726,150,49,5.0
13727,206,71,5.0
13728,105,102,4.0
13729,314,39,4.0
13730,280,74,5.0
13731,185,21,5.0
13732,416,55,5.0
13733,379,69,4.5
13734,301,60,4.5
13735,295,94,4.5
13736,446,24,4.0
13737,222,124,4.5
13738,148,38,3.5
13739,285,93,4.5
13740,95,48,4.5
13741,243,65,4.0
13742,313,63,5.0
13743,402,70,5.0
13744,320,117,5.0
13745,376,56,4.5
13746,224,40,5.0
13747,289,67,4.0
13748,389,3,4.0
13749,414,89,5.0
13750,137,12,5.0
13751,277,125,5.0
13752,491,106,4.0
13753,414,68,5.0
13754,422,87,5.0
13755,188,2,5.0
13756,175,102,4.5
13757,47,47,4.5
13758,209,52,5.0
13759,207,103,4.0
13760,53,134,5.0
13761,314,67,4.0
13762,362,130,5.0
13763,293,108,5.0
13764,15,66,4.5
13765,387,124,4.0
13766,154,46,3.0
13767,428,57,4.5
13768,162,113,5.0
13769,449,33,5.0
13770,75,115,4.0
13771,422,110,4.5
13772,290,100,4.5
13773,245,95,4.0
13774,347,48,4.0
13775,482,29,4.0
13776,253,18,4.0
13777,178,94,5.0
13778,43,47,5.0
13779,66,129,5.0
13780,26,74,4.5
13781,314,77,4.5
13782,379,134,4.5
13783,53,109,4.0
13784,47,103,3.5
13785,69,33,4.5
13786,490,123,5.0
13787,274,44,4.5
13788,180,18,4.5
13789,346,125,4.0
13790,204,63,4.0
13791,296,44,4.5
13792,165,10,4.0
13793,361,6,5.0
13794,117,97,4.5
13795,412,68,4.0
13796,169,120,4.5
13797,424,27,4.5
13798,425,29,4.5
13799,76,123,5.0
13800,369,108,4.0
13801,351,92,4.5
13802,447,132,3.5
13803,38,46,5.0
13804,316,117,5.0
13805,115,41,4.5
13806,264,100,4.5
13807,187,120,5.0
13808,154,98,5.0
13809,143,8,5.0
13810,70,44,5.0
13811,446,7,5.0
13812,282,89,3.0
13813,496,108,4.0
13814,6,76,4.0
13815,21,34,4.5
13816,485,117,5.0
13817,39,122,5.0
13818,496,128,3.0
13819,318,1,5.0
13820,182,2,5.0
13821,136,88,4.0
13822,289,17,4.0
13823,347,18,4.0
13824,155,13,5.0
13825,124,65,5.0
13826,18,67,4.5
13827,73,103,3.5
13828,351,74,3.5
13829,41,133,5.0
13830,472,80,4.5
13831,198,63,4.5
13832,379,58,4.5
13833,126,26,5.0
13834,399,124,5.0
13835,99,61,5.0
13836,273,17,3.5
13837,109,26,3.5
13838,402,33,5.0
13839,313,73,3.0
13840,437,62,5.0
13841,32,13,5.0
13842,220,97,5.0
13843,336,41,5.0
13844,37,75,5.0
13845,62,12,4.5
13846,211,87,5.0
13847,285,123,5.0
13848,463,12,4.5
13849,360,124,5.0
13850,45,29,4.5
13851,37,16,5.0
13852,286,31,5.0
13853,8,78,5.0
13854,2,79,4.0
13855,100,106,5.0
13856,144,125,5.0
13857,206,24,5.0
13858,295,92,4.5
13859,88,48,4.5
13860,480,7,5.0
13861,236,118,5.0
13862,18,109,5.0
13863,67,117,5.0
13864,429,82,5.0
13865,174,33,5.0
13866,500,72,5.0
13867,154,5,3.5
13868,85,86,4.0
13869,223,115,5.0
13870,358,22,4.0
13871,405,106,3.5
13872,336,93,4.5
13873,84,41,5.0
13874,461,113,5.0
13875,84,80,4.5
13876,212,22,4.5
13877,44,67,4.0
13878,339,32,4.0
13879,420,88,5.0
13880,386,110,4.5
13881,48,131,5.0
13882,462,34,3.0
13883,312,9,5.0
13884,220,64,5.0
13885,43,61,5.0
13886,358,95,4.0
13887,179,82,5.0
13888,55,120,4.0
13889,397,42,4.5
13890,453,115,3.5
13891,264,123,4.5
13892,116,80,4.0
13893,369,44,5.0
13894,450,12,5.0
13895,380,96,4.5
13896,280,103,5.0
13897,479,40,5.0
13898,431,50,5.0
13899,473,70,4.5
13900,268,94,5.0
13901,491,35,3.5
13902,298,99,4.0
13903,407,42,4.0
13904,64,83,5.0
13905,302,26,5.0
13906,475,93,4.5
13907,107,87,5.0
13908,236,52,5.0
13909,50,67,4.0
13910,474,93,4.0
13911,191,84,5.0
13912,379,95,3.5
13913,47,41,3.5
13914,296,10,5.0
13915,21,22,4.5
13916,10,32,4.0
13917,361,30,4.5
13918,277,17,3.5
13919,375,50,5.0
13920,280,92,4.5
13921,21,8,5.0
13922,407,22,4.5
13923,22,28,4.5
13924,264,40,4.5
13925,229,60,5.0
13926,332,100,4.5
13927,109,6,4.5
13928,271,65,4.5
13929,160,132,3.0
13930,17,9,4.5
13931,342,90,5.0
13932,275,111,4.5
13933,374,26,5.0
13934,157,9,3.5
13935,407,41,4.5
13936,70,54,5.0
13937,214,60,4.5
13938,253,39,5.0
13939,389,35,3.5
13940,316,9,4.0
13941,90,50,4.0
13942,53,36,5.0
13943,314,70,4.0
13944,95,2,4.0
13945,402,64,5.0
13946,10,20,4.0
13947,370,59,3.5
13948,350,78,5.0
13949,69,6,5.0
13950,78,90,4.5
13951,415,20,4.5
13952,155,125,5.0
13953,209,115,4.5
13954,149,62,5.0
13955,54,131,4.5
13956,294,52,5.0
13957,370,21,5.0
13958,456,127,5.0
13959,224,87,4.0
13960,255,107,4.0
13961,485,36,5.0
13962,463,85,4.5
13963,195,39,5.0
13964,124,67,5.0
13965,127,105,4.0
13966,439,37,5.0
13967,355,18,5.0
13968,479,88,5.0
13969,69,134,5.0
13970,132,118,4.5
13971,252,40,4.5
13972,214,44,5.0
13973,164,84,4.0
13974,449,4,5.0
13975,52,75,5.0
13976,136,18,5.0
13977,150,24,4.5
13978,297,37,4.5
13979,96,133,4.5
13980,105,3,4.5
13981,316,77,4.5
13982,265,35,3.5
13983,3,180,5.0
13984,463,29,5.0
13985,10,16,5.0
13986,79,1,4.5
13987,450,109,4.5
13988,359,115,4.5
13989,325,75,5.0
13990,140,33,4.0
13991,8,62,5.0
13992,497,14,5.0
13993,315,33,5.0
13994,393,109,5.0
13995,229,129,4.5
13996,17,33,4.5
13997,3,254,5.0
13998,164,56,5.0
13999,492,127,5.0
14000,183,83,4.0
14001,378,32,5.0
14002,407,58,5.0
14003,268,89,5.0
14004,185,22,4.0
14005,419,103,5.0
14006,52,119,3.5
14007,36,81,3.5
14008,337,82,5.0
14009,329,104,4.0
14010,339,37,4.5
14011,498,129,5.0
14012,66,100,4.5
14013,329,70,5.0
14014,248,101,4.5
14015,70,126,4.5
14016,400,22,5.0
14017,327,53,4.5
14018,89,52,5.0
14019,474,1,4.5
14020,194,90,4.5
14021,3,268,5.0
14022,26,115,4.5
14023,269,33,4.5
14024,420,86,4.0
14025,74,33,5.0
14026,268,105,4.0
14027,494,20,5.0
14028,208,61,5.0
14029,34,102,4.5
14030,486,110,4.0
14031,75,75,5.0
14032,309,19,5.0
14033,138,65,5.0
14034,57,18,4.5
14035,480,59,5.0
14036,245,7,5.0
14037,174,107,4.5
14038,149,83,4.0
14039,85,80,4.0
14040,55,67,4.0
14041,494,56,5.0
14042,369,70,4.5
14043,23,111,4.5
14044,176,26,4.5
14045,480,11,5.0
14046,398,42,4.0
14047,163,110,4.0
14048,482,100,4.5
14049,451,69,4.5
14050,423,39,4.5
14051,81,24,5.0
14052,471,39,5.0
14053,31,123,5.0
14054,263,126,5.0
14055,249,115,5.0
14056,250,131,4.0
14057,269,80,4.5
14058,431,47,5.0
14059,201,16,4.5
14060,495,82,5.0
14061,368,55,4.5
14062,197,57,5.0
14063,125,57,4.0
14064,251,119,4.5
14065,112,128,2.5
14066,493,93,4.5
14067,145,1,4.5
14068,340,19,5.0
14069,179,91,5.0
14070,132,110,4.0
14071,320,31,5.0
14072,95,129,4.0
14073,153,84,3.5
14074,472,118,5.0
14075,410,61,5.0
14076,277,64,4.0
14077,147,70,5.0
14078,429,2,5.0
14079,419,17,3.5
14080,328,69,5.0
14081,241,55,4.0
14082,349,101,5.0
14083,462,125,5.0
14084,377,26,5.0
14085,420,17,4.5
14086,52,134,5.0
14087,201,47,5.0
14088,494,39,4.5
14089,125,69,5.0
14090,75,79,4.5
14091,490,12,4.5
14092,424,8,5.0
14093,363,46,4.5
14094,70,39,5.0
14095,365,116,4.5
14096,129,35,3.5
14097,458,119,5.0
14098,154,50,5.0
14099,286,54,4.0
14100,203,130,5.0
14101,382,34,5.0
14102,270,99,5.0
14103,229,81,5.0
14104,444,11,5.0
14105,459,68,4.5
14106,392,22,5.0
14107,314,53,4.0
14108,149,125,4.5
14109,79,13,5.0
14110,478,17,4.5
14111,379,116,4.5
14112,305,4,5.0
14113,250,61,5.0
14114,17,123,4.0
14115,450,77,4.5
14116,166,95,3.0
14117,171,56,5.0
14118,179,101,4.5
14119,111,13,5.0
14120,126,10,5.0
14121,212,5,5.0
14122,278,62,5.0
14123,13,18,4.0
14124,312,51,4.5
14125,431,74,5.0
14126,290,48,4.5
14127,139,81,5.0
14128,441,50,4.0
14129,171,60,5.0
14130,407,82,5.0
14131,350,123,4.5
14132,497,93,4.5
14133,372,106,5.0
14134,441,46,5.0
14135,25,24,5.0
14136,103,17,5.0
14137,330,108,4.5
14138,221,94,5.0
14139,62,83,4.5
14140,78,32,5.0
14141,127,39,3.5
14142,276,39,4.5
14143,307,79,4.5
14144,278,104,5.0
14145,455,94,4.0
14146,119,112,5.0
14147,373,5,5.0
14148,141,72,5.0
14149,271,129,4.5
14150,119,123,4.5
14151,464,104,4.5
14152,28,103,4.0
14153,496,75,4.0
14154,44,111,5.0
14155,433,132,3.5
14156,127,13,4.5
14157,122,110,5.0
14158,259,105,4.5
14159,427,77,5.0
14160,376,14,4.0
14161,242,16,4.5
14162,160,48,4.5
14163,362,113,4.5
14164,364,59,5.0
14165,281,119,5.0
14166,220,128,2.5
14167,5,9,4.5
14168,450,34,4.5
14169,251,127,5.0
14170,168,132,4.0
14171,264,74,5.0
14172,355,50,4.5
14173,222,24,5.0
14174,289,116,4.0
14175,129,71,5.0
14176,199,106,5.0
14177,93,43,4.0
14178,107,101,4.5
14179,435,28,4.5
14180,151,18,4.5
14181,369,94,4.5
14182,464,100,5.0
14183,182,13,5.0
14184,455,106,5.0
14185,272,42,4.5
14186,306,2,4.5
14187,455,36,4.5
14188,131,123,4.0
14189,348,109,4.5
14190,259,69,5.0
14191,435,45,4.5
14192,95,80,4.5
14193,409,10,5.0
14194,464,112,5.0
14195,256,90,5.0
14196,72,12,4.0
14197,380,72,4.5
14198,53,133,5.0
14199,203,58,4.5
14200,5,125,4.0
14201,291,57,5.0
14202,331,52,4.5
14203,337,37,5.0
14204,375,12,4.5
14205,386,52,4.0
14206,220,21,5.0
14207,174,61,5.0
14208,276,5,5.0
14209,116,76,4.5
14210,87,17,5.0
14211,289,8,4.5
14212,95,8,4.0
14213,274,88,4.0
14214,94,128,4.0
14215,371,27,5.0
14216,91,100,4.0
14217,337,109,4.5
14218,457,2,5.0
14219,369,52,5.0
14220,68,98,5.0
14221,480,75,5.0
14222,165,129,4.5
14223,14,3,5.0
14224,122,100,5.0
14225,37,105,4.5
14226,295,90,5.0
14227,444,16,5.0
14228,452,106,4.5
14229,111,131,4.5
14230,361,91,5.0
14231,68,9,4.5
14232,150,44,4.5
14233,152,134,3.0
14234,238,31,5.0
14235,457,48,5.0
14236,203,35,2.5
14237,74,37,4.5
14238,191,76,4.0
14239,386,120,4.5
14240,209,126,4.0
14241,379,110,5.0
14242,103,115,4.5
14243,15,46,5.0
14244,290,40,5.0
14245,50,103,4.5
14246,269,112,4.5
14247,168,9,4.5
14248,215,71,4.5
14249,198,130,4.0
14250,426,17,3.5
14251,158,22,4.5
14252,118,43,5.0
14253,84,108,5.0
14254,457,20,4.5
14255,155,108,4.0
14256,22,101,4.5
14257,195,105,4.0
14258,16,38,5.0
14259,106,1,5.0
14260,25,55,4.5
14261,361,101,5.0
14262,476,27,5.0
14263,359,112,5.0
14264,80,48,5.0
14265,391,89,4.0
14266,15,123,5.0
14267,480,30,4.5
14268,224,65,5.0
14269,369,21,4.5
14270,337,63,5.0
14271,54,84,5.0
14272,170,53,4.5
14273,216,56,4.5
14274,306,127,4.5
14275,136,36,5.0
14276,29,82,4.0
14277,476,128,2.5
14278,342,85,4.0
14279,221,113,4.5
14280,408,34,5.0
14281,354,47,4.5
14282,160,79,4.5
14283,376,118,5.0
14284,221,6,4.0
14285,325,20,5.0
14286,207,4,5.0
14287,319,44,5.0
14288,491,98,3.5
14289,355,17,5.0
14290,433,18,4.5
14291,189,43,4.5
14292,78,84,4.5
14293,37,6,3.5
14294,273,81,4.5
14295,440,94,3.5
14296,178,11,5.0
14297,315,35,3.5
14298,116,128,3.0
14299,139,20,5.0
14300,355,112,4.5
14301,334,17,5.0
14302,469,128,1.5
14303,320,67,4.0
14304,129,81,5.0
14305,54,33,5.0
14306,97,120,4.5
14307,414,21,5.0
14308,41,78,4.5
14309,438,37,3.0
14310,299,68,4.5
14311,434,118,4.0
14312,210,13,5.0
14313,364,107,5.0
14314,479,86,4.5
14315,499,97,4.5
14316,130,42,4.5
14317,343,29,4.0
14318,353,96,4.5
14319,148,15,5.0
14320,11,87,3.5
14321,444,39,4.5
14322,382,80,4.5
14323,203,67,4.5
14324,320,127,4.5
14325,22,38,5.0
14326,102,41,5.0
14327,296,72,5.0
14328,145,65,5.0
14329,168,45,4.5
14330,484,38,5.0
14331,170,6,3.5
14332,297,110,5.0
14333,290,89,4.5
14334,259,43,5.0
14335,262,40,4.0
14336,58,27,4.5
14337,170,37,4.5
14338,119,36,4.5
14339,71,112,5.0
14340,17,90,5.0
14341,202,53,4.5
14342,259,12,5.0
14343,246,38,5.0
14344,208,22,4.0
14345,277,70,4.5
14346,468,17,5.0
14347,113,39,5.0
14348,175,24,5.0
14349,150,47,4.5
14350,440,109,4.0
14351,377,109,4.0
14352,123,131,3.5
14353,339,41,4.5
14354,42,25,5.0
14355,336,28,5.0
14356,451,125,5.0
14357,43,132,3.5
14358,42,21,3.5
14359,325,97,3.5
14360,250,72,4.0
14361,416,113,5.0
14362,244,53,4.0
14363,61,54,5.0
14364,476,77,3.5
14365,177,52,5.0
14366,46,76,5.0
14367,179,120,5.0
14368,338,110,5.0
14369,381,22,5.0
14370,440,79,5.0
14371,264,51,3.5
14372,301,74,4.5
14373,339,74,5.0
14374,428,104,5.0
14375,402,103,4.5
14376,196,44,4.5
14377,222,59,5.0
14378,119,35,5.0
14379,396,67,5.0
14380,142,71,5.0
14381,239,106,4.5
14382,168,36,4.0
14383,500,11,4.5
14384,166,89,4.0
14385,417,60,4.5
14386,29,90,5.0
14387,349,114,5.0
14388,314,103,4.5
14389,139,101,5.0
14390,497,60,4.0
14391,255,74,4.5
14392,360,72,4.0
14393,61,114,5.0
14394,493,43,3.5
14395,354,9,5.0
14396,85,116,5.0
14397,493,98,4.5
14398,291,125,5.0
14399,33,74,5.0
14400,182,100,5.0
14401,394,91,4.5
14402,457,61,4.5
14403,80,50,4.5
14404,349,134,4.0
14405,90,85,5.0
14406,69,128,3.5
14407,72,121,5.0
14408,424,36,5.0
14409,325,90,5.0
14410,49,4,4.5
14411,60,27,5.0
14412,263,121,5.0
14413,289,98,5.0
14414,451,42,4.5
14415,346,66,3.5
14416,221,11,3.5
14417,245,17,4.5
14418,213,8,4.5
14419,17,99,4.5
14420,309,17,5.0
14421,369,14,4.0
14422,168,28,4.5
14423,33,98,5.0
14424,396,107,4.5
14425,204,13,3.5
14426,101,18,4.5
14427,416,36,5.0
14428,203,21,4.5
14429,376,79,3.5
14430,294,103,4.5
14431,497,19,4.5
14432,179,131,4.5
14433,223,124,5.0
14434,353,89,5.0
14435,165,130,4.5
14436,363,87,5.0
14437,393,110,5.0
14438,239,16,5.0
14439,97,127,4.0
14440,253,120,5.0
14441,324,80,4.5
14442,177,107,4.5
14443,233,106,5.0
14444,349,19,4.0
14445,150,1,5.0
14446,285,121,5.0
14447,429,87,5.0
14448,40,96,5.0
14449,284,114,4.5
14450,299,26,5.0
14451,432,54,4.0
14452,62,49,5.0
14453,27,82,5.0
14454,243,19,5.0
14455,491,92,4.0
14456,361,64,5.0
14457,96,74,4.5
14458,113,95,4.5
14459,199,55,4.0
14460,188,58,4.5
14461,113,74,3.5
14462,20,130,2.5
14463,423,58,5.0
14464,494,80,5.0
14465,158,53,5.0
14466,163,40,5.0
14467,159,9,5.0
14468,77,125,5.0
14469,165,34,5.0
14470,234,9,5.0
14471,272,90,4.5
14472,37,133,5.0
14473,396,21,4.5
14474,280,28,4.5
14475,209,106,4.5
14476,201,103,5.0
14477,168,16,5.0
14478,339,109,5.0
14479,455,2,4.5
14480,47,53,4.0
14481,494,51,5.0
14482,203,6,5.0
14483,34,113,5.0
14484,428,13,5.0
14485,451,121,4.5
14486,70,23,4.0
14487,484,43,4.5
14488,13,64,4.5
14489,40,22,5.0
14490,84,6,5.0
14491,206,85,4.0
14492,256,89,5.0
14493,468,101,5.0
14494,280,90,5.0
14495,355,41,5.0
14496,387,82,5.0
14497,457,85,3.5
14498,183,72,5.0
14499,3,106,4.5
14500,467,76,5.0
14501,24,7,5.0
14502,64,125,4.5
14503,210,46,5.0
14504,418,85,5.0
14505,237,120,4.5
14506,246,105,4.0
14507,425,57,4.5
14508,22,118,5.0
14509,39,92,4.5
14510,102,96,4.5
14511,127,12,5.0
14512,473,106,4.5
14513,448,13,5.0
14514,113,112,5.0
14515,231,114,4.5
14516,404,96,4.5
14517,422,63,4.0
14518,239,82,4.5
14519,300,18,4.5
14520,174,113,4.5
14521,79,102,4.5
14522,87,107,5.0
14523,461,21,5.0
14524,42,88,4.0
14525,23,68,4.5
14526,65,34,4.5
14527,185,30,5.0
14528,258,128,2.5
14529,69,133,5.0
14530,417,11,4.5
14531,459,104,4.0
14532,15,77,5.0
14533,303,22,5.0
14534,422,2,5.0
14535,446,23,4.0
14536,254,37,5.0
14537,148,70,5.0
14538,414,83,4.0
14539,236,61,5.0
14540,394,4,5.0
14541,316,48,5.0
14542,67,75,4.0
14543,160,5,5.0
14544,70,71,4.5
14545,149,73,3.5
14546,32,107,4.0
14547,463,20,5.0
14548,112,88,4.0
14549,489,126,5.0
14550,10,25,4.5
14551,125,25,4.0
14552,16,126,4.0
14553,365,28,5.0
14554,346,4,5.0
14555,32,124,4.5
14556,193,16,5.0
14557,68,129,5.0
14558,96,44,4.5
14559,294,83,4.5
14560,484,40,5.0
14561,276,71,5.0
14562,493,36,5.0
14563,479,81,5.0
14564,340,45,4.5
14565,205,114,5.0
14566,357,1,4.0
14567,42,26,5.0
14568,160,78,4.5
14569,235,128,3.5
14570,152,97,5.0
14571,162,35,3.0
14572,382,97,5.0
14573,210,71,4.5
14574,177,45,4.0
14575,383,84,4.0
14576,424,30,4.5
14577,179,23,5.0
14578,316,23,4.0
14579,187,39,5.0
14580,165,82,4.0
14581,21,20,4.0
14582,1,122,4.5
14583,312,5,4.5
14584,44,13,5.0
14585,388,40,5.0
14586,454,35,5.0
14587,152,85,4.5
14588,29,46,5.0
14589,297,80,4.0
14590,106,121,4.5
14591,89,128,2.5
14592,113,13,5.0
14593,7,34,4.0
14594,191,44,5.0
14595,147,37,4.0
14596,386,103,5.0
14597,492,48,4.5
14598,440,85,5.0
14599,285,58,5.0
14600,305,85,4.5
14601,394,59,4.5
14602,36,111,4.0
14603,384,37,5.0
14604,269,20,4.5
14605,485,61,5.0
14606,139,65,5.0
14607,151,45,4.5
14608,102,79,5.0
14609,33,59,5.0
14610,320,35,3.5
14611,145,89,4.5
14612,57,71,4.5
14613,211,55,4.5
14614,43,60,3.5
14615,243,30,5.0
14616,271,126,5.0
14617,94,118,5.0
14618,260,87,4.0
14619,482,36,4.0
14620,138,37,4.0
14621,257,59,5.0
14622,76,115,5.0
14623,16,51,5.0
14624,244,70,4.0
14625,332,126,4.5
14626,368,60,4.0
14627,167,62,4.0
14628,247,110,5.0
14629,302,24,5.0
14630,1,154,1.0
14631,315,73,4.0
14632,74,4,5.0
14633,52,79,4.5
14634,125,56,4.0
14635,295,50,5.0
14636,316,4,5.0
14637,132,18,4.5
14638,162,65,4.5
14639,73,105,4.0
14640,351,43,5.0
14641,252,38,4.5
14642,283,109,4.0
14643,95,54,5.0
14644,154,113,5.0
14645,339,64,5.0
14646,261,19,5.0
14647,386,116,5.0
14648,297,70,5.0
14649,242,124,4.0
14650,436,46,5.0
14651,72,105,5.0
14652,138,67,4.5
14653,274,98,4.5
14654,208,89,4.5
14655,271,29,5.0
14656,342,41,3.5
14657,187,110,5.0
14658,316,16,5.0
14659,496,30,4.5
14660,55,93,4.5
14661,140,45,4.5
14662,129,49,4.5
14663,147,82,5.0
14664,42,17,5.0
14665,251,52,4.0
14666,421,67,5.0
14667,280,94,4.0
14668,303,77,5.0
14669,160,99,4.0
14670,31,73,2.5
14671,157,94,4.0
14672,373,126,4.5
14673,225,115,5.0
14674,404,27,5.0
14675,45,22,4.5
14676,334,69,4.5
14677,57,120,4.5
14678,396,14,4.5
14679,252,21,5.0
14680,475,36,5.0
14681,12,82,4.5
14682,26,66,5.0
14683,140,88,3.5
14684,377,16,5.0
14685,365,86,5.0
14686,347,115,5.0
14687,74,15,5.0
14688,475,77,4.5
14689,149,3,5.0
14690,53,114,5.0
14691,349,75,4.5
14692,85,132,4.0
14693,394,40,5.0
14694,431,84,4.0
14695,412,49,4.5
14696,204,1,5.0
14697,435,86,5.0
14698,10,19,4.0
14699,94,3,4.5
14700,256,66,5.0
14701,99,14,4.0
14702,25,50,4.5
14703,37,18,3.5
14704,18,95,4.0
14705,209,59,4.5
14706,454,125,5.0
14707,471,98,4.0
14708,437,40,4.5
14709,210,33,4.5
14710,474,64,4.5
14711,350,20,5.0
14712,413,127,5.0
14713,78,80,3.5
14714,243,93,4.5
14715,57,105,5.0
14716,243,40,4.0
14717,244,85,4.5
14718,152,107,4.5
14719,301,104,5.0
14720,303,1,5.0
14721,14,100,4.5
14722,462,42,5.0
14723,154,72,4.0
14724,462,72,5.0
14725,318,78,3.5
14726,464,52,4.0
14727,138,108,4.0
14728,481,43,5.0
14729,101,65,5.0
14730,486,13,5.0
14731,72,108,4.0
14732,500,58,4.5
14733,362,61,5.0
14734,153,19,4.5
14735,392,20,5.0
14736,345,45,4.0
14737,459,91,5.0
14738,248,134,5.0
14739,94,27,4.5
14740,329,68,4.0
14741,25,35,4.0
14742,317,127,4.0
14743,341,54,4.5
14744,352,99,4.5
14745,439,31,5.0
14746,114,90,5.0
14747,103,34,4.0
14748,279,58,4.5
14749,105,41,5.0
14750,42,77,4.5
14751,67,88,3.0
14752,99,92,5.0
14753,439,65,5.0
14754,330,9,4.0
14755,154,34,4.5
14756,227,82,4.5
14757,202,118,4.5
14758,485,1,4.5
14759,26,26,5.0
14760,120,74,3.5
14761,336,107,4.0
14762,416,58,2.5
14763,389,114,4.0
14764,402,128,2.5
14765,94,12,5.0
14766,477,96,5.0
14767,139,45,5.0
14768,13,50,5.0
14769,74,124,3.5
14770,116,26,4.5
14771,166,75,4.0
14772,439,134,4.5
14773,214,65,5.0
14774,418,24,4.0
14775,150,73,2.5
14776,208,11,5.0
14777,338,67,4.0
14778,234,92,5.0
14779,480,14,5.0
14780,155,74,4.5
14781,309,10,4.5
14782,338,133,4.0
14783,164,79,5.0
14784,10,35,4.0
14785,473,55,5.0
14786,424,120,5.0
14787,347,97,3.5
14788,268,79,4.0
14789,106,71,4.5
14790,224,86,5.0
14791,344,114,5.0
14792,384,27,5.0
14793,272,131,4.0
14794,476,90,4.5
14795,179,72,3.5
14796,403,115,4.0
14797,164,64,5.0
14798,120,21,4.5
14799,36,99,5.0
14800,27,63,4.5
14801,426,8,4.5
14802,237,2,5.0
14803,439,71,4.0
14804,175,81,4.5
14805,213,102,5.0
14806,471,47,5.0
14807,274,91,3.5
14808,438,129,5.0
14809,262,9,4.5
14810,462,64,5.0
14811,420,54,5.0
14812,17,130,5.0
14813,62,102,4.0
14814,475,60,5.0
14815,191,113,4.0
14816,120,131,5.0
14817,119,28,4.0
14818,77,82,5.0
14819,92,47,5.0
14820,153,15,4.0
14821,72,8,5.0
14822,182,25,4.0
14823,291,116,3.5
