rating_id,user_id,anime_id,rating
1,1,3,4.5
2,1,4,4.0
3,1,8,2.5
4,1,9,4.0
5,1,12,1.5
6,1,20,4.5
7,1,24,4.0
8,1,29,2.5
9,1,44,4.0
10,1,52,4.5
11,1,55,4.5
12,1,57,1.5
13,1,61,4.5
14,1,71,4.0
15,1,77,2.0
16,1,83,4.0
17,1,87,5.0
18,1,98,4.5
19,1,99,1.0
20,1,101,4.0
21,1,103,2.5
22,1,106,5.0
23,1,107,1.0
24,1,116,5.0
25,1,118,4.0
26,1,123,5.0
27,1,125,2.0
28,1,128,4.5
29,1,134,4.5
30,1,136,4.5
31,2,4,1.0
32,2,5,4.5
33,2,9,2.5
34,2,11,5.0
35,2,17,4.5
36,2,24,1.0
37,2,27,4.0
38,2,31,1.0
39,2,33,4.0
40,2,35,1.5
41,2,36,4.5
42,2,37,4.0
43,2,44,4.5
44,2,46,4.0
45,2,57,1.0
46,2,58,2.0
47,2,61,1.5
48,2,65,4.0
49,2,70,5.0
50,2,71,5.0
51,2,80,4.5
52,2,84,4.0
53,2,86,4.5
54,2,99,4.0
55,2,102,5.0
56,2,106,5.0
57,2,107,4.0
58,2,108,1.0
59,2,111,4.0
60,2,118,1.0
61,3,33,5.0
62,3,37,4.5
63,3,71,4.5
64,3,92,5.0
65,3,118,4.0
66,3,129,4.5
67,3,144,5.0
68,3,163,5.0
69,3,168,5.0
70,3,177,4.0
71,3,178,4.0
72,3,180,4.5
73,3,186,5.0
74,3,200,4.0
75,3,211,4.5
76,3,219,4.5
77,3,228,5.0
78,3,248,5.0
79,3,268,4.0
80,3,272,4.5
81,3,295,4.0
82,3,322,4.0
83,3,354,2.0
84,3,369,4.0
85,3,375,4.0
86,3,382,4.5
87,3,383,4.0
88,3,386,5.0
89,3,388,4.5
90,3,389,4.0
91,4,2,5.0
92,4,7,4.0
93,4,9,4.5
94,4,11,4.5
95,4,13,5.0
96,4,20,5.0
97,4,22,5.0
98,4,23,4.0
99,4,30,5.0
100,4,35,4.5
101,4,37,5.0
102,4,45,4.5
103,4,50,5.0
104,4,51,4.0
105,4,55,5.0
106,4,64,5.0
107,4,70,4.0
108,4,82,4.5
109,4,89,5.0
110,4,94,4.0
111,4,101,4.0
112,4,102,4.0
113,4,106,4.5
114,4,126,5.0
115,4,129,4.0
116,4,134,5.0
117,4,136,4.0
118,4,139,4.0
119,4,172,4.0
120,4,180,5.0
121,5,5,4.5
122,5,6,4.5
123,5,7,4.5
124,5,9,5.0
125,5,10,4.0
126,5,11,5.0
127,5,12,4.0
128,5,15,4.5
129,5,16,4.5
130,5,20,4.5
131,5,26,5.0
132,5,29,4.5
133,5,30,4.5
134,5,51,4.0
135,5,52,4.5
136,5,56,4.5
137,5,84,4.5
138,5,86,2.5
139,5,88,4.5
140,5,90,4.5
141,5,91,4.5
142,5,92,4.5
143,5,97,4.0
144,5,101,2.0
145,5,103,4.0
146,5,111,4.0
147,5,117,4.5
148,5,123,5.0
149,5,124,4.5
150,5,125,5.0
151,6,80,5.0
152,6,28,5.0
153,6,7,5.0
154,6,134,4.5
155,6,97,4.5
156,6,102,4.5
157,6,51,4.0
158,6,10,5.0
159,6,76,4.0
160,6,89,5.0
161,6,107,5.0
162,6,81,4.5
163,6,32,5.0
164,6,14,5.0
165,6,90,4.0
166,6,99,4.5
167,6,39,4.0
168,6,109,3.5
169,6,88,4.5
170,6,77,4.0
171,6,104,5.0
172,6,16,4.0
173,6,129,4.5
174,6,73,3.5
175,6,101,5.0
176,7,119,4.5
177,7,98,4.5
178,7,87,5.0
179,7,8,4.5
180,7,127,4.0
181,7,84,5.0
182,7,47,5.0
183,7,63,4.5
184,7,28,5.0
185,7,46,4.5
186,7,103,4.0
187,7,34,4.0
188,7,44,4.5
189,7,36,5.0
190,7,113,4.5
191,7,77,4.0
192,7,90,5.0
193,7,120,4.5
194,7,121,5.0
195,7,72,4.5
196,7,2,4.5
197,7,67,4.5
198,7,25,3.5
199,7,11,4.5
200,7,31,4.5
201,7,93,4.5
202,7,53,4.0
203,7,130,4.0
204,7,115,4.0
205,7,133,3.5
206,8,59,3.5
207,8,93,5.0
208,8,46,4.5
209,8,78,5.0
210,8,4,5.0
211,8,33,5.0
212,8,71,4.5
213,8,6,4.5
214,8,125,4.5
215,8,7,5.0
216,8,128,3.0
217,8,38,5.0
218,8,90,4.0
219,8,121,4.5
220,8,17,3.5
221,8,82,4.0
222,8,112,4.5
223,8,97,3.5
224,8,63,5.0
225,8,14,5.0
226,8,118,4.5
227,8,2,4.5
228,8,74,4.0
229,8,37,4.5
230,8,61,3.5
231,8,62,5.0
232,8,57,5.0
233,8,44,4.5
234,8,24,4.5
235,8,126,5.0
236,8,129,5.0
237,8,109,5.0
238,8,15,5.0
239,9,75,4.0
240,9,9,4.5
241,9,60,3.5
242,9,74,4.0
243,9,73,3.0
244,9,117,4.0
245,9,19,5.0
246,9,88,4.5
247,9,30,4.0
248,9,119,3.5
249,9,34,4.5
250,9,101,4.5
251,9,102,4.5
252,9,81,3.5
253,9,76,4.0
254,9,85,4.5
255,9,103,5.0
256,9,26,5.0
257,9,55,4.0
258,9,15,5.0
259,9,70,5.0
260,9,29,4.5
261,9,83,5.0
262,9,20,3.5
263,9,35,3.0
264,9,106,4.5
265,9,128,3.0
266,9,10,5.0
267,9,8,5.0
268,9,22,5.0
269,9,122,4.0
270,9,40,4.5
271,9,77,4.0
272,9,96,5.0
273,9,130,5.0
274,9,37,4.5
275,9,57,4.5
276,9,16,5.0
277,9,132,3.5
278,9,89,3.5
279,9,39,5.0
280,9,90,4.5
281,9,52,5.0
282,9,110,4.5
283,9,65,5.0
284,10,114,5.0
285,10,14,5.0
286,10,53,4.5
287,10,69,5.0
288,10,34,4.0
289,10,74,4.5
290,10,113,5.0
291,10,128,2.0
292,10,90,5.0
293,10,63,3.5
294,10,16,5.0
295,10,4,4.5
296,10,81,5.0
297,10,78,2.5
298,10,103,3.5
299,10,31,4.5
300,10,91,4.5
301,10,21,4.0
302,10,40,4.5
303,10,71,3.5
304,10,2,4.5
305,10,115,4.0
306,10,132,3.5
307,10,12,5.0
308,10,29,5.0
309,10,108,4.5
310,10,15,4.5
311,10,60,4.5
312,10,124,4.5
313,10,83,4.5
314,10,20,4.0
315,10,64,5.0
316,10,92,4.0
317,10,38,4.0
318,10,66,4.0
319,10,118,5.0
320,10,35,4.0
321,10,54,5.0
322,10,62,5.0
323,10,61,4.0
324,10,32,4.0
325,10,59,5.0
326,10,127,4.0
327,10,19,4.0
328,10,50,4.5
329,10,25,4.5
330,11,121,4.0
331,11,68,4.5
332,11,87,3.5
333,11,102,5.0
334,11,21,5.0
335,11,85,4.5
336,11,98,5.0
337,11,82,5.0
338,11,125,5.0
339,11,10,4.0
340,11,18,4.0
341,11,61,5.0
342,11,74,5.0
343,11,59,5.0
344,11,24,4.0
345,11,112,5.0
346,11,26,5.0
347,11,114,5.0
348,11,43,5.0
349,12,66,4.5
350,12,3,4.5
351,12,120,4.0
352,12,74,4.0
353,12,41,4.5
354,12,19,4.0
355,12,114,4.0
356,12,121,3.5
357,12,45,4.0
358,12,76,4.0
359,12,39,4.5
360,12,82,4.5
361,12,55,4.0
362,12,89,5.0
363,12,33,4.5
364,12,59,4.5
365,12,109,4.0
366,12,124,5.0
367,12,26,5.0
368,12,50,5.0
369,12,110,3.5
370,12,62,4.5
371,12,14,3.5
372,12,31,4.5
373,12,49,5.0
374,12,131,4.0
375,12,46,5.0
376,12,118,4.0
377,12,38,5.0
378,12,90,3.5
379,12,106,4.5
380,12,133,5.0
381,12,85,5.0
382,12,51,4.5
383,12,36,5.0
384,12,2,4.5
385,12,73,3.0
386,12,88,3.0
387,12,96,5.0
388,12,7,4.5
389,12,78,4.0
390,12,64,5.0
391,12,37,5.0
392,12,30,5.0
393,13,68,4.5
394,13,98,4.0
395,13,96,5.0
396,13,28,4.5
397,13,60,4.5
398,13,121,4.0
399,13,7,4.5
400,13,80,5.0
401,13,114,4.0
402,13,129,4.5
403,13,72,5.0
404,13,42,4.5
405,13,118,4.0
406,13,79,5.0
407,13,29,5.0
408,13,83,4.0
409,13,9,5.0
410,13,82,5.0
411,13,106,3.0
412,13,130,4.5
413,13,90,4.5
414,13,39,5.0
415,13,84,5.0
416,13,53,5.0
417,13,15,5.0
418,13,18,4.0
419,13,6,4.5
420,13,5,4.0
421,13,113,4.5
422,13,64,4.5
423,13,110,5.0
424,13,13,4.5
425,13,31,5.0
426,13,69,5.0
427,13,109,5.0
428,13,50,5.0
429,13,59,4.5
430,13,48,5.0
431,14,38,5.0
432,14,1,5.0
433,14,71,4.5
434,14,134,5.0
435,14,34,5.0
436,14,65,3.5
437,14,45,4.0
438,14,15,5.0
439,14,85,5.0
440,14,111,4.5
441,14,4,4.0
442,14,17,4.0
443,14,2,4.5
444,14,46,4.0
445,14,102,5.0
446,14,101,4.5
447,14,31,5.0
448,14,76,5.0
449,14,42,5.0
450,14,3,5.0
451,14,23,4.0
452,14,130,4.0
453,14,7,4.0
454,14,123,5.0
455,14,95,3.5
456,14,54,4.5
457,14,68,4.5
458,14,127,4.5
459,14,96,4.5
460,14,9,3.5
461,14,61,4.0
462,14,58,4.0
463,14,100,4.5
464,14,47,4.5
465,14,66,4.5
466,14,117,4.5
467,15,103,5.0
468,15,107,5.0
469,15,25,5.0
470,15,81,5.0
471,15,110,5.0
472,15,131,4.0
473,15,66,4.5
474,15,48,4.5
475,15,123,5.0
476,15,20,5.0
477,15,88,3.5
478,15,119,5.0
479,15,61,5.0
480,15,9,4.0
481,15,12,4.5
482,15,133,4.0
483,15,11,4.0
484,15,120,4.0
485,15,56,4.5
486,15,13,4.5
487,15,96,4.5
488,15,95,5.0
489,15,127,5.0
490,15,104,4.5
491,15,17,4.5
492,15,72,5.0
493,15,8,4.5
494,15,76,4.5
495,15,109,4.5
496,15,106,3.0
497,15,43,5.0
498,15,86,5.0
499,15,16,4.5
500,15,53,5.0
501,15,46,5.0
502,15,134,5.0
503,15,97,4.0
504,15,55,5.0
505,15,93,3.5
506,15,7,4.0
507,15,37,5.0
508,15,77,5.0
509,15,40,5.0
510,15,100,4.5
511,16,109,4.0
512,16,125,5.0
513,16,114,4.5
514,16,107,4.5
515,16,70,3.5
516,16,56,5.0
517,16,30,5.0
518,16,45,5.0
519,16,129,4.0
520,16,15,5.0
521,16,37,4.0
522,16,87,5.0
523,16,123,5.0
524,16,76,5.0
525,16,63,4.5
526,16,68,5.0
527,16,86,5.0
528,16,40,4.0
529,16,6,5.0
530,16,29,5.0
531,16,51,5.0
532,16,77,5.0
533,16,8,4.5
534,16,1,4.5
535,16,27,5.0
536,16,39,4.5
537,16,28,5.0
538,16,99,4.5
539,16,18,4.5
540,16,98,5.0
541,16,33,4.5
542,16,38,5.0
543,16,42,5.0
544,16,16,5.0
545,16,111,5.0
546,16,64,5.0
547,16,96,4.5
548,16,126,4.0
549,16,23,4.0
550,16,17,4.0
551,16,49,4.0
552,16,69,3.5
553,16,91,3.5
554,16,128,1.5
555,16,65,4.0
556,16,72,5.0
557,16,118,4.5
558,16,46,5.0
559,16,10,4.0
560,16,132,3.5
561,16,116,5.0
562,16,97,4.0
563,16,3,4.5
564,16,59,5.0
565,16,88,4.5
566,16,41,5.0
567,16,74,4.5
568,17,130,5.0
569,17,99,4.5
570,17,119,5.0
571,17,11,5.0
572,17,116,5.0
573,17,49,5.0
574,17,83,4.5
575,17,78,4.0
576,17,61,5.0
577,17,65,5.0
578,17,20,4.5
579,17,123,4.0
580,17,8,5.0
581,17,58,5.0
582,17,14,4.0
583,17,104,5.0
584,17,134,4.0
585,17,108,4.5
586,17,44,4.0
587,17,92,4.5
588,17,131,4.0
589,17,125,4.5
590,17,128,3.5
591,17,23,5.0
592,17,6,5.0
593,17,32,5.0
594,17,91,4.5
595,17,57,4.5
596,17,107,5.0
597,17,68,5.0
598,17,67,5.0
599,17,79,5.0
600,17,21,5.0
601,17,47,5.0
602,17,48,3.5
603,17,37,5.0
604,17,50,5.0
605,17,53,4.5
606,17,118,4.0
607,17,87,4.5
608,17,77,5.0
609,17,7,5.0
610,17,81,4.0
611,17,112,5.0
612,17,43,4.5
613,17,9,4.5
614,17,90,5.0
615,17,13,4.5
616,17,72,4.5
617,17,98,4.0
618,17,133,5.0
619,17,33,4.5
620,17,127,4.0
621,17,124,4.0
622,18,95,4.0
623,18,113,4.5
624,18,119,5.0
625,18,73,3.0
626,18,98,5.0
627,18,129,5.0
628,18,108,5.0
629,18,124,5.0
630,18,21,4.5
631,18,105,4.0
632,18,26,5.0
633,18,103,4.5
634,18,78,4.5
635,18,18,4.0
636,18,112,5.0
637,18,33,5.0
638,18,7,5.0
639,18,83,5.0
640,18,62,5.0
641,18,120,5.0
642,18,48,4.0
643,18,71,4.5
644,18,14,4.5
645,18,92,4.5
646,18,109,5.0
647,18,67,4.5
648,18,16,4.5
649,19,2,4.5
650,19,21,4.0
651,19,5,4.0
652,19,66,5.0
653,19,56,3.5
654,19,39,4.5
655,19,109,4.0
656,19,15,5.0
657,19,100,4.5
658,19,37,4.5
659,19,31,4.5
660,19,129,5.0
661,19,16,5.0
662,19,7,4.5
663,19,124,5.0
664,19,54,5.0
665,19,82,4.5
666,19,102,4.5
667,19,80,4.0
668,19,59,4.0
669,19,9,5.0
670,19,127,5.0
671,19,108,4.5
672,19,64,5.0
673,19,77,5.0
674,19,69,4.0
675,19,3,5.0
676,19,81,4.5
677,19,131,4.5
678,19,74,5.0
679,19,120,4.5
680,19,92,3.5
681,19,19,5.0
682,19,38,5.0
683,19,55,5.0
684,19,1,3.5
685,19,79,4.5
686,19,46,5.0
687,19,104,4.0
688,19,105,5.0
689,19,119,4.5
690,19,24,5.0
691,19,86,4.5
692,20,85,4.5
693,20,70,3.5
694,20,32,4.5
695,20,95,4.0
696,20,112,5.0
697,20,103,5.0
698,20,113,4.0
699,20,115,4.5
700,20,123,5.0
701,20,50,5.0
702,20,44,5.0
703,20,24,4.0
704,20,64,5.0
705,20,89,5.0
706,20,122,4.5
707,20,48,4.0
708,20,129,5.0
709,20,67,4.5
710,20,35,4.0
711,20,118,5.0
712,20,11,5.0
713,20,94,4.0
714,20,55,5.0
715,20,114,5.0
716,20,56,4.5
717,20,78,5.0
718,20,106,5.0
719,20,126,5.0
720,20,133,4.5
721,20,38,5.0
722,20,42,4.0
723,20,14,5.0
724,20,111,5.0
725,20,104,4.0
726,20,134,3.0
727,20,105,5.0
728,20,40,5.0
729,20,58,5.0
730,20,109,4.5
731,20,92,4.0
732,20,130,2.5
733,20,22,5.0
734,20,121,3.0
735,20,57,5.0
736,20,45,4.5
737,20,97,4.5
738,20,6,4.0
739,20,46,5.0
740,20,79,5.0
741,20,110,5.0
742,20,36,5.0
743,20,82,5.0
744,20,8,4.5
745,20,10,4.5
746,20,52,5.0
747,20,47,5.0
748,21,7,5.0
749,21,93,5.0
750,21,95,4.0
751,21,120,5.0
752,21,34,4.5
753,21,23,4.5
754,21,17,4.5
755,21,40,5.0
756,21,51,5.0
757,21,92,4.5
758,21,133,5.0
759,21,62,4.5
760,21,68,4.5
761,21,53,4.0
762,21,99,4.0
763,21,121,4.0
764,21,106,4.5
765,21,74,3.5
766,21,10,4.0
767,21,128,2.5
768,21,41,5.0
769,21,83,5.0
770,21,116,5.0
771,21,58,5.0
772,21,60,5.0
773,21,88,4.5
774,21,67,4.0
775,21,45,5.0
776,21,115,5.0
777,21,100,4.5
778,21,71,4.0
779,21,82,5.0
780,21,76,4.5
781,21,24,4.5
782,21,131,4.0
783,21,118,4.5
784,21,56,5.0
785,21,65,4.5
786,21,8,5.0
787,21,16,4.5
788,21,108,4.5
789,21,20,4.0
790,21,39,5.0
791,21,22,4.5
792,21,21,5.0
793,21,42,5.0
794,22,34,4.5
795,22,95,3.5
796,22,132,3.5
797,22,28,4.5
798,22,82,5.0
799,22,62,4.5
800,22,120,5.0
801,22,16,5.0
802,22,35,3.0
803,22,58,4.5
804,22,32,4.5
805,22,19,5.0
806,22,13,5.0
807,22,7,5.0
808,22,38,5.0
809,22,50,4.5
810,22,111,5.0
811,22,79,5.0
812,22,54,5.0
813,22,124,4.0
814,22,118,5.0
815,22,21,4.5
816,22,105,5.0
817,22,42,3.5
818,22,74,4.5
819,22,93,4.0
820,22,41,4.5
821,22,25,5.0
822,22,98,5.0
823,22,113,3.5
824,22,64,5.0
825,22,66,4.0
826,22,60,4.5
827,22,104,5.0
828,22,40,5.0
829,22,101,4.5
830,22,3,5.0
831,22,12,5.0
832,22,51,5.0
833,22,65,5.0
834,23,132,3.0
835,23,36,5.0
836,23,84,5.0
837,23,82,4.5
838,23,42,5.0
839,23,101,5.0
840,23,77,5.0
841,23,76,4.5
842,23,44,4.5
843,23,65,5.0
844,23,107,4.0
845,23,66,4.5
846,23,69,4.0
847,23,63,3.0
848,23,91,4.0
849,23,73,2.5
850,23,39,5.0
851,23,61,5.0
852,23,105,4.5
853,23,3,4.0
854,23,48,4.5
855,23,43,4.0
856,23,87,3.5
857,23,15,4.5
858,23,54,3.5
859,23,75,4.5
860,23,40,5.0
861,23,102,5.0
862,23,93,4.5
863,23,89,4.5
864,23,81,5.0
865,23,4,5.0
866,23,128,3.0
867,23,117,4.5
868,23,34,4.0
869,23,134,4.0
870,23,109,4.5
871,23,74,3.5
872,23,30,4.0
873,23,106,4.5
874,23,7,4.5
875,23,98,4.0
876,23,62,4.5
877,23,22,5.0
878,23,68,4.5
879,23,104,4.0
880,23,80,5.0
881,23,49,5.0
882,23,19,5.0
883,23,32,5.0
884,23,5,5.0
885,23,97,5.0
886,23,111,4.5
887,24,52,4.0
888,24,70,3.5
889,24,133,4.0
890,24,36,5.0
891,24,28,4.5
892,24,62,4.5
893,24,63,5.0
894,24,7,5.0
895,24,86,5.0
896,24,116,4.0
897,24,68,5.0
898,24,29,5.0
899,24,82,5.0
900,24,30,4.5
901,24,127,5.0
902,24,13,4.5
903,24,53,5.0
904,24,43,3.5
905,24,92,5.0
906,24,61,5.0
907,24,119,5.0
908,24,88,4.0
909,24,99,4.5
910,24,18,3.0
911,24,1,5.0
912,24,71,4.5
913,24,21,4.5
914,24,118,5.0
915,25,117,5.0
916,25,127,5.0
917,25,35,4.0
918,25,130,5.0
919,25,120,4.5
920,25,70,5.0
921,25,50,4.5
922,25,104,5.0
923,25,15,5.0
924,25,43,3.5
925,25,21,4.5
926,25,94,5.0
927,25,59,5.0
928,25,83,4.5
929,25,33,4.5
930,25,92,4.5
931,25,24,5.0
932,25,2,5.0
933,25,95,3.5
934,25,44,5.0
935,25,102,5.0
936,25,38,4.0
937,25,73,3.0
938,25,87,5.0
939,25,97,5.0
940,25,25,4.5
941,25,23,4.5
942,25,79,4.5
943,25,82,5.0
944,25,52,5.0
945,25,55,4.5
946,25,66,4.0
947,25,42,4.0
948,26,56,5.0
949,26,64,5.0
950,26,21,5.0
951,26,115,4.5
952,26,93,4.0
953,26,20,5.0
954,26,29,5.0
955,26,8,5.0
956,26,107,4.5
957,26,71,4.5
958,26,116,5.0
959,26,65,5.0
960,26,26,5.0
961,26,74,4.5
962,26,69,3.0
963,26,129,4.0
964,26,22,5.0
965,26,42,3.5
966,26,110,5.0
967,26,67,4.5
968,26,57,4.5
969,26,15,5.0
970,26,88,4.0
971,26,27,5.0
972,26,92,5.0
973,26,75,5.0
974,26,63,5.0
975,26,12,4.5
976,26,66,5.0
977,26,58,5.0
978,26,104,4.5
979,26,127,4.5
980,26,59,3.0
981,26,17,3.0
982,26,106,5.0
983,26,54,4.0
984,26,102,5.0
985,26,73,3.5
986,26,103,5.0
987,26,72,5.0
988,26,60,5.0
989,26,87,5.0
990,26,40,4.0
991,26,3,5.0
992,26,51,5.0
993,26,33,3.5
994,26,1,4.0
995,26,28,5.0
996,26,109,4.0
997,27,9,5.0
998,27,115,5.0
999,27,13,5.0
1000,27,63,4.5
1001,27,12,5.0
1002,27,103,4.0
1003,27,113,4.0
1004,27,60,5.0
1005,27,56,5.0
1006,27,15,4.5
1007,27,36,4.5
1008,27,129,3.5
1009,27,75,4.5
1010,27,82,5.0
1011,27,83,5.0
1012,27,61,5.0
1013,27,78,4.5
1014,27,37,4.0
1015,27,134,5.0
1016,27,57,4.0
1017,27,106,4.5
1018,28,106,3.5
1019,28,107,4.5
1020,28,35,4.5
1021,28,100,3.5
1022,28,63,5.0
1023,28,66,4.5
1024,28,53,5.0
1025,28,43,5.0
1026,28,83,4.0
1027,28,11,5.0
1028,28,119,4.0
1029,28,58,4.5
1030,28,109,4.0
1031,28,48,5.0
1032,28,12,5.0
1033,28,69,5.0
1034,28,93,5.0
1035,28,133,5.0
1036,28,25,4.5
1037,28,7,4.0
1038,28,132,3.0
1039,28,49,4.5
1040,28,87,4.0
1041,28,78,5.0
1042,28,111,5.0
1043,28,6,4.5
1044,28,10,4.5
1045,28,116,3.5
1046,28,103,4.0
1047,28,98,4.0
1048,28,76,5.0
1049,28,118,3.5
1050,28,86,5.0
1051,28,72,4.5
1052,28,28,4.0
1053,28,62,5.0
1054,28,27,4.5
1055,28,127,5.0
1056,28,39,5.0
1057,28,2,5.0
1058,28,131,5.0
1059,28,117,5.0
1060,28,16,4.5
1061,28,99,3.5
1062,28,32,4.5
1063,28,110,5.0
1064,28,105,5.0
1065,28,51,5.0
1066,28,31,5.0
1067,28,71,5.0
1068,29,39,5.0
1069,29,3,4.5
1070,29,56,4.5
1071,29,130,5.0
1072,29,117,4.5
1073,29,96,4.0
1074,29,16,5.0
1075,29,80,5.0
1076,29,82,4.0
1077,29,86,5.0
1078,29,120,4.5
1079,29,79,4.5
1080,29,131,4.5
1081,29,62,5.0
1082,29,85,5.0
1083,29,63,5.0
1084,29,133,4.5
1085,29,1,5.0
1086,29,69,5.0
1087,29,71,5.0
1088,29,53,4.0
1089,29,2,4.5
1090,29,118,4.5
1091,29,68,5.0
1092,29,93,4.5
1093,29,36,5.0
1094,29,116,4.5
1095,29,37,4.5
1096,29,112,4.0
1097,29,65,4.5
1098,29,90,5.0
1099,29,87,5.0
1100,29,132,4.0
1101,29,23,5.0
1102,29,14,4.5
1103,29,13,5.0
1104,29,111,4.5
1105,29,20,4.5
1106,29,31,4.5
1107,29,25,5.0
1108,29,127,4.5
1109,29,98,3.0
1110,29,33,4.5
1111,29,46,5.0
1112,29,35,4.0
1113,29,51,5.0
1114,29,11,4.5
1115,29,48,5.0
1116,29,52,3.0
1117,29,59,4.0
1118,29,73,4.0
1119,29,32,5.0
1120,29,29,5.0
1121,29,134,5.0
1122,29,88,4.5
1123,29,5,4.0
1124,29,12,5.0
1125,29,125,4.0
1126,29,49,5.0
1127,29,76,4.5
1128,30,64,4.5
1129,30,19,4.0
1130,30,22,4.5
1131,30,69,5.0
1132,30,40,3.5
1133,30,98,5.0
1134,30,130,5.0
1135,30,95,4.0
1136,30,50,4.0
1137,30,41,3.0
1138,30,47,4.0
1139,30,14,5.0
1140,30,12,5.0
1141,30,1,4.5
1142,30,128,2.5
1143,30,57,4.5
1144,30,124,5.0
1145,30,129,5.0
1146,30,35,4.0
1147,30,123,5.0
1148,30,17,4.5
1149,30,122,5.0
1150,30,24,4.0
1151,30,56,5.0
1152,30,58,4.5
1153,30,72,4.0
1154,30,109,4.5
1155,30,66,4.5
1156,30,53,4.5
1157,30,115,5.0
1158,30,4,5.0
1159,30,113,5.0
1160,30,46,4.5
1161,31,86,5.0
1162,31,111,4.5
1163,31,35,4.5
1164,31,77,3.5
1165,31,83,4.5
1166,31,52,4.5
1167,31,123,5.0
1168,31,41,5.0
1169,31,23,5.0
1170,31,124,5.0
1171,31,51,4.5
1172,31,127,5.0
1173,31,38,4.0
1174,31,95,3.5
1175,31,89,3.5
1176,31,82,4.5
1177,31,63,5.0
1178,31,74,4.0
1179,31,101,5.0
1180,31,32,5.0
1181,31,42,4.5
1182,31,49,3.5
1183,31,36,3.5
1184,31,105,4.0
1185,31,116,5.0
1186,31,125,5.0
1187,31,47,4.5
1188,31,15,4.5
1189,31,73,2.5
1190,31,26,4.5
1191,31,76,4.0
1192,31,70,4.0
1193,31,24,5.0
1194,31,88,4.5
1195,31,99,5.0
1196,31,71,4.0
1197,31,4,5.0
1198,31,94,4.5
1199,31,60,4.5
1200,31,91,4.0
1201,31,27,4.5
1202,31,57,4.0
1203,31,122,4.0
1204,32,129,5.0
1205,32,39,4.5
1206,32,89,3.5
1207,32,7,4.5
1208,32,124,4.5
1209,32,27,5.0
1210,32,76,5.0
1211,32,54,4.5
1212,32,118,5.0
1213,32,130,5.0
1214,32,11,4.0
1215,32,15,5.0
1216,32,107,4.0
1217,32,121,4.0
1218,32,94,4.5
1219,32,19,5.0
1220,32,45,5.0
1221,32,40,3.0
1222,32,44,5.0
1223,32,59,4.5
1224,32,101,5.0
1225,32,134,4.5
1226,32,67,4.5
1227,32,62,4.5
1228,32,126,5.0
1229,32,61,5.0
1230,32,13,5.0
1231,32,57,5.0
1232,32,93,3.5
1233,32,90,4.0
1234,32,58,4.0
1235,32,41,4.5
1236,32,9,5.0
1237,32,133,5.0
1238,32,6,5.0
1239,32,91,5.0
1240,32,123,5.0
1241,32,3,4.0
1242,32,116,4.0
1243,32,83,4.0
1244,32,14,5.0
1245,32,87,3.5
1246,32,22,4.5
1247,32,32,5.0
1248,32,112,4.5
1249,32,23,5.0
1250,32,71,5.0
1251,32,21,5.0
1252,32,43,5.0
1253,32,72,4.0
1254,32,55,4.0
1255,32,60,5.0
1256,32,30,4.5
1257,32,52,5.0
1258,32,24,5.0
1259,32,80,4.0
1260,32,56,4.5
1261,32,51,4.0
1262,32,4,5.0
1263,33,43,5.0
1264,33,22,4.5
1265,33,8,5.0
1266,33,57,4.5
1267,33,75,4.5
1268,33,9,4.5
1269,33,71,4.5
1270,33,29,4.0
1271,33,69,5.0
1272,33,37,4.0
1273,33,133,4.0
1274,33,100,5.0
1275,33,59,5.0
1276,33,73,2.0
1277,33,96,5.0
1278,33,99,4.0
1279,33,119,4.0
1280,33,64,4.5
1281,33,128,4.0
1282,33,66,5.0
1283,33,15,4.5
1284,33,74,5.0
1285,33,114,5.0
1286,33,35,3.5
1287,33,123,5.0
1288,33,70,4.0
1289,33,106,5.0
1290,33,47,5.0
1291,33,109,4.0
1292,33,97,5.0
1293,33,6,4.5
1294,33,98,5.0
1295,33,93,4.5
1296,33,131,4.0
1297,33,108,5.0
1298,33,28,5.0
1299,33,55,4.5
1300,33,14,5.0
1301,33,95,4.0
1302,33,84,5.0
1303,33,32,4.0
1304,33,39,4.0
1305,33,5,4.5
1306,33,58,5.0
1307,33,34,5.0
1308,33,45,3.5
1309,34,72,5.0
1310,34,95,4.0
1311,34,117,5.0
1312,34,125,5.0
1313,34,84,5.0
1314,34,1,5.0
1315,34,24,5.0
1316,34,94,5.0
1317,34,131,4.5
1318,34,59,5.0
1319,34,82,5.0
1320,34,86,5.0
1321,34,90,5.0
1322,34,46,4.5
1323,34,109,4.0
1324,34,9,5.0
1325,34,102,4.5
1326,34,69,4.5
1327,34,51,4.5
1328,34,28,4.0
1329,34,55,5.0
1330,34,106,4.5
1331,34,115,5.0
1332,34,64,5.0
1333,34,35,4.0
1334,34,42,4.5
1335,34,107,4.5
1336,34,37,3.5
1337,34,44,5.0
1338,34,71,4.5
1339,34,74,5.0
1340,34,17,4.5
1341,34,73,2.5
1342,34,63,5.0
1343,34,113,5.0
1344,34,88,4.5
1345,34,98,5.0
1346,34,7,4.5
1347,34,6,5.0
1348,34,13,4.0
1349,34,81,5.0
1350,34,126,5.0
1351,34,3,5.0
1352,34,16,5.0
1353,34,21,5.0
1354,34,57,4.5
1355,34,93,3.5
1356,35,114,5.0
1357,35,56,4.5
1358,35,23,5.0
1359,35,26,4.5
1360,35,36,4.5
1361,35,32,4.5
1362,35,99,4.5
1363,35,45,4.5
1364,35,124,5.0
1365,35,55,3.5
1366,35,41,5.0
1367,35,102,4.0
1368,35,18,5.0
1369,35,129,5.0
1370,35,130,5.0
1371,35,83,4.5
1372,35,11,5.0
1373,35,121,4.5
1374,35,71,4.5
1375,35,77,5.0
1376,35,115,5.0
1377,35,93,5.0
1378,35,78,4.5
1379,35,37,4.5
1380,35,100,5.0
1381,35,89,5.0
1382,35,4,4.0
1383,35,85,4.0
1384,35,39,5.0
1385,35,27,4.5
1386,35,67,4.5
1387,35,112,5.0
1388,35,66,5.0
1389,35,25,5.0
1390,35,96,4.0
1391,35,51,5.0
1392,35,38,5.0
1393,35,119,4.0
1394,35,7,4.5
1395,35,31,4.5
1396,35,64,4.0
1397,36,112,5.0
1398,36,62,3.5
1399,36,15,4.5
1400,36,63,4.5
1401,36,23,4.5
1402,36,134,5.0
1403,36,30,5.0
1404,36,59,4.5
1405,36,79,5.0
1406,36,78,5.0
1407,36,8,5.0
1408,36,40,4.5
1409,36,86,5.0
1410,36,95,4.0
1411,36,85,5.0
1412,36,121,3.5
1413,36,130,4.5
1414,36,16,4.5
1415,36,2,5.0
1416,36,91,5.0
1417,36,18,4.0
1418,36,90,5.0
1419,36,116,4.5
1420,36,21,4.5
1421,36,64,4.5
1422,36,45,4.5
1423,36,67,4.5
1424,36,108,5.0
1425,36,101,5.0
1426,36,93,4.5
1427,36,34,5.0
1428,36,22,4.0
1429,36,48,5.0
1430,36,17,3.5
1431,36,96,5.0
1432,36,35,4.0
1433,36,94,4.0
1434,36,117,5.0
1435,36,4,5.0
1436,36,43,4.0
1437,36,55,4.5
1438,36,99,5.0
1439,36,68,5.0
1440,36,9,4.5
1441,36,104,5.0
1442,36,74,3.5
1443,36,81,3.5
1444,36,10,4.5
1445,36,110,5.0
1446,36,127,5.0
1447,36,66,5.0
1448,36,47,5.0
1449,36,124,4.0
1450,36,122,4.0
1451,36,73,4.0
1452,36,103,4.5
1453,36,102,4.5
1454,36,111,4.0
1455,36,33,4.5
1456,37,61,4.5
1457,37,108,5.0
1458,37,126,4.0
1459,37,16,5.0
1460,37,37,5.0
1461,37,72,4.0
1462,37,24,5.0
1463,37,6,3.5
1464,37,118,4.0
1465,37,30,5.0
1466,37,115,5.0
1467,37,109,4.5
1468,37,67,5.0
1469,37,53,5.0
1470,37,90,5.0
1471,37,124,5.0
1472,37,48,4.0
1473,37,59,5.0
1474,37,96,5.0
1475,37,11,5.0
1476,37,75,5.0
1477,37,13,5.0
1478,37,65,5.0
1479,37,18,3.5
1480,37,82,5.0
1481,37,105,4.5
1482,37,51,5.0
1483,37,10,5.0
1484,37,76,5.0
1485,37,73,2.5
1486,37,8,5.0
1487,37,56,4.5
1488,37,85,5.0
1489,37,17,4.0
1490,37,31,4.5
1491,37,38,5.0
1492,37,34,5.0
1493,37,41,5.0
1494,37,133,5.0
1495,37,120,5.0
1496,37,42,4.0
1497,37,97,4.0
1498,37,58,4.0
1499,37,35,3.5
1500,37,125,4.5
1501,37,107,5.0
1502,37,26,4.5
1503,37,111,5.0
1504,38,24,5.0
1505,38,85,4.5
1506,38,32,5.0
1507,38,11,5.0
1508,38,119,5.0
1509,38,13,5.0
1510,38,44,5.0
1511,38,130,4.0
1512,38,74,5.0
1513,38,56,5.0
1514,38,106,5.0
1515,38,93,5.0
1516,38,51,5.0
1517,38,64,5.0
1518,38,4,4.5
1519,38,49,4.0
1520,38,88,3.5
1521,38,55,5.0
1522,38,23,3.0
1523,38,46,5.0
1524,38,28,4.0
1525,38,134,4.0
1526,38,36,4.5
1527,39,83,4.0
1528,39,100,4.0
1529,39,70,5.0
1530,39,47,5.0
1531,39,7,5.0
1532,39,82,4.5
1533,39,57,4.5
1534,39,4,5.0
1535,39,115,5.0
1536,39,104,5.0
1537,39,133,5.0
1538,39,36,5.0
1539,39,8,5.0
1540,39,125,4.5
1541,39,61,5.0
1542,39,68,5.0
1543,39,46,4.5
1544,39,99,3.5
1545,39,75,5.0
1546,39,30,4.5
1547,39,21,5.0
1548,39,13,5.0
1549,39,32,5.0
1550,39,85,4.0
1551,39,31,5.0
1552,39,35,3.0
1553,39,69,5.0
1554,39,105,4.5
1555,39,102,5.0
1556,39,95,4.0
1557,39,122,5.0
1558,39,98,5.0
1559,39,29,5.0
1560,39,74,5.0
1561,39,50,5.0
1562,39,118,4.0
1563,39,23,5.0
1564,39,103,4.0
1565,39,110,5.0
1566,39,76,5.0
1567,39,41,4.5
1568,39,90,3.5
1569,39,117,4.5
1570,39,107,4.5
1571,39,127,4.5
1572,39,92,4.5
1573,39,73,3.0
1574,40,1,5.0
1575,40,101,4.5
1576,40,9,5.0
1577,40,47,5.0
1578,40,82,5.0
1579,40,57,4.5
1580,40,27,5.0
1581,40,120,5.0
1582,40,64,5.0
1583,40,19,4.5
1584,40,43,3.0
1585,40,96,5.0
1586,40,10,4.5
1587,40,31,4.5
1588,40,45,5.0
1589,40,41,5.0
1590,40,22,5.0
1591,40,130,5.0
1592,40,114,4.0
1593,40,12,4.5
1594,40,106,4.5
1595,40,91,5.0
1596,40,86,5.0
1597,40,117,4.5
1598,40,94,5.0
1599,40,124,5.0
1600,41,42,4.5
1601,41,20,5.0
1602,41,24,5.0
1603,41,87,5.0
1604,41,124,4.0
1605,41,8,4.5
1606,41,111,5.0
1607,41,121,4.5
1608,41,84,5.0
1609,41,22,5.0
1610,41,78,4.5
1611,41,114,5.0
1612,41,56,5.0
1613,41,21,3.5
1614,41,7,5.0
1615,41,13,4.5
1616,41,43,5.0
1617,41,27,4.5
1618,41,25,5.0
1619,41,53,4.5
1620,41,90,5.0
1621,41,71,5.0
1622,41,93,4.5
1623,41,94,4.0
1624,41,70,5.0
1625,41,34,4.5
1626,41,85,4.5
1627,41,37,4.5
1628,41,39,4.5
1629,41,31,4.5
1630,41,119,4.0
1631,41,120,4.0
1632,41,51,5.0
1633,41,74,4.5
1634,41,113,5.0
1635,41,63,4.5
1636,41,133,5.0
1637,41,103,5.0
1638,41,47,4.5
1639,42,61,5.0
1640,42,122,5.0
1641,42,77,4.5
1642,42,21,3.5
1643,42,102,5.0
1644,42,9,4.5
1645,42,38,5.0
1646,42,16,5.0
1647,42,133,4.5
1648,42,97,4.5
1649,42,58,4.0
1650,42,23,5.0
1651,42,126,4.0
1652,42,22,5.0
1653,42,28,5.0
1654,42,104,5.0
1655,42,25,5.0
1656,42,17,5.0
1657,42,6,5.0
1658,42,55,4.5
1659,42,11,5.0
1660,42,88,4.0
1661,42,56,5.0
1662,42,26,5.0
1663,42,106,5.0
1664,42,81,4.0
1665,42,19,5.0
1666,42,107,5.0
1667,42,132,3.5
1668,42,34,5.0
1669,42,41,4.0
1670,42,94,4.5
1671,42,129,5.0
1672,42,12,5.0
1673,42,50,5.0
1674,42,72,5.0
1675,42,51,3.5
1676,42,71,4.5
1677,42,42,4.5
1678,42,36,5.0
1679,42,67,4.5
1680,42,59,4.5
1681,42,2,5.0
1682,42,90,5.0
1683,42,80,4.5
1684,42,76,4.0
1685,42,103,5.0
1686,42,54,4.0
1687,42,15,4.5
1688,42,87,4.5
1689,42,20,4.5
1690,43,8,5.0
1691,43,45,5.0
1692,43,50,5.0
1693,43,52,4.5
1694,43,15,4.5
1695,43,64,5.0
1696,43,9,3.5
1697,43,59,4.5
1698,43,7,4.5
1699,43,118,5.0
1700,43,47,5.0
1701,43,91,5.0
1702,43,26,4.5
1703,43,36,3.5
1704,43,48,4.0
1705,43,106,4.5
1706,43,60,3.5
1707,43,65,4.5
1708,43,51,5.0
1709,43,82,5.0
1710,43,16,4.5
1711,43,88,4.5
1712,43,4,5.0
1713,43,31,4.0
1714,43,120,4.5
1715,43,63,5.0
1716,43,77,4.5
1717,43,58,5.0
1718,43,23,4.5
1719,43,61,5.0
1720,43,76,4.0
1721,43,71,4.0
1722,43,133,4.5
1723,43,102,4.5
1724,43,21,4.0
1725,43,34,4.5
1726,43,96,5.0
1727,43,89,4.5
1728,43,12,5.0
1729,43,37,4.0
1730,43,112,3.5
1731,43,132,3.5
1732,43,126,4.5
1733,43,100,4.0
1734,43,74,4.5
1735,43,28,5.0
1736,43,29,5.0
1737,43,83,4.5
1738,44,36,4.0
1739,44,7,5.0
1740,44,128,3.5
1741,44,76,4.0
1742,44,67,4.0
1743,44,108,4.5
1744,44,104,5.0
1745,44,50,5.0
1746,44,95,4.5
1747,44,5,4.5
1748,44,75,4.5
1749,44,91,5.0
1750,44,74,4.5
1751,44,105,5.0
1752,44,25,5.0
1753,44,44,5.0
1754,44,93,4.5
1755,44,92,5.0
1756,44,29,4.5
1757,44,88,4.5
1758,44,69,4.5
1759,44,82,5.0
1760,44,101,5.0
1761,44,61,5.0
1762,44,86,5.0
1763,44,46,5.0
1764,44,65,5.0
1765,44,39,5.0
1766,44,22,5.0
1767,44,85,4.5
1768,44,72,4.5
1769,44,24,5.0
1770,44,38,3.5
1771,44,13,5.0
1772,44,111,5.0
1773,44,17,3.5
1774,44,126,5.0
1775,44,34,4.5
1776,44,118,4.5
1777,44,132,2.5
1778,44,103,4.5
1779,44,115,5.0
1780,44,43,4.5
1781,44,84,5.0
1782,44,12,4.0
1783,44,116,4.5
1784,44,109,4.5
1785,44,89,5.0
1786,44,40,4.5
1787,44,54,5.0
1788,44,117,4.0
1789,44,48,5.0
1790,44,97,5.0
1791,44,124,4.5
1792,44,102,5.0
1793,44,60,5.0
1794,44,16,5.0
1795,44,100,4.0
1796,45,112,5.0
1797,45,35,3.5
1798,45,88,4.5
1799,45,126,5.0
1800,45,92,5.0
1801,45,49,5.0
1802,45,43,5.0
1803,45,122,4.5
1804,45,117,4.5
1805,45,118,4.5
1806,45,104,5.0
1807,45,52,5.0
1808,45,3,5.0
1809,45,30,5.0
1810,45,29,4.5
1811,45,94,5.0
1812,45,17,4.5
1813,45,28,4.0
1814,45,119,4.0
1815,45,127,3.5
1816,45,76,5.0
1817,45,65,4.0
1818,45,22,4.5
1819,45,16,4.5
1820,45,47,5.0
1821,45,130,4.0
1822,45,84,5.0
1823,45,102,5.0
1824,45,5,4.0
1825,45,129,5.0
1826,45,82,5.0
1827,45,33,4.5
1828,45,99,5.0
1829,45,69,3.5
1830,45,80,4.5
1831,45,7,4.5
1832,46,4,4.0
1833,46,23,5.0
1834,46,29,5.0
1835,46,127,5.0
1836,46,39,4.0
1837,46,24,4.0
1838,46,131,5.0
1839,46,20,4.5
1840,46,26,5.0
1841,46,66,5.0
1842,46,60,3.5
1843,46,117,5.0
1844,46,76,5.0
1845,46,68,4.5
1846,46,119,4.5
1847,47,69,5.0
1848,47,24,4.0
1849,47,96,3.0
1850,47,88,4.0
1851,47,47,4.5
1852,47,30,4.5
1853,47,103,3.5
1854,47,52,4.5
1855,47,124,5.0
1856,47,59,5.0
1857,47,35,4.0
1858,47,107,5.0
1859,47,50,4.5
1860,47,89,4.5
1861,47,109,5.0
1862,47,62,4.0
1863,47,128,3.0
1864,47,54,4.5
1865,47,84,4.5
1866,47,114,4.5
1867,47,118,5.0
1868,47,22,4.0
1869,47,15,5.0
1870,47,17,4.0
1871,47,90,4.0
1872,47,93,4.5
1873,47,8,5.0
1874,47,21,4.5
1875,47,14,5.0
1876,47,117,5.0
1877,47,76,4.5
1878,47,119,5.0
1879,47,73,2.0
1880,47,87,5.0
1881,47,57,3.5
1882,47,133,5.0
1883,47,79,4.5
1884,47,49,5.0
1885,47,46,4.0
1886,47,98,4.5
1887,47,4,5.0
1888,47,131,5.0
1889,47,111,4.5
1890,47,115,4.5
1891,47,63,5.0
1892,47,112,5.0
1893,47,53,4.0
1894,47,100,4.0
1895,47,6,4.5
1896,47,9,5.0
1897,47,34,4.0
1898,47,41,3.5
1899,47,2,4.5
1900,47,68,5.0
1901,48,85,5.0
1902,48,122,4.0
1903,48,94,4.5
1904,48,116,4.0
1905,48,30,4.0
1906,48,25,3.5
1907,48,57,5.0
1908,48,1,5.0
1909,48,44,4.5
1910,48,46,5.0
1911,48,107,5.0
1912,48,82,4.5
1913,48,103,3.5
1914,48,38,5.0
1915,48,71,4.5
1916,48,67,4.5
1917,48,48,4.0
1918,48,90,4.0
1919,48,14,5.0
1920,48,6,5.0
1921,48,22,3.5
1922,48,64,4.0
1923,48,18,4.0
1924,48,106,4.5
1925,48,92,5.0
1926,48,96,4.5
1927,48,93,4.5
1928,48,53,4.0
1929,48,131,5.0
1930,48,33,4.5
1931,48,79,4.5
1932,48,26,5.0
1933,48,129,4.0
1934,48,16,5.0
1935,48,51,5.0
1936,48,28,4.0
1937,48,59,4.5
1938,48,102,3.5
1939,48,110,4.5
1940,48,126,3.5
1941,48,111,4.5
1942,48,54,4.5
1943,48,115,4.5
1944,48,123,4.5
1945,49,34,5.0
1946,49,46,4.5
1947,49,129,5.0
1948,49,83,4.0
1949,49,30,4.5
1950,49,91,5.0
1951,49,123,5.0
1952,49,75,4.5
1953,49,74,4.0
1954,49,121,3.5
1955,49,86,5.0
1956,49,132,2.5
1957,49,54,5.0
1958,49,87,4.0
1959,49,96,4.0
1960,49,115,4.0
1961,49,108,4.0
1962,49,69,4.5
1963,49,37,5.0
1964,49,113,3.0
1965,49,109,4.5
1966,49,55,5.0
1967,49,104,4.5
1968,49,2,4.5
1969,49,67,5.0
1970,49,14,5.0
1971,49,4,4.5
1972,49,49,5.0
1973,49,19,4.5
1974,49,7,5.0
1975,49,124,4.0
1976,49,8,4.5
1977,49,26,4.5
1978,49,35,4.5
1979,49,97,5.0
1980,49,21,5.0
1981,49,116,4.5
1982,49,88,4.5
1983,49,33,5.0
1984,49,106,4.5
1985,49,103,4.0
1986,49,89,4.0
1987,49,38,4.0
1988,49,27,4.5
1989,49,70,4.5
1990,49,5,4.5
1991,49,133,5.0
1992,49,58,5.0
1993,49,114,5.0
1994,49,79,5.0
1995,49,72,4.0
1996,49,29,5.0
1997,49,84,5.0
1998,49,50,5.0
1999,49,31,5.0
2000,49,66,5.0
2001,49,98,4.5
2002,49,105,5.0
2003,50,122,5.0
2004,50,3,3.5
2005,50,30,4.5
2006,50,89,5.0
2007,50,115,3.5
2008,50,62,4.5
2009,50,63,5.0
2010,50,123,5.0
2011,50,6,4.0
2012,50,88,3.5
2013,50,114,4.5
2014,50,42,4.5
2015,50,49,4.0
2016,50,118,4.5
2017,50,102,5.0
2018,50,15,5.0
2019,50,50,5.0
2020,50,33,4.0
2021,50,70,4.0
2022,50,93,4.5
2023,50,37,4.5
2024,50,4,5.0
2025,50,67,4.0
2026,50,106,4.0
2027,50,99,5.0
2028,50,48,5.0
2029,50,66,4.0
2030,50,103,4.5
2031,50,108,4.0
2032,50,58,4.0
2033,50,128,2.0
2034,50,126,4.0
2035,50,38,5.0
2036,50,84,5.0
2037,50,25,5.0
2038,50,127,5.0
2039,50,111,4.5
2040,50,11,5.0
2041,50,13,5.0
2042,50,22,4.0
2043,50,69,4.0
2044,50,94,5.0
2045,50,1,4.0
2046,50,81,5.0
2047,50,9,5.0
2048,50,27,5.0
2049,50,86,5.0
2050,50,91,4.0
2051,51,96,5.0
2052,51,3,4.0
2053,51,37,5.0
2054,51,32,4.0
2055,51,11,4.0
2056,51,2,5.0
2057,51,101,4.5
2058,51,69,5.0
2059,51,71,5.0
2060,51,122,5.0
2061,51,130,4.0
2062,51,40,5.0
2063,51,27,5.0
2064,51,134,5.0
2065,51,95,4.5
2066,51,116,5.0
2067,51,93,5.0
2068,51,45,4.5
2069,51,28,4.0
2070,51,53,5.0
2071,51,83,4.0
2072,51,109,5.0
2073,51,66,4.0
2074,51,19,4.5
2075,51,21,4.5
2076,51,24,5.0
2077,51,29,5.0
2078,51,79,4.5
2079,51,33,5.0
2080,51,25,5.0
2081,51,15,4.0
2082,51,113,5.0
2083,51,86,5.0
2084,51,73,4.0
2085,52,115,5.0
2086,52,92,5.0
2087,52,79,4.5
2088,52,125,4.0
2089,52,28,4.0
2090,52,45,5.0
2091,52,21,4.0
2092,52,108,5.0
2093,52,36,4.0
2094,52,110,4.0
2095,52,106,5.0
2096,52,18,3.5
2097,52,134,5.0
2098,52,69,5.0
2099,52,26,4.5
2100,52,34,5.0
2101,52,94,5.0
2102,52,114,4.5
2103,52,81,5.0
2104,52,10,4.5
2105,52,118,4.0
2106,52,122,4.5
2107,52,3,5.0
2108,52,109,5.0
2109,52,65,5.0
2110,52,116,5.0
2111,52,4,5.0
2112,52,105,5.0
2113,52,75,5.0
2114,52,124,4.0
2115,52,52,4.0
2116,52,99,5.0
2117,52,76,5.0
2118,52,130,5.0
2119,52,5,4.5
2120,52,71,5.0
2121,52,119,3.5
2122,52,70,4.5
2123,52,97,5.0
2124,52,61,4.5
2125,52,84,4.5
2126,52,20,4.5
2127,52,47,4.5
2128,52,51,4.5
2129,53,65,5.0
2130,53,97,5.0
2131,53,58,5.0
2132,53,104,5.0
2133,53,91,5.0
2134,53,89,5.0
2135,53,125,5.0
2136,53,102,4.5
2137,53,62,5.0
2138,53,114,5.0
2139,53,78,4.0
2140,53,1,4.5
2141,53,134,5.0
2142,53,113,4.5
2143,53,18,4.0
2144,53,57,4.0
2145,53,22,5.0
2146,53,30,5.0
2147,53,10,5.0
2148,53,66,4.5
2149,53,83,5.0
2150,53,36,5.0
2151,53,28,4.0
2152,53,20,4.0
2153,53,24,5.0
2154,53,21,4.5
2155,53,47,4.5
2156,53,124,4.0
2157,53,92,4.5
2158,53,105,4.0
2159,53,16,4.0
2160,53,85,5.0
2161,53,117,4.5
2162,53,54,5.0
2163,53,43,5.0
2164,53,93,5.0
2165,53,15,5.0
2166,53,126,4.0
2167,53,87,4.5
2168,53,133,5.0
2169,53,95,4.5
2170,53,27,5.0
2171,53,76,4.5
2172,53,109,4.0
2173,53,128,3.0
2174,53,53,4.0
2175,53,3,5.0
2176,53,32,5.0
2177,54,1,4.0
2178,54,111,5.0
2179,54,108,4.5
2180,54,95,5.0
2181,54,12,4.0
2182,54,110,4.5
2183,54,59,5.0
2184,54,121,4.5
2185,54,103,4.5
2186,54,62,5.0
2187,54,102,4.0
2188,54,99,4.5
2189,54,49,4.0
2190,54,45,4.5
2191,54,76,5.0
2192,54,126,4.5
2193,54,131,4.5
2194,54,117,4.0
2195,54,98,5.0
2196,54,132,4.5
2197,54,90,5.0
2198,54,74,5.0
2199,54,13,5.0
2200,54,55,3.0
2201,54,18,5.0
2202,54,33,5.0
2203,54,125,5.0
2204,54,123,4.0
2205,54,30,4.0
2206,54,11,4.5
2207,54,37,5.0
2208,54,77,5.0
2209,54,70,4.0
2210,54,53,4.0
2211,54,109,4.5
2212,54,25,4.0
2213,54,134,4.5
2214,54,91,4.5
2215,54,96,4.5
2216,54,116,5.0
2217,54,113,4.0
2218,54,67,4.0
2219,54,16,5.0
2220,54,93,4.5
2221,54,118,4.5
2222,54,122,4.5
2223,54,84,5.0
2224,54,27,5.0
2225,54,41,5.0
2226,54,101,4.5
2227,54,47,4.5
2228,54,14,5.0
2229,54,20,5.0
2230,55,50,3.5
2231,55,9,4.0
2232,55,131,5.0
2233,55,60,5.0
2234,55,44,5.0
2235,55,10,4.5
2236,55,93,4.5
2237,55,31,5.0
2238,55,84,5.0
2239,55,1,4.0
2240,55,21,4.5
2241,55,12,4.5
2242,55,36,5.0
2243,55,100,5.0
2244,55,52,5.0
2245,55,46,5.0
2246,55,86,5.0
2247,55,51,5.0
2248,55,120,4.0
2249,55,76,4.0
2250,55,26,5.0
2251,55,67,4.0
2252,55,2,5.0
2253,55,95,3.5
2254,55,91,5.0
2255,55,133,4.5
2256,55,123,4.0
2257,55,71,5.0
2258,55,37,4.0
2259,55,128,3.0
2260,55,72,5.0
2261,55,75,4.5
2262,55,45,4.5
2263,56,106,4.5
2264,56,91,5.0
2265,56,3,4.5
2266,56,68,4.5
2267,56,64,5.0
2268,56,74,5.0
2269,56,24,4.5
2270,56,52,4.0
2271,56,87,4.0
2272,56,96,4.0
2273,56,134,4.5
2274,56,44,4.5
2275,56,10,4.0
2276,56,71,4.5
2277,56,120,3.0
2278,56,23,4.5
2279,56,61,5.0
2280,56,41,4.0
2281,56,46,3.0
2282,56,28,5.0
2283,56,129,5.0
2284,56,35,3.5
2285,56,128,3.0
2286,56,125,5.0
2287,56,88,5.0
2288,56,25,5.0
2289,56,130,4.0
2290,56,95,4.0
2291,56,26,4.0
2292,56,31,5.0
2293,56,107,4.5
2294,56,105,4.5
2295,56,34,5.0
2296,56,27,4.5
2297,56,30,4.0
2298,57,54,5.0
2299,57,98,5.0
2300,57,26,4.5
2301,57,84,5.0
2302,57,93,5.0
2303,57,67,4.5
2304,57,48,5.0
2305,57,71,4.5
2306,57,34,4.5
2307,57,31,5.0
2308,57,35,3.5
2309,57,61,4.5
2310,57,79,5.0
2311,57,44,5.0
2312,57,47,4.5
2313,57,24,4.5
2314,57,64,5.0
2315,57,55,4.0
2316,57,27,4.0
2317,57,134,4.0
2318,57,90,4.5
2319,57,97,3.0
2320,57,128,2.5
2321,57,120,4.5
2322,57,110,5.0
2323,57,52,3.5
2324,57,36,4.5
2325,57,58,4.5
2326,57,119,5.0
2327,57,74,4.0
2328,57,17,3.5
2329,57,105,5.0
2330,57,88,4.0
2331,57,30,4.0
2332,57,13,4.0
2333,57,130,4.0
2334,57,124,5.0
2335,57,125,3.5
2336,57,72,5.0
2337,57,56,5.0
2338,57,49,5.0
2339,57,132,3.0
2340,57,19,5.0
2341,57,20,4.5
2342,57,123,4.0
2343,57,2,4.0
2344,57,23,5.0
2345,57,115,5.0
2346,57,118,3.0
2347,57,18,4.5
2348,57,81,4.0
2349,57,129,4.5
2350,57,69,5.0
2351,57,41,5.0
2352,57,63,4.5
2353,57,39,5.0
2354,57,33,5.0
2355,57,96,4.5
2356,58,102,3.5
2357,58,27,4.5
2358,58,25,5.0
2359,58,17,4.0
2360,58,122,4.5
2361,58,14,5.0
2362,58,7,5.0
2363,58,99,5.0
2364,58,51,4.0
2365,58,68,3.5
2366,58,98,5.0
2367,58,11,5.0
2368,58,129,4.5
2369,58,34,5.0
2370,58,80,5.0
2371,58,20,4.0
2372,58,123,5.0
2373,58,84,4.0
2374,58,114,5.0
2375,58,50,5.0
2376,58,40,4.5
2377,58,30,4.5
2378,58,32,4.0
2379,58,95,4.5
2380,58,37,4.5
2381,59,114,5.0
2382,59,79,4.0
2383,59,94,4.5
2384,59,106,5.0
2385,59,67,4.0
2386,59,40,5.0
2387,59,78,4.5
2388,59,3,4.0
2389,59,1,5.0
2390,59,134,4.5
2391,59,35,4.5
2392,59,89,5.0
2393,59,74,3.5
2394,59,121,4.5
2395,59,126,4.0
2396,59,123,4.5
2397,59,77,4.5
2398,59,111,5.0
2399,59,75,4.0
2400,59,60,4.5
2401,60,47,4.5
2402,60,35,3.0
2403,60,75,4.5
2404,60,29,5.0
2405,60,117,4.0
2406,60,116,4.5
2407,60,70,4.0
2408,60,126,5.0
2409,60,49,5.0
2410,60,83,4.5
2411,60,5,5.0
2412,60,39,4.5
2413,60,13,5.0
2414,60,6,3.5
2415,60,48,5.0
2416,60,27,5.0
2417,60,73,4.0
2418,60,69,5.0
2419,60,33,5.0
2420,61,32,5.0
2421,61,64,4.5
2422,61,99,4.5
2423,61,114,5.0
2424,61,9,4.5
2425,61,51,5.0
2426,61,118,5.0
2427,61,25,5.0
2428,61,134,5.0
2429,61,54,5.0
2430,61,122,4.5
2431,61,100,5.0
2432,61,80,5.0
2433,61,83,4.5
2434,61,41,5.0
2435,62,31,4.5
2436,62,102,4.0
2437,62,63,5.0
2438,62,3,5.0
2439,62,11,5.0
2440,62,122,4.0
2441,62,40,5.0
2442,62,48,3.5
2443,62,99,4.5
2444,62,12,4.5
2445,62,32,5.0
2446,62,21,5.0
2447,62,64,5.0
2448,62,125,5.0
2449,62,88,5.0
2450,62,80,4.5
2451,62,44,4.5
2452,62,98,5.0
2453,62,81,5.0
2454,62,8,5.0
2455,62,115,4.5
2456,62,46,4.5
2457,62,83,4.5
2458,62,20,4.0
2459,62,90,4.0
2460,62,69,4.5
2461,62,133,4.0
2462,62,14,4.5
2463,62,17,3.5
2464,62,132,3.0
2465,62,30,4.5
2466,62,41,5.0
2467,62,72,5.0
2468,62,101,5.0
2469,62,112,5.0
2470,62,97,5.0
2471,62,45,5.0
2472,62,57,5.0
2473,62,94,4.5
2474,62,25,5.0
2475,62,131,5.0
2476,62,89,5.0
2477,62,49,5.0
2478,62,113,4.0
2479,62,18,3.5
2480,62,33,4.5
2481,62,6,5.0
2482,62,105,5.0
2483,62,126,4.5
2484,62,108,4.5
2485,62,38,5.0
2486,62,70,4.5
2487,63,120,3.5
2488,63,16,4.0
2489,63,93,4.0
2490,63,107,4.5
2491,63,95,4.0
2492,63,15,4.0
2493,63,69,4.0
2494,63,11,4.5
2495,63,19,4.5
2496,63,78,4.0
2497,63,20,5.0
2498,63,56,5.0
2499,63,133,4.0
2500,63,25,4.5
2501,63,26,4.5
2502,63,60,4.0
2503,63,99,3.5
2504,63,49,4.0
2505,63,50,5.0
2506,63,64,4.5
2507,64,106,5.0
2508,64,111,5.0
2509,64,83,5.0
2510,64,62,5.0
2511,64,55,4.0
2512,64,97,4.5
2513,64,66,5.0
2514,64,47,4.5
2515,64,124,3.5
2516,64,58,5.0
2517,64,125,4.5
2518,64,123,4.0
2519,64,51,5.0
2520,64,1,4.5
2521,64,93,5.0
2522,64,5,4.0
2523,64,37,3.5
2524,64,77,4.0
2525,64,3,4.5
2526,64,67,4.0
2527,64,18,4.5
2528,64,39,4.0
2529,64,121,4.5
2530,64,113,4.5
2531,64,29,5.0
2532,64,28,4.0
2533,64,41,5.0
2534,64,116,4.0
2535,64,99,5.0
2536,64,89,4.0
2537,64,36,5.0
2538,64,71,5.0
2539,64,128,3.0
2540,64,72,4.5
2541,64,74,4.5
2542,64,100,4.0
2543,64,20,4.5
2544,64,13,5.0
2545,65,39,5.0
2546,65,84,5.0
2547,65,129,4.0
2548,65,57,5.0
2549,65,40,5.0
2550,65,13,5.0
2551,65,101,4.5
2552,65,125,5.0
2553,65,58,4.5
2554,65,97,5.0
2555,65,77,5.0
2556,65,74,4.5
2557,65,65,5.0
2558,65,12,4.5
2559,65,29,5.0
2560,65,56,4.5
2561,65,38,5.0
2562,65,128,3.0
2563,65,51,5.0
2564,65,19,4.5
2565,65,17,3.5
2566,65,44,5.0
2567,65,11,5.0
2568,65,61,4.5
2569,65,123,5.0
2570,65,96,5.0
2571,65,7,5.0
2572,65,71,4.0
2573,65,52,5.0
2574,65,34,4.5
2575,65,112,4.5
2576,65,106,4.5
2577,65,122,4.5
2578,65,119,5.0
2579,65,100,4.5
2580,65,90,5.0
2581,65,114,5.0
2582,65,18,5.0
2583,65,62,5.0
2584,65,72,5.0
2585,65,26,5.0
2586,65,63,4.5
2587,65,116,4.5
2588,65,133,4.5
2589,65,110,4.0
2590,65,94,4.0
2591,65,95,4.5
2592,65,79,4.5
2593,65,68,4.5
2594,65,32,5.0
2595,65,85,4.5
2596,66,100,4.5
2597,66,70,5.0
2598,66,93,5.0
2599,66,28,4.5
2600,66,5,5.0
2601,66,75,4.5
2602,66,99,4.5
2603,66,60,4.5
2604,66,98,4.0
2605,66,131,4.0
2606,66,26,5.0
2607,66,81,5.0
2608,66,125,4.5
2609,66,23,5.0
2610,66,48,5.0
2611,66,51,3.0
2612,66,129,5.0
2613,66,118,5.0
2614,66,6,5.0
2615,67,39,4.5
2616,67,88,3.0
2617,67,101,5.0
2618,67,36,4.5
2619,67,23,5.0
2620,67,98,4.0
2621,67,59,4.0
2622,67,54,4.0
2623,67,31,5.0
2624,67,74,5.0
2625,67,20,4.0
2626,67,55,4.5
2627,67,40,5.0
2628,67,117,5.0
2629,67,78,4.5
2630,67,43,5.0
2631,67,58,4.0
2632,67,70,5.0
2633,67,17,4.5
2634,67,27,4.5
2635,67,84,4.5
2636,67,18,3.5
2637,67,75,4.0
2638,67,121,3.5
2639,67,133,5.0
2640,67,103,5.0
2641,67,26,5.0
2642,67,113,4.5
2643,67,122,5.0
2644,68,60,4.5
2645,68,134,3.5
2646,68,133,5.0
2647,68,7,4.0
2648,68,92,4.5
2649,68,21,4.0
2650,68,123,4.0
2651,68,18,4.5
2652,68,65,5.0
2653,68,109,3.0
2654,68,78,5.0
2655,68,61,5.0
2656,68,130,4.5
2657,68,84,3.0
2658,68,48,4.5
2659,68,24,5.0
2660,68,110,5.0
2661,68,50,5.0
2662,68,63,3.5
2663,68,128,3.0
2664,68,127,5.0
2665,68,129,5.0
2666,68,25,4.0
2667,68,29,4.5
2668,68,5,5.0
2669,68,53,4.0
2670,68,98,5.0
2671,68,2,4.5
2672,68,35,2.5
2673,68,125,4.0
2674,68,111,5.0
2675,68,96,5.0
2676,68,86,5.0
2677,68,26,5.0
2678,68,97,5.0
2679,68,27,5.0
2680,68,9,4.5
2681,68,23,4.0
2682,68,57,5.0
2683,68,79,5.0
2684,68,116,4.5
2685,68,89,5.0
2686,68,42,4.0
2687,68,59,5.0
2688,68,32,4.5
2689,68,55,4.0
2690,68,52,5.0
2691,68,6,5.0
2692,68,124,4.0
2693,68,49,4.5
2694,68,41,4.5
2695,69,93,4.5
2696,69,22,4.5
2697,69,99,5.0
2698,69,131,4.0
2699,69,41,4.0
2700,69,97,4.0
2701,69,98,5.0
2702,69,6,5.0
2703,69,132,4.0
2704,69,133,5.0
2705,69,117,4.5
2706,69,43,5.0
2707,69,73,2.5
2708,69,112,4.5
2709,69,85,4.5
2710,69,111,5.0
2711,69,20,5.0
2712,69,21,5.0
2713,69,121,4.5
2714,69,19,5.0
2715,69,23,4.0
2716,69,126,4.0
2717,69,92,4.0
2718,69,7,4.5
2719,69,54,5.0
2720,69,40,4.5
2721,69,109,4.5
2722,69,94,4.5
2723,69,113,4.5
2724,69,58,4.0
2725,69,37,5.0
2726,69,81,4.0
2727,69,24,5.0
2728,69,16,3.5
2729,69,17,5.0
2730,69,26,5.0
2731,69,1,5.0
2732,69,80,5.0
2733,69,33,4.5
2734,69,2,5.0
2735,69,59,4.5
2736,69,64,5.0
2737,69,134,5.0
2738,69,70,5.0
2739,69,128,3.5
2740,69,78,4.5
2741,69,116,5.0
2742,69,31,5.0
2743,69,28,4.0
2744,69,76,4.0
2745,69,61,4.5
2746,69,107,4.0
2747,69,53,5.0
2748,69,57,4.0
2749,69,11,4.0
2750,70,128,2.5
2751,70,134,5.0
2752,70,127,4.0
2753,70,47,4.5
2754,70,60,4.0
2755,70,75,3.5
2756,70,50,4.0
2757,70,1,4.5
2758,70,16,4.5
2759,70,4,5.0
2760,70,130,4.0
2761,70,81,4.5
2762,70,102,3.5
2763,70,126,4.5
2764,70,95,5.0
2765,70,109,4.0
2766,70,27,5.0
2767,70,103,4.5
2768,70,79,5.0
2769,70,54,5.0
2770,70,53,3.5
2771,70,6,4.0
2772,70,43,5.0
2773,70,45,4.5
2774,70,72,5.0
2775,70,104,5.0
2776,70,82,5.0
2777,70,28,5.0
2778,70,2,4.0
2779,70,108,4.0
2780,70,26,5.0
2781,70,89,5.0
2782,70,37,4.0
2783,70,33,4.5
2784,70,9,4.5
2785,70,40,5.0
2786,70,39,5.0
2787,70,65,4.5
2788,70,71,4.5
2789,70,42,3.5
2790,70,132,4.0
2791,70,15,5.0
2792,70,88,5.0
2793,70,112,5.0
2794,70,44,5.0
2795,70,51,5.0
2796,70,73,2.0
2797,70,116,4.5
2798,70,125,4.5
2799,70,23,4.0
2800,70,25,5.0
2801,70,91,5.0
2802,70,90,5.0
2803,70,62,5.0
2804,71,26,4.0
2805,71,133,4.0
2806,71,34,4.5
2807,71,53,4.5
2808,71,10,5.0
2809,71,118,4.0
2810,71,100,5.0
2811,71,92,4.5
2812,71,111,5.0
2813,71,67,4.5
2814,71,15,5.0
2815,71,1,4.5
2816,71,40,5.0
2817,71,120,5.0
2818,71,6,5.0
2819,71,88,5.0
2820,71,109,4.5
2821,71,77,4.0
2822,71,112,5.0
2823,71,12,4.5
2824,71,43,5.0
2825,71,60,5.0
2826,71,121,5.0
2827,71,14,5.0
2828,72,87,5.0
2829,72,114,5.0
2830,72,13,4.5
2831,72,34,4.5
2832,72,8,5.0
2833,72,121,5.0
2834,72,132,2.5
2835,72,14,4.0
2836,72,50,5.0
2837,72,7,4.5
2838,72,12,4.0
2839,72,55,4.0
2840,72,51,5.0
2841,72,23,5.0
2842,72,91,5.0
2843,72,77,3.5
2844,72,115,4.0
2845,72,76,4.0
2846,72,81,5.0
2847,72,108,4.0
2848,72,89,4.0
2849,72,90,5.0
2850,72,58,4.5
2851,72,79,5.0
2852,72,46,5.0
2853,72,40,4.5
2854,72,43,5.0
2855,72,105,5.0
2856,72,26,5.0
2857,72,92,4.5
2858,72,98,4.5
2859,72,86,5.0
2860,72,69,5.0
2861,72,11,5.0
2862,73,119,4.5
2863,73,103,3.5
2864,73,106,5.0
2865,73,62,5.0
2866,73,63,4.5
2867,73,41,5.0
2868,73,124,4.5
2869,73,50,5.0
2870,73,9,5.0
2871,73,44,5.0
2872,73,27,4.0
2873,73,105,4.0
2874,73,89,5.0
2875,73,76,5.0
2876,73,56,5.0
2877,73,101,5.0
2878,73,120,4.0
2879,73,73,3.0
2880,73,134,5.0
2881,73,125,5.0
2882,73,70,5.0
2883,73,122,4.0
2884,73,31,4.5
2885,73,23,4.0
2886,73,85,4.5
2887,73,86,4.5
2888,73,10,4.5
2889,73,95,3.0
2890,73,92,4.0
2891,73,74,4.0
2892,73,130,5.0
2893,73,15,3.5
2894,73,121,5.0
2895,73,77,4.5
2896,74,131,4.5
2897,74,104,5.0
2898,74,33,5.0
2899,74,76,5.0
2900,74,16,4.0
2901,74,95,3.5
2902,74,14,3.5
2903,74,1,4.5
2904,74,91,4.0
2905,74,72,3.5
2906,74,106,5.0
2907,74,46,4.5
2908,74,15,5.0
2909,74,111,4.5
2910,74,37,4.5
2911,74,121,3.5
2912,74,4,5.0
2913,74,31,4.5
2914,74,56,4.0
2915,74,90,5.0
2916,74,134,4.5
2917,74,51,5.0
2918,74,81,5.0
2919,74,41,4.5
2920,74,92,5.0
2921,74,49,3.5
2922,74,52,4.0
2923,74,109,5.0
2924,74,116,5.0
2925,74,70,3.5
2926,74,28,4.5
2927,74,85,5.0
2928,74,23,4.0
2929,74,61,4.0
2930,74,18,4.5
2931,74,25,4.5
2932,74,125,4.5
2933,74,50,4.0
2934,74,47,4.0
2935,74,54,4.0
2936,74,20,4.0
2937,74,120,4.0
2938,74,86,4.5
2939,74,17,3.0
2940,74,100,3.5
2941,74,2,5.0
2942,74,10,5.0
2943,74,83,3.0
2944,74,3,5.0
2945,74,19,4.5
2946,74,63,4.5
2947,74,124,3.5
2948,74,115,5.0
2949,74,11,5.0
2950,75,67,5.0
2951,75,16,5.0
2952,75,122,4.0
2953,75,44,4.5
2954,75,14,4.0
2955,75,75,5.0
2956,75,7,3.5
2957,75,37,4.5
2958,75,63,5.0
2959,75,11,5.0
2960,75,17,5.0
2961,75,65,5.0
2962,75,10,5.0
2963,75,109,5.0
2964,75,101,4.5
2965,75,36,5.0
2966,75,33,5.0
2967,75,124,4.5
2968,75,79,4.5
2969,75,119,4.5
2970,75,115,4.0
2971,75,110,4.0
2972,75,118,4.0
2973,75,2,5.0
2974,75,95,4.5
2975,75,15,4.5
2976,75,78,5.0
2977,75,23,4.5
2978,75,76,4.0
2979,75,113,4.0
2980,75,20,4.5
2981,75,85,4.5
2982,75,58,4.0
2983,75,48,5.0
2984,76,115,5.0
2985,76,98,4.0
2986,76,81,3.0
2987,76,11,5.0
2988,76,25,5.0
2989,76,91,5.0
2990,76,111,5.0
2991,76,79,4.0
2992,76,118,5.0
2993,76,84,4.5
2994,76,110,4.5
2995,76,35,4.0
2996,76,43,4.5
2997,76,123,5.0
2998,76,121,4.5
2999,76,103,5.0
3000,76,13,5.0
3001,76,33,5.0
3002,76,125,4.5
3003,76,75,4.5
3004,76,51,4.5
3005,76,60,5.0
3006,76,99,4.5
3007,76,87,4.5
3008,76,96,4.5
3009,76,31,5.0
3010,76,94,3.5
3011,76,128,3.0
3012,76,76,4.5
3013,76,112,5.0
3014,76,130,5.0
3015,76,67,4.5
3016,76,44,5.0
3017,77,117,5.0
3018,77,71,5.0
3019,77,110,5.0
3020,77,83,4.5
3021,77,66,4.5
3022,77,42,3.5
3023,77,19,4.0
3024,77,36,5.0
3025,77,100,4.5
3026,77,8,4.0
3027,77,49,5.0
3028,77,50,5.0
3029,77,43,4.0
3030,77,125,5.0
3031,77,34,5.0
3032,77,105,4.5
3033,77,120,3.0
3034,77,23,4.0
3035,77,57,4.5
3036,77,9,5.0
3037,77,63,5.0
3038,77,26,5.0
3039,77,79,4.5
3040,77,51,4.5
3041,77,134,5.0
3042,77,131,4.0
3043,77,114,5.0
3044,77,14,4.0
3045,77,128,3.0
3046,77,70,5.0
3047,77,99,3.0
3048,77,56,4.0
3049,77,28,4.5
3050,77,112,4.5
3051,77,109,4.0
3052,77,107,5.0
3053,77,116,4.5
3054,77,92,4.0
3055,77,118,5.0
3056,77,104,4.5
3057,77,5,5.0
3058,77,10,5.0
3059,77,93,5.0
3060,77,74,5.0
3061,77,33,5.0
3062,77,58,5.0
3063,77,3,5.0
3064,77,64,4.0
3065,77,20,3.0
3066,77,84,4.5
3067,77,82,5.0
3068,77,1,3.5
3069,77,94,5.0
3070,77,123,5.0
3071,77,35,3.5
3072,78,55,5.0
3073,78,118,5.0
3074,78,39,5.0
3075,78,60,5.0
3076,78,19,4.0
3077,78,10,5.0
3078,78,37,5.0
3079,78,63,5.0
3080,78,84,4.5
3081,78,3,4.0
3082,78,61,5.0
3083,78,117,5.0
3084,78,133,5.0
3085,78,80,3.5
3086,78,6,5.0
3087,78,32,5.0
3088,78,90,4.5
3089,78,126,4.0
3090,78,17,5.0
3091,78,2,4.5
3092,78,23,4.5
3093,78,81,5.0
3094,79,45,4.0
3095,79,86,4.5
3096,79,17,3.5
3097,79,31,4.5
3098,79,71,3.5
3099,79,37,5.0
3100,79,107,5.0
3101,79,22,4.5
3102,79,90,5.0
3103,79,48,4.5
3104,79,130,4.5
3105,79,127,5.0
3106,79,57,4.5
3107,79,32,3.5
3108,79,119,4.0
3109,79,75,5.0
3110,79,6,5.0
3111,79,18,3.5
3112,79,13,5.0
3113,79,102,4.5
3114,79,109,4.5
3115,79,81,5.0
3116,79,79,5.0
3117,79,49,5.0
3118,79,100,3.5
3119,79,21,4.5
3120,79,3,5.0
3121,79,63,5.0
3122,79,11,5.0
3123,79,1,4.5
3124,79,105,5.0
3125,79,23,4.5
3126,79,12,5.0
3127,79,91,5.0
3128,79,84,4.5
3129,79,76,5.0
3130,79,129,5.0
3131,79,54,4.5
3132,79,89,4.5
3133,79,61,5.0
3134,79,96,5.0
3135,79,132,4.0
3136,79,27,5.0
3137,79,19,4.0
3138,79,82,5.0
3139,79,35,3.0
3140,79,67,5.0
3141,79,58,5.0
3142,79,53,4.5
3143,79,131,5.0
3144,79,103,4.5
3145,79,112,5.0
3146,80,57,5.0
3147,80,19,4.0
3148,80,121,4.0
3149,80,125,4.0
3150,80,14,4.0
3151,80,112,5.0
3152,80,38,5.0
3153,80,28,5.0
3154,80,119,4.5
3155,80,79,5.0
3156,80,59,4.0
3157,80,23,5.0
3158,80,50,4.5
3159,80,48,5.0
3160,80,18,4.0
3161,80,124,4.5
3162,80,93,3.5
3163,80,25,5.0
3164,80,81,5.0
3165,80,46,4.0
3166,80,35,3.0
3167,80,26,4.5
3168,80,43,4.5
3169,80,17,4.0
3170,80,5,5.0
3171,80,89,5.0
3172,80,73,3.0
3173,80,8,4.0
3174,80,36,5.0
3175,80,120,5.0
3176,80,15,5.0
3177,80,60,3.5
3178,80,126,5.0
3179,80,54,5.0
3180,80,22,4.0
3181,80,98,4.5
3182,80,44,5.0
3183,80,29,5.0
3184,80,128,3.0
3185,81,92,5.0
3186,81,76,4.0
3187,81,62,4.0
3188,81,24,5.0
3189,81,5,5.0
3190,81,123,5.0
3191,81,79,5.0
3192,81,21,4.5
3193,81,91,5.0
3194,81,59,4.5
3195,81,110,4.5
3196,81,74,5.0
3197,81,96,3.5
3198,81,75,4.5
3199,81,4,5.0
3200,81,125,4.5
3201,81,60,5.0
3202,81,99,4.0
3203,81,18,5.0
3204,81,112,5.0
3205,81,126,4.0
3206,81,52,3.5
3207,81,131,5.0
3208,82,94,4.5
3209,82,45,5.0
3210,82,18,4.5
3211,82,53,4.0
3212,82,36,5.0
3213,82,86,5.0
3214,82,62,4.5
3215,82,30,3.5
3216,82,123,4.5
3217,82,54,5.0
3218,82,58,4.5
3219,82,83,4.0
3220,82,91,5.0
3221,82,69,4.0
3222,82,129,3.0
3223,82,109,4.5
3224,82,71,4.0
3225,83,21,4.0
3226,83,101,5.0
3227,83,46,5.0
3228,83,74,4.5
3229,83,20,5.0
3230,83,28,5.0
3231,83,43,5.0
3232,83,71,3.5
3233,83,29,4.5
3234,83,38,5.0
3235,83,128,2.5
3236,83,39,4.0
3237,83,53,3.5
3238,83,134,5.0
3239,83,6,4.0
3240,83,76,4.5
3241,83,107,4.0
3242,83,34,5.0
3243,83,122,5.0
3244,83,89,4.5
3245,84,124,4.0
3246,84,96,4.5
3247,84,74,4.5
3248,84,13,5.0
3249,84,38,4.5
3250,84,91,4.0
3251,84,73,3.5
3252,84,59,4.5
3253,84,123,3.5
3254,84,22,5.0
3255,84,80,4.5
3256,84,119,4.5
3257,84,21,5.0
3258,84,92,5.0
3259,84,69,5.0
3260,84,37,3.0
3261,84,24,5.0
3262,84,23,4.5
3263,84,108,5.0
3264,84,129,4.5
3265,84,89,4.0
3266,84,86,5.0
3267,84,102,4.0
3268,84,20,5.0
3269,84,122,5.0
3270,84,31,4.5
3271,84,15,5.0
3272,84,6,5.0
3273,84,41,5.0
3274,85,29,4.0
3275,85,123,4.0
3276,85,11,5.0
3277,85,36,4.5
3278,85,30,4.5
3279,85,79,4.5
3280,85,7,4.5
3281,85,52,4.5
3282,85,80,4.0
3283,85,108,4.5
3284,85,134,5.0
3285,85,58,4.5
3286,85,46,5.0
3287,85,12,4.0
3288,85,42,5.0
3289,85,8,5.0
3290,85,78,5.0
3291,85,83,4.5
3292,85,25,4.0
3293,85,75,4.0
3294,85,68,5.0
3295,85,124,4.5
3296,85,101,3.5
3297,85,99,4.5
3298,85,131,4.0
3299,85,26,5.0
3300,85,3,4.0
3301,85,132,4.0
3302,85,69,5.0
3303,85,133,5.0
3304,85,87,4.5
3305,85,86,4.0
3306,85,121,5.0
3307,85,66,4.5
3308,85,51,4.5
3309,85,116,5.0
3310,86,45,5.0
3311,86,119,5.0
3312,86,36,5.0
3313,86,52,5.0
3314,86,48,4.5
3315,86,98,4.5
3316,86,75,4.0
3317,86,71,3.0
3318,86,63,4.5
3319,86,6,4.5
3320,86,106,4.0
3321,86,124,4.5
3322,86,39,4.5
3323,86,107,4.0
3324,86,128,3.0
3325,86,122,5.0
3326,86,64,4.5
3327,86,72,5.0
3328,86,95,4.0
3329,86,60,5.0
3330,86,29,4.5
3331,86,4,5.0
3332,86,102,5.0
3333,86,1,3.5
3334,86,20,5.0
3335,86,34,4.5
3336,86,133,5.0
3337,86,82,3.5
3338,86,121,4.0
3339,86,61,4.0
3340,86,16,4.5
3341,86,84,5.0
3342,86,86,5.0
3343,86,37,4.5
3344,86,54,4.0
3345,86,23,5.0
3346,86,126,4.0
3347,86,89,4.5
3348,86,83,4.0
3349,86,32,4.0
3350,86,113,3.5
3351,87,91,5.0
3352,87,37,5.0
3353,87,4,5.0
3354,87,36,4.5
3355,87,73,4.0
3356,87,96,5.0
3357,87,125,4.5
3358,87,53,4.0
3359,87,44,5.0
3360,87,118,5.0
3361,87,117,3.5
3362,87,21,5.0
3363,87,14,5.0
3364,87,28,5.0
3365,87,20,4.0
3366,87,65,5.0
3367,87,29,5.0
3368,87,107,5.0
3369,87,25,4.5
3370,87,102,4.0
3371,87,72,3.5
3372,87,79,5.0
3373,87,89,5.0
3374,87,124,4.5
3375,87,68,5.0
3376,87,109,4.5
3377,87,69,5.0
3378,87,92,5.0
3379,87,71,4.0
3380,87,90,4.5
3381,87,97,4.5
3382,87,103,4.5
3383,87,15,5.0
3384,87,54,5.0
3385,87,59,4.5
3386,87,10,5.0
3387,87,115,4.0
3388,87,17,5.0
3389,87,3,5.0
3390,87,62,4.0
3391,87,45,4.5
3392,87,40,4.5
3393,87,112,5.0
3394,87,47,4.0
3395,87,18,3.5
3396,87,57,4.5
3397,87,77,5.0
3398,87,67,4.5
3399,87,126,4.5
3400,88,130,4.5
3401,88,122,4.5
3402,88,94,4.0
3403,88,48,4.5
3404,88,113,5.0
3405,88,28,4.5
3406,88,47,5.0
3407,88,107,4.0
3408,88,46,5.0
3409,88,49,4.0
3410,88,55,5.0
3411,88,129,4.5
3412,88,66,5.0
3413,88,30,5.0
3414,88,53,5.0
3415,88,15,5.0
3416,88,98,4.0
3417,88,41,4.5
3418,88,16,4.5
3419,88,60,5.0
3420,88,119,5.0
3421,88,67,5.0
3422,88,18,5.0
3423,88,64,4.5
3424,88,118,4.5
3425,88,128,3.5
3426,88,91,5.0
3427,88,37,4.5
3428,89,94,4.0
3429,89,51,5.0
3430,89,87,5.0
3431,89,52,5.0
3432,89,104,5.0
3433,89,32,5.0
3434,89,60,5.0
3435,89,109,4.5
3436,89,128,2.5
3437,89,72,5.0
3438,89,70,4.5
3439,89,103,4.0
3440,89,92,4.5
3441,89,122,4.5
3442,89,125,5.0
3443,89,131,4.5
3444,89,38,4.0
3445,89,117,4.0
3446,89,28,4.5
3447,90,76,4.5
3448,90,128,4.0
3449,90,126,4.5
3450,90,130,5.0
3451,90,67,4.5
3452,90,88,3.5
3453,90,5,5.0
3454,90,122,5.0
3455,90,98,4.0
3456,90,133,4.0
3457,90,56,4.0
3458,90,113,4.5
3459,90,118,5.0
3460,90,16,4.5
3461,90,50,4.0
3462,90,58,5.0
3463,90,41,5.0
3464,90,110,4.5
3465,90,49,4.0
3466,90,57,5.0
3467,90,59,4.5
3468,90,125,5.0
3469,90,123,5.0
3470,90,23,5.0
3471,90,72,4.0
3472,90,85,5.0
3473,90,100,5.0
3474,91,25,5.0
3475,91,110,5.0
3476,91,89,5.0
3477,91,92,4.0
3478,91,106,5.0
3479,91,90,5.0
3480,91,15,4.5
3481,91,85,4.5
3482,91,32,4.0
3483,91,126,3.5
3484,91,31,5.0
3485,91,83,4.0
3486,91,40,5.0
3487,91,76,4.5
3488,91,11,5.0
3489,91,117,3.5
3490,91,132,3.5
3491,91,9,5.0
3492,91,112,3.5
3493,91,122,4.0
3494,91,128,3.0
3495,91,44,5.0
3496,91,22,5.0
3497,91,3,4.5
3498,91,69,5.0
3499,91,42,4.5
3500,91,5,4.5
3501,91,59,5.0
3502,91,127,4.5
3503,91,55,4.5
3504,91,73,3.5
3505,91,66,5.0
3506,91,54,4.0
3507,91,35,4.0
3508,91,111,5.0
3509,91,129,4.5
3510,91,61,4.5
3511,91,121,4.5
3512,91,100,4.0
3513,92,52,5.0
3514,92,107,5.0
3515,92,103,4.5
3516,92,65,4.5
3517,92,117,4.0
3518,92,47,5.0
3519,92,5,5.0
3520,92,81,4.5
3521,92,91,5.0
3522,92,67,5.0
3523,92,111,5.0
3524,92,24,4.0
3525,92,74,4.5
3526,92,64,5.0
3527,92,28,4.5
3528,92,85,5.0
3529,92,106,5.0
3530,92,96,5.0
3531,92,60,5.0
3532,92,35,3.0
3533,92,82,4.5
3534,92,69,4.5
3535,92,104,4.5
3536,92,79,4.5
3537,92,110,5.0
3538,92,99,5.0
3539,92,56,4.5
3540,92,73,4.5
3541,92,94,4.0
3542,92,127,4.5
3543,92,8,5.0
3544,92,125,3.5
3545,92,26,4.5
3546,92,129,4.5
3547,92,116,5.0
3548,93,17,4.0
3549,93,105,4.5
3550,93,94,5.0
3551,93,24,5.0
3552,93,102,5.0
3553,93,36,5.0
3554,93,61,4.5
3555,93,15,5.0
3556,93,74,5.0
3557,93,95,3.5
3558,93,65,5.0
3559,93,120,5.0
3560,93,16,4.5
3561,93,67,3.5
3562,93,86,5.0
3563,93,107,5.0
3564,93,75,4.5
3565,93,100,5.0
3566,93,68,4.5
3567,93,33,4.5
3568,93,64,3.5
3569,93,12,5.0
3570,93,31,5.0
3571,93,77,3.5
3572,93,122,4.0
3573,93,99,4.0
3574,93,104,3.5
3575,93,41,4.5
3576,93,43,4.0
3577,93,118,4.5
3578,93,125,5.0
3579,93,50,4.0
3580,93,96,5.0
3581,93,130,4.0
3582,94,61,5.0
3583,94,114,4.5
3584,94,100,3.5
3585,94,3,4.5
3586,94,101,4.5
3587,94,66,4.0
3588,94,78,5.0
3589,94,12,5.0
3590,94,120,4.5
3591,94,106,4.5
3592,94,97,5.0
3593,94,31,5.0
3594,94,39,5.0
3595,94,27,4.5
3596,94,111,4.0
3597,94,133,4.5
3598,94,21,4.5
3599,94,57,4.0
3600,94,81,4.5
3601,94,41,5.0
3602,94,113,4.5
3603,94,104,5.0
3604,94,99,4.5
3605,94,83,5.0
3606,94,53,5.0
3607,94,102,4.5
3608,94,5,5.0
3609,94,36,5.0
3610,94,11,5.0
3611,94,132,3.0
3612,94,63,5.0
3613,94,134,5.0
3614,94,95,3.5
3615,94,110,5.0
3616,94,43,5.0
3617,94,92,4.0
3618,94,55,4.5
3619,94,13,5.0
3620,94,118,5.0
3621,94,90,4.0
3622,94,34,5.0
3623,94,65,5.0
3624,94,9,4.5
3625,94,46,4.5
3626,94,54,4.0
3627,94,128,4.0
3628,94,71,5.0
3629,94,42,5.0
3630,94,59,5.0
3631,95,112,4.5
3632,95,117,5.0
3633,95,127,5.0
3634,95,31,3.5
3635,95,58,5.0
3636,95,53,4.0
3637,95,49,4.0
3638,95,122,4.0
3639,95,111,5.0
3640,95,105,5.0
3641,95,101,4.5
3642,95,35,3.5
3643,95,37,4.0
3644,95,96,5.0
3645,95,64,5.0
3646,95,128,3.0
3647,95,17,3.5
3648,95,56,4.5
3649,95,110,3.5
3650,95,27,5.0
3651,95,77,5.0
3652,95,28,4.5
3653,95,106,4.5
3654,95,132,4.0
3655,95,94,4.5
3656,95,87,5.0
3657,95,25,5.0
3658,95,54,5.0
3659,95,24,5.0
3660,95,129,4.0
3661,95,102,4.5
3662,95,19,3.5
3663,95,4,4.5
3664,95,38,5.0
3665,95,34,4.0
3666,95,131,4.0
3667,95,80,4.5
3668,95,130,5.0
3669,95,32,5.0
3670,95,48,4.5
3671,95,75,5.0
3672,95,88,4.5
3673,95,83,5.0
3674,95,59,5.0
3675,95,11,4.5
3676,95,2,4.0
3677,95,61,5.0
3678,95,18,4.5
3679,95,42,4.5
3680,95,51,5.0
3681,95,113,4.5
3682,95,50,5.0
3683,95,55,3.0
3684,95,114,5.0
3685,95,33,5.0
3686,95,10,5.0
3687,95,13,4.0
3688,95,72,5.0
3689,95,8,4.0
3690,95,7,5.0
3691,96,90,4.5
3692,96,24,5.0
3693,96,53,4.5
3694,96,73,3.5
3695,96,47,5.0
3696,96,44,4.5
3697,96,70,3.5
3698,96,131,5.0
3699,96,115,5.0
3700,96,85,5.0
3701,96,75,5.0
3702,96,28,5.0
3703,96,124,4.5
3704,96,1,4.0
3705,96,68,4.5
3706,96,99,4.5
3707,96,74,4.5
3708,96,133,4.5
3709,96,54,5.0
3710,96,10,5.0
3711,96,32,3.0
3712,96,119,5.0
3713,97,55,4.5
3714,97,13,5.0
3715,97,73,3.0
3716,97,83,4.0
3717,97,15,4.0
3718,97,19,5.0
3719,97,98,5.0
3720,97,12,4.5
3721,97,52,4.5
3722,97,33,4.5
3723,97,23,4.0
3724,97,31,4.0
3725,97,99,4.0
3726,97,111,4.5
3727,97,126,5.0
3728,97,127,4.0
3729,97,3,4.0
3730,97,110,4.5
3731,97,27,5.0
3732,97,21,3.5
3733,97,50,4.5
3734,97,100,4.0
3735,97,120,4.5
3736,98,58,5.0
3737,98,40,5.0
3738,98,127,5.0
3739,98,22,5.0
3740,98,75,5.0
3741,98,120,4.5
3742,98,112,5.0
3743,98,11,5.0
3744,98,117,4.0
3745,98,103,4.0
3746,98,62,4.5
3747,98,39,4.5
3748,98,20,4.0
3749,98,17,4.0
3750,98,88,5.0
3751,98,116,5.0
3752,98,123,4.5
3753,98,108,5.0
3754,98,32,5.0
3755,98,67,3.5
3756,98,55,4.0
3757,98,38,5.0
3758,98,73,3.5
3759,98,7,5.0
3760,98,71,4.5
3761,98,10,5.0
3762,98,6,5.0
3763,98,66,4.5
3764,98,14,3.5
3765,98,107,5.0
3766,98,114,4.5
3767,98,53,4.0
3768,98,13,5.0
3769,98,60,5.0
3770,98,85,4.5
3771,98,93,4.0
3772,98,128,2.0
3773,98,33,4.5
3774,98,46,5.0
3775,98,97,5.0
3776,98,130,5.0
3777,98,132,3.5
3778,98,65,5.0
3779,98,3,5.0
3780,99,38,4.5
3781,99,62,4.5
3782,99,112,5.0
3783,99,49,4.5
3784,99,23,3.0
3785,99,78,5.0
3786,99,119,4.0
3787,99,19,5.0
3788,99,61,5.0
3789,99,55,5.0
3790,99,3,5.0
3791,99,15,4.5
3792,99,22,4.5
3793,99,116,4.0
3794,99,20,3.5
3795,99,95,4.5
3796,99,90,5.0
3797,99,57,4.0
3798,99,63,4.5
3799,99,126,4.5
3800,99,124,4.5
3801,99,111,4.5
3802,99,58,4.0
3803,99,75,4.0
3804,99,32,5.0
3805,99,26,4.0
3806,99,134,4.5
3807,99,73,4.0
3808,99,51,4.0
3809,99,7,4.5
3810,99,43,4.0
3811,99,2,5.0
3812,99,14,4.0
3813,99,81,4.5
3814,99,92,5.0
3815,99,56,5.0
3816,99,54,4.5
3817,99,64,4.5
3818,99,128,3.5
3819,99,113,5.0
3820,99,77,4.5
3821,99,71,4.5
3822,99,108,5.0
3823,99,5,5.0
3824,99,121,5.0
3825,100,41,4.5
3826,100,126,4.5
3827,100,26,5.0
3828,100,107,5.0
3829,100,127,4.5
3830,100,78,5.0
3831,100,61,5.0
3832,100,27,5.0
3833,100,72,4.5
3834,100,7,5.0
3835,100,3,4.5
3836,100,46,4.0
3837,100,113,4.0
3838,100,34,4.0
3839,100,123,5.0
3840,100,87,4.5
3841,100,21,3.5
3842,100,23,5.0
3843,100,106,5.0
3844,100,111,5.0
3845,100,65,4.0
3846,100,5,4.0
3847,100,104,5.0
3848,100,9,4.5
3849,100,44,5.0
3850,100,56,5.0
3851,100,15,4.0
3852,101,75,3.5
3853,101,114,5.0
3854,101,130,5.0
3855,101,128,3.0
3856,101,26,4.0
3857,101,40,4.5
3858,101,94,4.0
3859,101,43,5.0
3860,101,105,4.0
3861,101,18,4.5
3862,101,16,4.5
3863,101,109,3.0
3864,101,132,4.0
3865,101,57,5.0
3866,101,54,4.0
3867,101,99,4.0
3868,101,119,4.5
3869,101,1,5.0
3870,101,32,4.5
3871,101,107,5.0
3872,101,104,4.0
3873,101,61,4.5
3874,101,44,4.5
3875,101,37,4.5
3876,101,65,5.0
3877,102,16,5.0
3878,102,101,5.0
3879,102,10,4.0
3880,102,39,5.0
3881,102,15,5.0
3882,102,76,4.5
3883,102,108,4.5
3884,102,52,4.5
3885,102,114,4.0
3886,102,88,4.5
3887,102,90,4.0
3888,102,71,5.0
3889,102,112,5.0
3890,102,131,4.5
3891,102,93,4.0
3892,102,96,4.5
3893,102,41,5.0
3894,102,117,4.0
3895,102,45,4.0
3896,102,2,5.0
3897,102,106,4.5
3898,102,36,3.5
3899,102,68,4.5
3900,102,79,5.0
3901,102,19,5.0
3902,102,124,5.0
3903,102,127,5.0
3904,102,58,4.5
3905,102,83,4.5
3906,102,27,5.0
3907,102,70,4.5
3908,102,80,5.0
3909,102,133,5.0
3910,102,103,3.5
3911,102,84,4.5
3912,102,57,3.0
3913,102,109,4.0
3914,102,116,3.5
3915,102,100,4.5
3916,102,128,3.5
3917,102,26,4.5
3918,102,121,3.5
3919,103,36,4.0
3920,103,97,5.0
3921,103,64,4.5
3922,103,27,4.5
3923,103,84,5.0
3924,103,50,5.0
3925,103,93,5.0
3926,103,59,4.5
3927,103,13,3.5
3928,103,19,5.0
3929,103,92,4.5
3930,103,55,5.0
3931,103,107,5.0
3932,103,53,4.5
3933,103,11,4.5
3934,103,12,4.5
3935,103,8,5.0
3936,103,123,4.0
3937,103,114,5.0
3938,103,17,5.0
3939,103,61,4.5
3940,103,28,4.5
3941,103,58,4.0
3942,103,10,5.0
3943,103,48,4.0
3944,103,87,5.0
3945,103,68,3.5
3946,103,52,4.0
3947,103,76,5.0
3948,103,72,4.0
3949,103,67,4.5
3950,103,100,3.5
3951,103,51,5.0
3952,103,34,4.0
3953,103,75,4.0
3954,103,132,3.5
3955,103,82,3.5
3956,103,117,5.0
3957,103,57,4.0
3958,103,89,5.0
3959,103,63,4.5
3960,103,54,4.0
3961,103,21,5.0
3962,103,125,5.0
3963,103,65,3.5
3964,103,115,4.5
3965,103,94,5.0
3966,103,127,4.0
3967,103,95,3.5
3968,103,66,4.0
3969,103,108,4.5
3970,103,16,4.0
3971,103,113,5.0
3972,103,109,3.5
3973,103,116,4.5
3974,103,5,5.0
3975,103,124,4.0
3976,103,105,4.5
3977,104,14,4.5
3978,104,49,5.0
3979,104,122,5.0
3980,104,129,5.0
3981,104,5,5.0
3982,104,31,5.0
3983,104,47,5.0
3984,104,124,4.5
3985,104,3,4.5
3986,104,36,5.0
3987,104,101,4.5
3988,104,27,5.0
3989,104,32,4.5
3990,104,107,4.5
3991,104,91,5.0
3992,104,108,5.0
3993,104,114,4.0
3994,104,75,4.0
3995,104,57,4.5
3996,104,11,4.5
3997,104,104,5.0
3998,104,69,5.0
3999,104,78,4.0
4000,104,42,5.0
4001,104,52,4.0
4002,104,76,5.0
4003,104,6,5.0
4004,104,63,5.0
4005,104,126,4.5
4006,104,44,5.0
4007,104,56,4.5
4008,104,24,4.5
4009,104,54,3.5
4010,104,4,4.5
4011,104,68,4.5
4012,104,41,5.0
4013,104,133,5.0
4014,104,33,5.0
4015,104,12,5.0
4016,104,15,5.0
4017,104,13,3.5
4018,104,70,5.0
4019,104,22,5.0
4020,104,37,4.0
4021,104,19,3.5
4022,104,103,5.0
4023,104,97,4.5
4024,104,96,4.5
4025,104,20,3.5
4026,105,43,5.0
4027,105,1,5.0
4028,105,16,5.0
4029,105,124,5.0
4030,105,70,5.0
4031,105,65,4.5
4032,105,98,4.0
4033,105,45,4.5
4034,105,108,5.0
4035,105,81,5.0
4036,105,28,4.0
4037,105,75,3.5
4038,105,126,4.5
4039,105,66,5.0
4040,105,37,4.0
4041,105,6,5.0
4042,105,21,5.0
4043,105,95,3.5
4044,105,69,5.0
4045,105,73,2.5
4046,105,9,5.0
4047,105,39,5.0
4048,105,12,3.0
4049,105,51,5.0
4050,105,90,5.0
4051,105,132,3.5
4052,105,107,5.0
4053,105,18,4.5
4054,105,93,3.5
4055,105,72,4.5
4056,105,36,4.0
4057,105,56,5.0
4058,105,27,5.0
4059,105,79,4.0
4060,105,129,4.0
4061,105,41,5.0
4062,105,88,5.0
4063,105,44,5.0
4064,105,82,5.0
4065,105,34,4.0
4066,105,91,4.5
4067,105,58,4.5
4068,105,35,4.0
4069,105,32,5.0
4070,105,85,4.5
4071,105,42,5.0
4072,105,97,5.0
4073,105,102,4.0
4074,105,59,4.5
4075,105,77,5.0
4076,105,134,5.0
4077,105,3,4.5
4078,105,122,4.0
4079,105,133,5.0
4080,105,78,5.0
4081,105,61,5.0
4082,106,134,4.5
4083,106,71,4.5
4084,106,50,4.5
4085,106,6,5.0
4086,106,65,5.0
4087,106,117,4.5
4088,106,1,5.0
4089,106,121,4.5
4090,106,55,5.0
4091,106,83,4.5
4092,106,87,4.5
4093,106,127,4.5
4094,106,84,3.0
4095,106,7,4.5
4096,106,110,5.0
4097,106,42,4.5
4098,106,56,5.0
4099,106,109,4.0
4100,106,53,5.0
4101,106,36,5.0
4102,106,16,5.0
4103,106,88,4.5
4104,106,67,3.5
4105,106,60,4.0
4106,106,64,4.5
4107,106,47,5.0
4108,106,112,5.0
4109,106,98,4.5
4110,106,131,5.0
4111,107,134,4.0
4112,107,61,5.0
4113,107,19,4.0
4114,107,113,5.0
4115,107,25,5.0
4116,107,115,4.0
4117,107,32,4.0
4118,107,11,5.0
4119,107,125,4.0
4120,107,8,5.0
4121,107,118,5.0
4122,107,5,5.0
4123,107,49,4.5
4124,107,41,4.5
4125,107,114,4.0
4126,107,109,4.5
4127,107,89,5.0
4128,107,9,5.0
4129,107,101,4.5
4130,107,17,3.5
4131,107,126,5.0
4132,107,103,3.5
4133,107,57,5.0
4134,107,120,5.0
4135,107,39,4.5
4136,107,79,5.0
4137,107,81,4.5
4138,107,56,4.5
4139,107,117,4.5
4140,107,14,5.0
4141,107,87,5.0
4142,107,111,5.0
4143,107,72,4.0
4144,107,7,5.0
4145,107,38,4.0
4146,107,122,5.0
4147,108,38,4.5
4148,108,121,4.0
4149,108,80,5.0
4150,108,88,4.5
4151,108,75,3.5
4152,108,95,4.0
4153,108,3,4.0
4154,108,67,4.5
4155,108,76,5.0
4156,108,85,4.0
4157,108,87,4.5
4158,108,19,5.0
4159,108,8,4.5
4160,108,31,5.0
4161,108,65,5.0
4162,108,105,4.0
4163,108,107,3.5
4164,108,72,4.5
4165,108,110,4.0
4166,108,7,4.0
4167,108,55,4.0
4168,108,45,5.0
4169,108,26,4.0
4170,108,112,5.0
4171,109,53,5.0
4172,109,103,4.5
4173,109,48,4.0
4174,109,2,5.0
4175,109,93,5.0
4176,109,3,5.0
4177,109,19,4.5
4178,109,46,5.0
4179,109,4,5.0
4180,109,72,4.0
4181,109,15,5.0
4182,109,128,2.5
4183,109,38,5.0
4184,109,57,4.5
4185,109,25,5.0
4186,109,81,4.5
4187,109,75,5.0
4188,109,117,5.0
4189,109,98,5.0
4190,109,47,4.5
4191,109,6,4.5
4192,109,126,5.0
4193,109,26,3.5
4194,109,112,4.0
4195,109,37,4.5
4196,109,23,5.0
4197,109,29,4.5
4198,109,34,4.5
4199,109,130,3.5
4200,109,109,4.0
4201,109,44,4.5
4202,109,71,4.5
4203,109,32,5.0
4204,109,105,3.5
4205,109,111,5.0
4206,109,129,3.5
4207,109,101,5.0
4208,109,107,4.5
4209,109,13,5.0
4210,110,43,5.0
4211,110,131,5.0
4212,110,100,4.0
4213,110,96,4.5
4214,110,128,4.0
4215,110,133,3.5
4216,110,119,4.0
4217,110,46,4.5
4218,110,83,5.0
4219,110,124,4.5
4220,110,127,5.0
4221,110,122,4.0
4222,110,69,5.0
4223,110,103,4.0
4224,110,10,4.5
4225,110,54,4.0
4226,110,57,4.0
4227,110,52,4.0
4228,110,116,5.0
4229,111,70,4.5
4230,111,98,3.5
4231,111,7,5.0
4232,111,46,4.5
4233,111,114,4.5
4234,111,60,4.5
4235,111,68,5.0
4236,111,83,3.5
4237,111,10,4.5
4238,111,131,4.5
4239,111,116,4.5
4240,111,11,4.5
4241,111,38,3.5
4242,111,108,5.0
4243,111,65,5.0
4244,111,66,4.5
4245,111,134,5.0
4246,111,127,4.5
4247,111,123,4.0
4248,111,101,3.5
4249,111,36,5.0
4250,111,30,4.5
4251,111,13,5.0
4252,111,16,5.0
4253,111,126,5.0
4254,111,47,5.0
4255,111,5,4.5
4256,111,118,4.0
4257,111,26,4.0
4258,111,43,5.0
4259,111,106,4.5
4260,111,87,5.0
4261,111,105,5.0
4262,111,33,4.0
4263,111,39,5.0
4264,112,8,4.5
4265,112,96,4.0
4266,112,36,5.0
4267,112,33,4.0
4268,112,79,5.0
4269,112,3,4.5
4270,112,128,2.5
4271,112,104,5.0
4272,112,85,5.0
4273,112,107,5.0
4274,112,46,5.0
4275,112,44,4.5
4276,112,29,4.5
4277,112,54,5.0
4278,112,55,5.0
4279,112,88,4.0
4280,112,97,5.0
4281,112,52,4.5
4282,112,98,5.0
4283,112,100,4.0
4284,112,89,5.0
4285,112,69,5.0
4286,112,39,5.0
4287,112,42,5.0
4288,112,76,4.5
4289,112,129,5.0
4290,112,73,3.0
4291,112,101,4.0
4292,112,5,5.0
4293,112,18,3.5
4294,112,20,5.0
4295,112,43,5.0
4296,112,108,5.0
4297,112,81,4.5
4298,112,78,5.0
4299,112,115,4.5
4300,112,74,4.5
4301,112,51,4.5
4302,112,49,4.5
4303,112,27,5.0
4304,112,118,5.0
4305,112,9,4.5
4306,112,113,4.5
4307,113,17,4.0
4308,113,103,5.0
4309,113,64,4.5
4310,113,85,5.0
4311,113,126,4.5
4312,113,118,5.0
4313,113,119,4.5
4314,113,74,3.5
4315,113,6,5.0
4316,113,95,4.5
4317,113,12,5.0
4318,113,37,4.5
4319,113,83,4.5
4320,113,113,4.5
4321,113,129,5.0
4322,113,59,5.0
4323,113,45,4.5
4324,113,90,5.0
4325,113,108,4.5
4326,113,92,5.0
4327,113,102,4.5
4328,113,39,5.0
4329,113,51,4.5
4330,113,79,3.5
4331,113,106,4.0
4332,113,104,5.0
4333,113,23,5.0
4334,113,54,4.0
4335,113,32,5.0
4336,113,116,4.5
4337,113,80,5.0
4338,113,94,4.0
4339,113,56,4.5
4340,113,128,2.5
4341,113,50,5.0
4342,113,131,5.0
4343,113,24,5.0
4344,113,117,5.0
4345,113,73,4.0
4346,113,13,5.0
4347,113,112,5.0
4348,113,97,4.5
4349,113,130,5.0
4350,114,101,5.0
4351,114,44,4.0
4352,114,20,4.5
4353,114,3,4.5
4354,114,70,4.5
4355,114,40,4.5
4356,114,113,4.0
4357,114,46,4.5
4358,114,23,4.5
4359,114,28,4.5
4360,114,92,5.0
4361,114,5,5.0
4362,114,115,5.0
4363,114,87,5.0
4364,114,69,5.0
4365,114,125,5.0
4366,114,57,4.5
4367,114,90,5.0
4368,114,7,4.0
4369,114,108,5.0
4370,114,82,5.0
4371,114,104,5.0
4372,115,12,5.0
4373,115,107,5.0
4374,115,132,3.5
4375,115,28,5.0
4376,115,84,5.0
4377,115,83,4.5
4378,115,49,5.0
4379,115,80,5.0
4380,115,27,5.0
4381,115,120,4.0
4382,115,70,5.0
4383,115,51,3.0
4384,115,121,4.5
4385,115,55,4.5
4386,115,16,4.0
4387,115,30,5.0
4388,115,131,4.0
4389,115,14,5.0
4390,115,46,5.0
4391,115,42,4.5
4392,115,23,5.0
4393,115,2,4.0
4394,115,52,5.0
4395,115,130,5.0
4396,115,41,4.5
4397,116,82,5.0
4398,116,124,4.0
4399,116,18,4.5
4400,116,86,5.0
4401,116,5,5.0
4402,116,115,4.0
4403,116,98,4.5
4404,116,66,5.0
4405,116,134,4.5
4406,116,95,3.0
4407,116,30,4.5
4408,116,65,5.0
4409,116,76,4.5
4410,116,91,4.5
4411,116,2,5.0
4412,116,133,4.5
4413,116,3,5.0
4414,116,79,5.0
4415,116,128,3.0
4416,116,129,5.0
4417,116,16,5.0
4418,116,40,5.0
4419,116,31,5.0
4420,116,125,3.5
4421,116,55,4.5
4422,116,97,5.0
4423,116,32,4.5
4424,116,80,4.0
4425,116,11,5.0
4426,116,8,4.5
4427,116,132,3.5
4428,116,48,5.0
4429,116,64,4.5
4430,116,38,5.0
4431,116,26,4.5
4432,116,20,4.5
4433,116,49,5.0
4434,116,27,4.5
4435,116,83,5.0
4436,116,130,4.5
4437,116,112,5.0
4438,116,93,5.0
4439,116,77,3.5
4440,116,57,4.5
4441,116,43,5.0
4442,116,104,3.5
4443,116,36,5.0
4444,116,41,4.5
4445,116,96,4.0
4446,116,6,5.0
4447,116,67,4.5
4448,116,54,3.5
4449,116,37,4.5
4450,116,4,4.5
4451,116,119,4.5
4452,117,117,4.0
4453,117,73,3.5
4454,117,97,4.5
4455,117,124,5.0
4456,117,19,4.5
4457,117,86,5.0
4458,117,35,2.5
4459,117,92,5.0
4460,117,61,4.0
4461,117,26,4.5
4462,117,20,5.0
4463,117,118,4.0
4464,117,25,4.5
4465,117,1,5.0
4466,117,2,5.0
4467,117,111,4.5
4468,117,65,5.0
4469,117,94,3.0
4470,117,93,4.5
4471,117,48,4.0
4472,117,63,5.0
4473,117,52,5.0
4474,117,54,5.0
4475,117,51,5.0
4476,117,96,5.0
4477,117,115,5.0
4478,117,50,4.5
4479,117,114,4.5
4480,117,40,5.0
4481,117,83,4.5
4482,117,76,4.5
4483,117,10,5.0
4484,117,53,5.0
4485,117,5,5.0
4486,118,133,4.5
4487,118,49,5.0
4488,118,109,4.5
4489,118,43,5.0
4490,118,110,5.0
4491,118,65,4.0
4492,118,78,4.5
4493,118,129,4.5
4494,118,98,4.5
4495,118,79,4.0
4496,118,106,5.0
4497,118,23,4.5
4498,118,28,5.0
4499,118,89,5.0
4500,118,37,4.5
4501,118,69,5.0
4502,118,54,4.5
4503,118,102,5.0
4504,118,2,5.0
4505,118,44,4.5
4506,119,28,4.0
4507,119,43,4.0
4508,119,21,5.0
4509,119,76,5.0
4510,119,22,4.5
4511,119,97,5.0
4512,119,32,4.5
4513,119,36,4.5
4514,119,9,5.0
4515,119,44,4.5
4516,119,4,5.0
4517,119,75,5.0
4518,119,31,5.0
4519,119,62,4.5
4520,119,63,4.0
4521,119,87,5.0
4522,119,98,4.5
4523,119,13,4.0
4524,119,2,4.0
4525,119,8,4.5
4526,119,35,5.0
4527,119,129,5.0
4528,119,1,4.5
4529,119,86,4.0
4530,119,123,4.5
4531,119,102,4.0
4532,119,6,5.0
4533,119,117,5.0
4534,119,134,5.0
4535,119,67,5.0
4536,119,109,4.0
4537,119,112,5.0
4538,119,49,5.0
4539,119,78,5.0
4540,119,105,5.0
4541,119,118,4.5
4542,119,114,5.0
4543,119,120,4.0
4544,119,61,4.5
4545,119,125,4.5
4546,119,101,4.5
4547,119,55,3.5
4548,119,95,4.5
4549,120,26,4.5
4550,120,99,4.0
4551,120,76,4.5
4552,120,50,4.0
4553,120,37,4.0
4554,120,9,5.0
4555,120,33,3.5
4556,120,64,4.5
4557,120,102,4.5
4558,120,12,4.5
4559,120,39,5.0
4560,120,107,5.0
4561,120,87,5.0
4562,120,71,5.0
4563,120,112,5.0
4564,120,60,4.0
4565,120,22,5.0
4566,120,115,5.0
4567,120,58,5.0
4568,120,15,3.5
4569,120,62,5.0
4570,120,85,4.5
4571,120,70,5.0
4572,120,31,5.0
4573,120,32,5.0
4574,120,28,3.5
4575,120,118,4.5
4576,120,97,5.0
4577,120,113,4.0
4578,120,90,3.5
4579,120,125,4.0
4580,120,14,4.5
4581,120,56,5.0
4582,120,92,5.0
4583,120,4,4.0
4584,120,21,4.5
4585,120,42,5.0
4586,120,131,5.0
4587,120,36,5.0
4588,120,29,4.0
4589,120,93,4.0
4590,120,128,3.0
4591,120,86,5.0
4592,120,61,5.0
4593,120,101,5.0
4594,120,16,4.0
4595,120,105,4.5
4596,120,18,4.0
4597,120,69,5.0
4598,120,82,5.0
4599,120,63,5.0
4600,120,104,5.0
4601,120,43,3.5
4602,120,95,4.0
4603,120,74,3.5
4604,120,77,4.5
4605,120,129,3.5
4606,121,54,5.0
4607,121,58,5.0
4608,121,14,5.0
4609,121,46,4.5
4610,121,125,5.0
4611,121,101,4.5
4612,121,77,4.0
4613,121,127,5.0
4614,121,105,5.0
4615,121,85,5.0
4616,121,117,3.5
4617,121,109,5.0
4618,121,21,5.0
4619,121,3,4.5
4620,121,71,5.0
4621,121,51,4.0
4622,121,44,4.5
4623,121,55,3.5
4624,121,87,5.0
4625,121,61,5.0
4626,121,45,5.0
4627,121,97,5.0
4628,121,119,5.0
4629,121,112,4.0
4630,122,38,5.0
4631,122,97,5.0
4632,122,110,5.0
4633,122,44,4.5
4634,122,15,4.5
4635,122,25,4.5
4636,122,92,4.5
4637,122,125,5.0
4638,122,61,5.0
4639,122,23,4.5
4640,122,121,4.5
4641,122,7,4.5
4642,122,16,5.0
4643,122,66,5.0
4644,122,84,4.0
4645,122,131,3.5
4646,122,76,5.0
4647,122,56,4.0
4648,122,20,5.0
4649,122,81,5.0
4650,122,93,4.0
4651,122,52,5.0
4652,122,32,5.0
4653,122,5,4.0
4654,122,122,4.5
4655,122,31,4.5
4656,122,51,4.0
4657,122,63,5.0
4658,122,39,5.0
4659,122,89,5.0
4660,122,77,5.0
4661,122,127,4.5
4662,122,120,4.5
4663,122,96,4.0
4664,122,49,5.0
4665,122,105,5.0
4666,122,86,5.0
4667,122,85,4.5
4668,122,12,4.5
4669,122,60,4.5
4670,122,102,5.0
4671,122,100,5.0
4672,122,36,5.0
4673,122,115,4.0
4674,122,94,5.0
4675,122,57,5.0
4676,122,48,5.0
4677,122,2,4.5
4678,122,132,3.0
4679,122,130,5.0
4680,122,11,5.0
4681,122,98,5.0
4682,122,107,4.5
4683,122,124,4.0
4684,122,29,4.5
4685,122,3,4.5
4686,122,118,4.5
4687,122,74,5.0
4688,123,131,3.5
4689,123,54,4.0
4690,123,26,4.0
4691,123,12,4.5
4692,123,61,4.5
4693,123,10,5.0
4694,123,49,5.0
4695,123,19,4.5
4696,123,39,5.0
4697,123,110,4.5
4698,123,107,4.5
4699,123,28,5.0
4700,123,18,4.5
4701,123,78,4.5
4702,123,71,4.5
4703,123,123,4.5
4704,123,76,4.5
4705,123,46,4.5
4706,123,36,5.0
4707,123,17,4.5
4708,123,94,4.0
4709,123,80,5.0
4710,123,55,4.5
4711,123,129,5.0
4712,123,120,4.5
4713,123,33,5.0
4714,123,34,5.0
4715,123,128,3.5
4716,123,84,5.0
4717,123,21,4.5
4718,123,52,5.0
4719,123,59,4.0
4720,123,11,5.0
4721,123,109,4.0
4722,123,87,3.5
4723,123,112,4.0
4724,123,89,4.5
4725,123,127,5.0
4726,123,69,4.5
4727,123,27,5.0
4728,123,111,4.5
4729,123,81,4.0
4730,123,35,4.5
4731,123,82,5.0
4732,123,90,4.5
4733,123,83,3.5
4734,123,25,4.0
4735,123,48,4.5
4736,123,73,3.5
4737,124,132,3.5
4738,124,40,4.0
4739,124,33,3.5
4740,124,37,3.5
4741,124,97,4.5
4742,124,69,4.0
4743,124,14,4.5
4744,124,118,3.5
4745,124,93,4.5
4746,124,82,5.0
4747,124,48,5.0
4748,124,91,4.5
4749,124,100,5.0
4750,124,32,4.0
4751,124,87,4.0
4752,124,78,4.0
4753,124,54,5.0
4754,124,123,5.0
4755,124,59,5.0
4756,124,24,4.5
4757,124,57,4.5
4758,124,46,5.0
4759,124,103,5.0
4760,124,60,4.0
4761,124,65,5.0
4762,124,131,4.5
4763,124,36,4.5
4764,124,55,5.0
4765,124,67,5.0
4766,124,92,5.0
4767,124,30,5.0
4768,124,133,5.0
4769,124,125,4.5
4770,124,12,4.5
4771,124,112,4.5
4772,124,53,5.0
4773,124,41,5.0
4774,124,101,5.0
4775,124,102,4.0
4776,124,11,4.5
4777,124,10,4.5
4778,124,31,5.0
4779,124,130,4.0
4780,124,22,4.0
4781,124,74,5.0
4782,124,8,5.0
4783,124,95,3.5
4784,124,109,4.0
4785,124,71,4.0
4786,124,64,5.0
4787,124,2,4.5
4788,124,107,5.0
4789,124,66,5.0
4790,124,18,4.5
4791,124,62,5.0
4792,124,85,5.0
4793,124,96,5.0
4794,124,129,5.0
4795,125,132,5.0
4796,125,40,4.0
4797,125,106,5.0
4798,125,32,4.5
4799,125,125,4.0
4800,125,2,5.0
4801,125,133,4.5
4802,125,99,4.5
4803,125,85,5.0
4804,125,33,3.5
4805,125,29,4.0
4806,125,61,5.0
4807,125,51,4.5
4808,125,48,3.5
4809,125,39,5.0
4810,125,47,5.0
4811,125,55,4.5
4812,125,115,4.5
4813,125,24,4.5
4814,125,69,5.0
4815,125,104,4.5
4816,125,35,3.5
4817,125,14,5.0
4818,125,57,4.0
4819,125,126,4.5
4820,125,108,4.5
4821,125,111,4.5
4822,125,21,5.0
4823,125,18,5.0
4824,125,46,5.0
4825,125,96,4.0
4826,125,56,4.0
4827,125,1,5.0
4828,125,105,5.0
4829,125,91,5.0
4830,125,26,5.0
4831,125,15,4.5
4832,125,25,4.0
4833,125,37,4.0
4834,125,6,5.0
4835,125,134,5.0
4836,125,122,4.5
4837,125,54,4.5
4838,125,43,4.0
4839,125,5,5.0
4840,125,107,5.0
4841,125,86,4.5
4842,125,127,4.5
4843,126,103,5.0
4844,126,10,5.0
4845,126,71,4.5
4846,126,50,5.0
4847,126,38,4.0
4848,126,110,5.0
4849,126,5,5.0
4850,126,79,4.0
4851,126,26,5.0
4852,126,12,4.5
4853,126,111,5.0
4854,126,7,5.0
4855,126,49,4.5
4856,126,53,5.0
4857,126,68,4.5
4858,126,40,5.0
4859,126,90,4.0
4860,126,82,5.0
4861,126,30,4.0
4862,126,29,4.5
4863,126,44,5.0
4864,126,55,5.0
4865,126,62,4.5
4866,127,93,3.5
4867,127,134,5.0
4868,127,96,4.5
4869,127,61,5.0
4870,127,71,5.0
4871,127,54,4.5
4872,127,99,5.0
4873,127,12,5.0
4874,127,114,3.5
4875,127,14,5.0
4876,127,17,4.0
4877,127,81,4.0
4878,127,132,4.0
4879,127,78,5.0
4880,127,16,4.5
4881,127,6,3.5
4882,127,76,5.0
4883,127,117,4.5
4884,127,126,4.5
4885,127,84,4.0
4886,127,105,4.0
4887,127,25,5.0
4888,127,113,4.5
4889,127,91,3.5
4890,127,58,4.5
4891,127,13,4.5
4892,127,10,4.0
4893,127,70,4.0
4894,127,80,5.0
4895,127,44,5.0
4896,127,39,3.5
4897,127,133,5.0
4898,127,131,5.0
4899,127,98,4.0
4900,127,26,5.0
4901,127,69,4.5
4902,128,41,5.0
4903,128,56,4.0
4904,128,3,4.5
4905,128,132,2.5
4906,128,117,3.5
4907,128,129,4.5
4908,128,67,5.0
4909,128,78,5.0
4910,128,57,4.5
4911,128,76,5.0
4912,128,69,4.5
4913,128,31,5.0
4914,128,44,5.0
4915,128,58,4.0
4916,128,12,4.0
4917,129,22,5.0
4918,129,68,5.0
4919,129,35,3.5
4920,129,105,5.0
4921,129,76,4.0
4922,129,84,4.0
4923,129,15,4.5
4924,129,81,5.0
4925,129,131,4.5
4926,129,2,4.0
4927,129,106,5.0
4928,129,46,5.0
4929,129,29,4.0
4930,129,94,4.5
4931,129,36,5.0
4932,129,23,4.0
4933,129,33,3.5
4934,129,3,4.0
4935,129,69,5.0
4936,129,85,5.0
4937,129,112,4.5
4938,129,100,5.0
4939,129,113,5.0
4940,129,75,3.5
4941,129,14,5.0
4942,129,93,5.0
4943,129,96,4.0
4944,129,89,5.0
4945,129,49,4.5
4946,129,129,4.0
4947,129,118,4.5
4948,129,127,4.5
4949,129,82,5.0
4950,129,78,4.5
4951,129,71,5.0
4952,130,12,5.0
4953,130,34,4.5
4954,130,64,5.0
4955,130,22,5.0
4956,130,69,5.0
4957,130,37,4.5
4958,130,4,5.0
4959,130,3,5.0
4960,130,28,4.5
4961,130,87,4.5
4962,130,52,4.5
4963,130,36,5.0
4964,130,123,4.5
4965,130,114,5.0
4966,130,42,4.5
4967,131,99,4.5
4968,131,38,5.0
4969,131,91,5.0
4970,131,74,4.0
4971,131,58,5.0
4972,131,134,3.5
4973,131,29,5.0
4974,131,63,4.5
4975,131,22,5.0
4976,131,15,5.0
4977,131,128,2.0
4978,131,14,5.0
4979,131,37,5.0
4980,131,46,4.5
4981,131,10,5.0
4982,131,79,5.0
4983,131,43,4.5
4984,131,16,4.5
4985,131,47,4.5
4986,131,11,5.0
4987,131,6,5.0
4988,131,78,4.0
4989,131,20,4.0
4990,131,23,4.5
4991,131,55,5.0
4992,131,68,4.5
4993,131,118,4.5
4994,131,77,4.5
4995,131,24,5.0
4996,131,87,4.5
4997,131,110,4.5
4998,131,112,5.0
4999,131,86,4.0
5000,131,88,4.5
5001,131,39,4.5
5002,131,80,4.5
5003,131,122,5.0
5004,131,45,5.0
5005,131,123,4.0
5006,131,35,3.5
5007,131,64,5.0
5008,131,85,4.5
5009,132,93,5.0
5010,132,1,5.0
5011,132,53,5.0
5012,132,5,4.5
5013,132,134,4.5
5014,132,122,5.0
5015,132,35,4.5
5016,132,118,4.5
5017,132,15,4.5
5018,132,8,4.0
5019,132,117,5.0
5020,132,45,5.0
5021,132,47,5.0
5022,132,109,4.5
5023,132,121,4.5
5024,132,111,5.0
5025,132,100,5.0
5026,132,105,5.0
5027,132,18,4.5
5028,132,38,4.5
5029,132,59,5.0
5030,132,19,5.0
5031,132,107,5.0
5032,132,110,4.0
5033,132,71,4.0
5034,132,54,5.0
5035,132,32,4.0
5036,132,27,5.0
5037,132,106,4.5
5038,132,29,4.0
5039,133,9,4.5
5040,133,45,5.0
5041,133,129,4.0
5042,133,42,5.0
5043,133,3,5.0
5044,133,102,4.5
5045,133,109,5.0
5046,133,117,5.0
5047,133,67,3.5
5048,133,79,4.5
5049,133,59,4.0
5050,133,41,5.0
5051,133,70,5.0
5052,133,24,5.0
5053,133,134,4.5
5054,133,97,5.0
5055,133,33,5.0
5056,133,55,5.0
5057,134,62,4.5
5058,134,73,4.5
5059,134,42,5.0
5060,134,28,4.5
5061,134,17,4.0
5062,134,55,5.0
5063,134,3,5.0
5064,134,80,5.0
5065,134,49,4.5
5066,134,52,3.0
5067,134,9,5.0
5068,134,69,4.5
5069,134,22,4.0
5070,134,12,5.0
5071,134,124,5.0
5072,134,13,5.0
5073,135,98,4.5
5074,135,123,5.0
5075,135,10,4.5
5076,135,75,5.0
5077,135,42,5.0
5078,135,39,5.0
5079,135,119,4.5
5080,135,21,4.0
5081,135,24,5.0
5082,135,60,5.0
5083,135,56,3.5
5084,135,37,3.5
5085,135,129,3.0
5086,135,133,4.0
5087,135,134,5.0
5088,135,88,4.5
5089,136,23,4.0
5090,136,128,2.5
5091,136,25,5.0
5092,136,117,4.0
5093,136,81,5.0
5094,136,44,4.5
5095,136,76,5.0
5096,136,21,4.5
5097,136,9,5.0
5098,136,36,5.0
5099,136,74,5.0
5100,136,47,5.0
5101,136,46,4.5
5102,136,12,5.0
5103,136,10,4.0
5104,136,134,5.0
5105,136,91,5.0
5106,136,99,4.5
5107,136,59,5.0
5108,136,34,5.0
5109,136,61,5.0
5110,136,33,4.0
5111,136,98,4.5
5112,136,57,4.0
5113,136,84,4.5
5114,136,18,5.0
5115,136,16,5.0
5116,136,73,3.0
5117,136,63,4.5
5118,136,6,4.0
5119,136,123,5.0
5120,136,37,5.0
5121,136,52,5.0
5122,136,53,5.0
5123,136,80,4.5
5124,136,88,4.0
5125,136,17,5.0
5126,136,111,5.0
5127,136,104,4.0
5128,136,66,5.0
5129,136,100,4.0
5130,136,41,5.0
5131,136,48,4.5
5132,136,11,5.0
5133,136,131,5.0
5134,136,101,3.5
5135,136,65,4.5
5136,136,58,4.5
5137,136,115,4.5
5138,136,105,4.5
5139,137,104,5.0
5140,137,21,5.0
5141,137,77,5.0
5142,137,116,4.0
5143,137,108,5.0
5144,137,55,5.0
5145,137,67,4.0
5146,137,24,4.5
5147,137,107,5.0
5148,137,7,4.5
5149,137,12,5.0
5150,137,115,3.5
5151,137,131,4.5
5152,137,129,5.0
5153,137,44,4.5
5154,137,97,5.0
5155,137,39,5.0
5156,137,22,4.5
5157,137,26,5.0
5158,137,45,4.5
5159,137,54,4.5
5160,137,62,5.0
5161,137,61,3.5
5162,137,69,5.0
5163,137,89,5.0
5164,137,101,5.0
5165,137,133,5.0
5166,137,90,4.5
5167,137,56,5.0
5168,137,46,5.0
5169,137,110,4.0
5170,137,74,5.0
5171,138,97,5.0
5172,138,56,4.5
5173,138,90,4.0
5174,138,54,4.0
5175,138,49,4.0
5176,138,4,5.0
5177,138,95,4.0
5178,138,105,3.5
5179,138,47,5.0
5180,138,3,5.0
5181,138,39,4.5
5182,138,115,4.5
5183,138,40,4.5
5184,138,65,5.0
5185,138,127,4.5
5186,138,112,5.0
5187,138,16,4.5
5188,138,132,4.0
5189,138,64,4.5
5190,138,84,5.0
5191,138,59,5.0
5192,138,53,4.5
5193,138,113,3.5
5194,138,46,5.0
5195,138,111,4.5
5196,138,107,4.0
5197,138,70,5.0
5198,138,55,4.5
5199,138,67,4.5
5200,138,98,5.0
5201,138,43,5.0
5202,138,15,4.5
5203,138,23,5.0
5204,138,114,4.0
5205,138,109,4.0
5206,138,48,5.0
5207,138,102,5.0
5208,138,71,4.0
5209,138,77,5.0
5210,138,21,5.0
5211,138,108,4.0
5212,138,133,5.0
5213,138,130,5.0
5214,138,37,4.0
5215,138,85,4.0
5216,138,89,5.0
5217,138,88,5.0
5218,138,93,4.5
5219,138,82,5.0
5220,138,91,4.5
5221,138,80,4.0
5222,138,13,4.0
5223,138,12,5.0
5224,139,100,4.0
5225,139,45,5.0
5226,139,104,4.0
5227,139,82,5.0
5228,139,41,4.5
5229,139,112,5.0
5230,139,60,5.0
5231,139,13,5.0
5232,139,91,5.0
5233,139,103,5.0
5234,139,17,4.5
5235,139,65,5.0
5236,139,16,4.5
5237,139,81,5.0
5238,139,74,4.5
5239,139,101,5.0
5240,139,51,5.0
5241,139,108,5.0
5242,139,98,5.0
5243,139,121,5.0
5244,139,34,3.5
5245,139,117,4.5
5246,139,71,4.5
5247,139,21,5.0
5248,139,42,4.0
5249,139,27,4.0
5250,139,12,5.0
5251,139,113,4.5
5252,139,4,5.0
5253,139,56,5.0
5254,139,2,4.5
5255,139,115,4.5
5256,139,99,5.0
5257,139,76,4.5
5258,139,20,5.0
5259,139,106,4.0
5260,139,80,4.0
5261,139,126,5.0
5262,139,70,4.5
5263,139,11,4.5
5264,139,120,5.0
5265,139,49,5.0
5266,139,102,4.5
5267,139,124,5.0
5268,139,59,4.5
5269,139,131,4.5
5270,139,125,5.0
5271,139,46,4.5
5272,139,24,4.5
5273,139,31,4.0
5274,139,84,4.5
5275,139,29,5.0
5276,139,39,5.0
5277,139,25,5.0
5278,139,69,4.5
5279,140,22,4.0
5280,140,33,4.0
5281,140,69,4.5
5282,140,71,5.0
5283,140,124,5.0
5284,140,52,4.5
5285,140,24,5.0
5286,140,45,4.5
5287,140,91,4.5
5288,140,131,3.5
5289,140,84,4.0
5290,140,38,4.0
5291,140,60,4.0
5292,140,96,5.0
5293,140,104,4.0
5294,140,64,5.0
5295,140,56,5.0
5296,140,66,5.0
5297,140,129,5.0
5298,140,25,5.0
5299,140,133,4.5
5300,140,23,4.5
5301,140,26,5.0
5302,140,88,3.5
5303,140,109,5.0
5304,140,92,4.5
5305,140,36,5.0
5306,140,51,5.0
5307,140,14,4.5
5308,141,19,5.0
5309,141,56,4.5
5310,141,96,5.0
5311,141,132,4.5
5312,141,38,4.0
5313,141,81,5.0
5314,141,32,5.0
5315,141,2,4.0
5316,141,41,5.0
5317,141,89,4.5
5318,141,127,5.0
5319,141,92,5.0
5320,141,43,5.0
5321,141,28,3.0
5322,141,60,4.5
5323,141,73,3.0
5324,141,102,4.5
5325,141,42,5.0
5326,141,116,5.0
5327,141,30,4.0
5328,141,72,5.0
5329,141,9,4.5
5330,141,50,5.0
5331,141,37,5.0
5332,141,78,3.0
5333,141,121,5.0
5334,141,68,4.5
5335,141,109,4.5
5336,141,14,4.5
5337,141,114,5.0
5338,142,5,4.0
5339,142,18,5.0
5340,142,121,4.5
5341,142,25,5.0
5342,142,107,4.5
5343,142,78,5.0
5344,142,71,5.0
5345,142,41,5.0
5346,142,97,3.5
5347,142,45,4.5
5348,142,52,4.5
5349,142,11,5.0
5350,142,72,4.5
5351,142,100,4.5
5352,142,127,4.5
5353,142,64,5.0
5354,142,79,5.0
5355,142,7,5.0
5356,142,51,5.0
5357,142,39,5.0
5358,142,90,4.0
5359,142,59,4.0
5360,142,119,3.5
5361,142,109,4.0
5362,142,83,4.5
5363,142,16,4.5
5364,142,108,5.0
5365,142,48,3.5
5366,142,80,4.0
5367,142,14,5.0
5368,142,4,4.5
5369,142,29,4.5
5370,142,117,4.0
5371,142,2,5.0
5372,142,133,5.0
5373,142,105,4.0
5374,143,24,5.0
5375,143,68,5.0
5376,143,76,4.0
5377,143,22,4.5
5378,143,91,5.0
5379,143,63,5.0
5380,143,53,5.0
5381,143,89,5.0
5382,143,10,4.5
5383,143,126,3.5
5384,143,64,5.0
5385,143,8,5.0
5386,143,28,4.0
5387,143,2,5.0
5388,143,86,4.5
5389,143,122,4.5
5390,143,60,5.0
5391,143,105,4.5
5392,143,50,5.0
5393,143,25,4.5
5394,143,129,4.5
5395,143,14,5.0
5396,143,44,4.0
5397,143,27,5.0
5398,143,117,5.0
5399,143,132,3.5
5400,143,98,5.0
5401,143,133,4.5
5402,143,66,4.0
5403,144,22,4.0
5404,144,91,5.0
5405,144,111,4.0
5406,144,55,4.5
5407,144,39,4.0
5408,144,102,5.0
5409,144,132,2.5
5410,144,66,3.5
5411,144,43,5.0
5412,144,7,5.0
5413,144,57,5.0
5414,144,35,4.0
5415,144,48,5.0
5416,144,13,5.0
5417,144,125,5.0
5418,144,84,5.0
5419,144,49,4.5
5420,144,94,3.5
5421,144,131,5.0
5422,144,25,5.0
5423,144,38,5.0
5424,144,115,4.5
5425,145,53,5.0
5426,145,89,4.5
5427,145,74,5.0
5428,145,132,3.5
5429,145,1,4.5
5430,145,25,5.0
5431,145,48,4.5
5432,145,65,5.0
5433,145,117,4.0
5434,145,90,3.5
5435,145,80,3.5
5436,145,62,4.0
5437,145,95,3.5
5438,145,40,4.5
5439,145,110,5.0
5440,145,126,5.0
5441,145,133,5.0
5442,145,31,4.0
5443,145,22,5.0
5444,145,41,5.0
5445,145,88,4.0
5446,145,9,5.0
5447,145,116,5.0
5448,145,24,5.0
5449,145,43,4.5
5450,146,90,5.0
5451,146,66,5.0
5452,146,125,4.5
5453,146,65,5.0
5454,146,94,4.5
5455,146,118,4.0
5456,146,4,4.5
5457,146,106,5.0
5458,146,46,4.0
5459,146,39,5.0
5460,146,91,4.5
5461,146,43,5.0
5462,146,115,4.5
5463,146,67,4.0
5464,146,100,5.0
5465,146,85,5.0
5466,146,110,4.5
5467,146,111,5.0
5468,146,116,5.0
5469,146,108,4.5
5470,146,77,3.5
5471,146,62,5.0
5472,146,15,5.0
5473,146,35,3.0
5474,146,88,4.0
5475,146,121,4.5
5476,146,130,5.0
5477,146,82,5.0
5478,146,3,5.0
5479,146,19,5.0
5480,146,53,5.0
5481,146,29,4.0
5482,146,119,4.5
5483,146,105,4.5
5484,146,126,4.5
5485,146,64,4.5
5486,146,128,3.0
5487,146,32,4.5
5488,146,74,5.0
5489,146,95,4.5
5490,146,134,5.0
5491,146,56,5.0
5492,146,47,5.0
5493,146,27,5.0
5494,146,12,5.0
5495,146,25,5.0
5496,147,73,3.0
5497,147,129,4.5
5498,147,40,5.0
5499,147,23,4.5
5500,147,70,5.0
5501,147,37,4.0
5502,147,51,5.0
5503,147,56,4.5
5504,147,75,4.5
5505,147,118,5.0
5506,147,11,4.0
5507,147,38,5.0
5508,147,29,5.0
5509,147,5,4.5
5510,147,61,4.0
5511,147,46,4.5
5512,147,32,4.0
5513,147,104,4.5
5514,147,87,5.0
5515,147,82,5.0
5516,147,50,4.5
5517,147,55,4.5
5518,147,52,4.5
5519,147,13,5.0
5520,147,34,4.5
5521,147,39,5.0
5522,147,77,5.0
5523,147,132,3.5
5524,147,131,3.5
5525,147,134,4.0
5526,147,127,5.0
5527,147,116,5.0
5528,147,42,4.0
5529,147,126,5.0
5530,147,18,5.0
5531,147,88,5.0
5532,147,26,5.0
5533,148,118,5.0
5534,148,14,5.0
5535,148,22,5.0
5536,148,15,5.0
5537,148,70,5.0
5538,148,28,5.0
5539,148,86,5.0
5540,148,77,4.0
5541,148,13,5.0
5542,148,106,4.5
5543,148,38,3.5
5544,148,73,4.0
5545,148,62,5.0
5546,148,89,4.0
5547,148,43,3.5
5548,148,111,4.5
5549,148,8,4.5
5550,148,16,4.0
5551,148,95,3.5
5552,148,75,4.0
5553,148,87,4.5
5554,148,66,4.5
5555,148,116,5.0
5556,148,92,4.0
5557,148,7,5.0
5558,148,90,5.0
5559,148,27,4.0
5560,148,67,4.5
5561,148,19,4.5
5562,148,72,5.0
5563,148,112,5.0
5564,148,64,4.5
5565,148,18,4.0
5566,148,29,4.0
5567,148,114,4.5
5568,148,82,4.5
5569,148,20,4.0
5570,148,39,5.0
5571,148,81,5.0
5572,148,40,5.0
5573,148,93,4.5
5574,148,1,5.0
5575,148,63,4.5
5576,148,80,5.0
5577,148,121,5.0
5578,148,26,4.5
5579,148,131,5.0
5580,148,9,5.0
5581,149,118,4.5
5582,149,71,3.5
5583,149,3,5.0
5584,149,41,5.0
5585,149,92,5.0
5586,149,129,4.5
5587,149,54,4.0
5588,149,45,4.5
5589,149,116,5.0
5590,149,91,5.0
5591,149,68,5.0
5592,149,50,5.0
5593,149,66,5.0
5594,149,9,5.0
5595,149,23,3.5
5596,149,84,5.0
5597,149,20,5.0
5598,149,46,5.0
5599,149,119,4.5
5600,149,93,4.0
5601,149,73,3.5
5602,149,44,4.5
5603,149,59,5.0
5604,149,130,4.0
5605,149,110,4.5
5606,149,101,5.0
5607,149,18,4.0
5608,149,36,4.5
5609,149,109,4.5
5610,149,98,4.5
5611,149,85,5.0
5612,149,39,4.0
5613,149,51,5.0
5614,149,121,3.5
5615,149,83,4.0
5616,149,62,5.0
5617,149,49,3.5
5618,149,61,5.0
5619,149,78,4.5
5620,149,104,4.5
5621,149,24,5.0
5622,149,74,5.0
5623,149,125,4.5
5624,149,65,5.0
5625,150,50,4.5
5626,150,23,4.5
5627,150,7,4.5
5628,150,25,5.0
5629,150,53,4.5
5630,150,9,5.0
5631,150,36,4.5
5632,150,115,4.5
5633,150,1,5.0
5634,150,47,4.5
5635,150,100,5.0
5636,150,130,4.0
5637,150,73,2.5
5638,150,70,5.0
5639,150,111,5.0
5640,150,10,5.0
5641,150,44,4.5
5642,150,24,4.5
5643,150,88,3.5
5644,150,94,4.0
5645,150,127,4.5
5646,150,83,5.0
5647,150,68,3.5
5648,150,64,4.5
5649,150,131,3.0
5650,150,107,4.0
5651,150,27,5.0
5652,150,74,4.5
5653,150,106,5.0
5654,150,61,5.0
5655,150,65,5.0
5656,150,46,5.0
5657,150,103,5.0
5658,150,80,5.0
5659,150,72,5.0
5660,150,18,4.0
5661,150,129,4.5
5662,150,57,3.0
5663,150,55,5.0
5664,150,81,5.0
5665,150,49,5.0
5666,150,119,4.0
5667,151,10,5.0
5668,151,89,5.0
5669,151,19,5.0
5670,151,107,5.0
5671,151,21,5.0
5672,151,123,4.5
5673,151,34,3.0
5674,151,35,3.0
5675,151,93,5.0
5676,151,6,5.0
5677,151,14,5.0
5678,151,5,4.5
5679,151,64,5.0
5680,151,65,5.0
5681,151,29,5.0
5682,151,84,5.0
5683,151,45,4.5
5684,151,56,4.5
5685,151,62,4.5
5686,151,39,5.0
5687,151,101,4.5
5688,151,109,4.5
5689,151,30,5.0
5690,151,3,5.0
5691,151,8,4.0
5692,151,4,4.5
5693,151,100,4.5
5694,151,114,4.0
5695,151,104,5.0
5696,151,26,4.5
5697,151,69,4.5
5698,151,78,3.0
5699,151,49,5.0
5700,151,88,4.0
5701,151,131,4.0
5702,151,95,3.5
5703,151,111,4.5
5704,151,71,5.0
5705,151,116,4.5
5706,151,7,5.0
5707,151,50,5.0
5708,151,102,4.0
5709,151,90,4.5
5710,151,17,4.0
5711,151,117,4.5
5712,151,55,5.0
5713,151,97,5.0
5714,151,18,4.5
5715,151,15,5.0
5716,151,57,4.0
5717,151,16,4.0
5718,151,79,5.0
5719,151,48,5.0
5720,151,46,5.0
5721,151,25,4.5
5722,151,44,4.0
5723,151,92,4.5
5724,151,110,5.0
5725,151,31,4.5
5726,152,99,4.5
5727,152,77,4.5
5728,152,22,3.5
5729,152,16,4.5
5730,152,72,5.0
5731,152,134,3.0
5732,152,127,5.0
5733,152,3,5.0
5734,152,111,5.0
5735,152,49,4.5
5736,152,50,5.0
5737,152,57,4.0
5738,152,6,5.0
5739,152,29,5.0
5740,152,27,4.5
5741,152,125,4.5
5742,152,24,4.5
5743,152,85,4.5
5744,152,56,5.0
5745,152,69,4.5
5746,152,7,5.0
5747,152,117,4.5
5748,152,40,4.5
5749,152,5,4.5
5750,152,70,5.0
5751,152,98,5.0
5752,152,45,3.5
5753,152,4,4.5
5754,152,78,4.5
5755,152,97,5.0
5756,152,44,4.5
5757,152,34,4.0
5758,152,105,5.0
5759,152,76,4.0
5760,152,28,4.5
5761,152,102,4.5
5762,152,107,4.5
5763,152,104,5.0
5764,152,93,4.0
5765,152,80,5.0
5766,152,116,4.5
5767,152,55,4.5
5768,152,8,5.0
5769,152,14,5.0
5770,152,71,5.0
5771,152,124,4.5
5772,152,87,5.0
5773,152,37,5.0
5774,152,115,4.0
5775,152,60,4.5
5776,152,96,5.0
5777,152,74,5.0
5778,153,82,5.0
5779,153,11,5.0
5780,153,59,5.0
5781,153,16,4.5
5782,153,67,4.5
5783,153,66,5.0
5784,153,5,5.0
5785,153,87,4.5
5786,153,109,3.5
5787,153,110,5.0
5788,153,126,3.5
5789,153,46,5.0
5790,153,70,4.5
5791,153,92,4.0
5792,153,6,4.5
5793,153,77,5.0
5794,153,31,5.0
5795,153,45,4.0
5796,153,14,3.5
5797,153,10,5.0
5798,153,65,4.5
5799,153,57,2.5
5800,153,15,4.0
5801,153,129,4.0
5802,153,115,4.0
5803,153,118,4.5
5804,153,27,4.5
5805,153,42,5.0
5806,153,74,4.0
5807,153,48,4.0
5808,153,88,4.0
5809,153,54,4.0
5810,153,125,4.5
5811,153,83,4.5
5812,153,55,5.0
5813,153,37,5.0
5814,153,19,4.5
5815,153,4,5.0
5816,153,107,3.0
5817,153,78,4.5
5818,153,47,5.0
5819,153,43,5.0
5820,153,53,4.5
5821,153,84,3.5
5822,153,105,5.0
5823,153,61,4.5
5824,153,38,5.0
5825,153,80,4.5
5826,153,97,4.5
5827,153,21,4.5
5828,153,90,5.0
5829,153,120,4.5
5830,154,33,5.0
5831,154,63,5.0
5832,154,105,4.5
5833,154,36,5.0
5834,154,67,3.5
5835,154,74,4.0
5836,154,88,4.0
5837,154,41,5.0
5838,154,16,5.0
5839,154,11,5.0
5840,154,53,4.0
5841,154,54,4.0
5842,154,65,5.0
5843,154,19,3.5
5844,154,129,5.0
5845,154,64,4.5
5846,154,81,5.0
5847,154,113,5.0
5848,154,99,5.0
5849,154,26,5.0
5850,154,24,3.5
5851,154,117,5.0
5852,154,59,4.5
5853,154,2,5.0
5854,154,22,4.0
5855,154,126,4.0
5856,154,123,5.0
5857,154,34,4.5
5858,154,98,5.0
5859,154,71,3.5
5860,154,92,4.5
5861,154,61,5.0
5862,154,96,4.5
5863,154,13,4.5
5864,154,17,4.5
5865,154,5,3.5
5866,154,56,4.0
5867,154,4,4.0
5868,154,89,4.5
5869,154,110,4.5
5870,154,10,5.0
5871,154,100,4.5
5872,154,66,5.0
5873,154,68,5.0
5874,154,50,5.0
5875,154,55,4.5
5876,154,46,3.0
5877,154,93,4.5
5878,154,52,5.0
5879,154,72,4.0
5880,154,31,4.5
5881,155,73,3.0
5882,155,43,5.0
5883,155,31,5.0
5884,155,74,4.5
5885,155,71,4.0
5886,155,125,5.0
5887,155,113,3.5
5888,155,29,5.0
5889,155,114,4.5
5890,155,22,3.5
5891,155,37,5.0
5892,155,121,5.0
5893,155,118,4.5
5894,155,34,5.0
5895,155,78,5.0
5896,155,97,5.0
5897,155,14,4.0
5898,155,30,3.5
5899,155,86,5.0
5900,155,36,4.0
5901,155,19,5.0
5902,155,13,5.0
5903,155,27,5.0
5904,155,130,5.0
5905,155,108,4.0
5906,155,66,5.0
5907,155,119,4.5
5908,155,129,4.5
5909,155,4,4.5
5910,155,77,3.5
5911,155,6,5.0
5912,155,70,4.5
5913,155,69,4.5
5914,155,25,4.0
5915,155,1,5.0
5916,155,63,5.0
5917,155,106,5.0
5918,156,36,4.0
5919,156,97,4.5
5920,156,57,4.5
5921,156,51,4.5
5922,156,68,4.0
5923,156,121,4.0
5924,156,39,4.5
5925,156,63,4.5
5926,156,105,5.0
5927,156,24,5.0
5928,156,94,4.0
5929,156,64,5.0
5930,156,37,3.5
5931,156,17,4.0
5932,156,26,4.0
5933,156,82,4.5
5934,156,113,4.0
5935,156,12,4.5
5936,156,67,4.5
5937,156,110,5.0
5938,156,93,5.0
5939,156,96,5.0
5940,156,28,4.0
5941,156,1,4.0
5942,156,56,5.0
5943,156,9,5.0
5944,156,127,5.0
5945,156,72,5.0
5946,156,79,5.0
5947,156,27,4.5
5948,157,33,4.5
5949,157,124,4.0
5950,157,126,4.0
5951,157,106,4.5
5952,157,61,5.0
5953,157,8,5.0
5954,157,75,5.0
5955,157,35,4.0
5956,157,65,4.5
5957,157,28,5.0
5958,157,114,3.5
5959,157,109,4.0
5960,157,101,5.0
5961,157,53,4.5
5962,157,129,3.0
5963,157,72,5.0
5964,157,99,4.5
5965,157,42,5.0
5966,157,34,4.5
5967,157,87,4.0
5968,157,41,5.0
5969,157,121,4.5
5970,157,51,5.0
5971,157,104,5.0
5972,157,57,5.0
5973,157,55,4.5
5974,157,52,5.0
5975,157,116,5.0
5976,157,7,5.0
5977,157,127,4.5
5978,157,63,4.5
5979,157,94,4.0
5980,157,29,4.0
5981,157,44,5.0
5982,157,82,5.0
5983,157,6,4.5
5984,157,40,3.5
5985,157,58,4.5
5986,157,113,4.5
5987,157,102,5.0
5988,157,74,4.0
5989,157,22,5.0
5990,157,69,5.0
5991,157,27,5.0
5992,157,81,4.5
5993,157,15,4.5
5994,157,79,4.5
5995,157,88,4.0
5996,157,43,5.0
5997,157,17,4.5
5998,157,78,4.5
5999,157,70,5.0
6000,157,3,5.0
6001,157,100,4.0
6002,157,49,4.0
6003,157,12,4.5
6004,157,86,5.0
6005,157,46,5.0
6006,157,71,4.0
6007,157,9,3.5
6008,158,63,5.0
6009,158,98,4.5
6010,158,5,4.0
6011,158,128,4.0
6012,158,101,5.0
6013,158,96,4.0
6014,158,28,4.0
6015,158,58,4.5
6016,158,29,5.0
6017,158,74,4.0
6018,158,4,4.5
6019,158,51,3.5
6020,158,99,4.5
6021,158,30,5.0
6022,158,127,5.0
6023,158,48,4.0
6024,158,62,5.0
6025,158,73,3.0
6026,158,14,4.0
6027,158,83,5.0
6028,158,40,4.5
6029,158,43,5.0
6030,158,19,5.0
6031,158,104,5.0
6032,158,81,5.0
6033,158,11,5.0
6034,158,13,5.0
6035,158,72,5.0
6036,158,22,4.5
6037,158,27,5.0
6038,158,134,4.5
6039,158,76,4.5
6040,158,32,4.0
6041,158,109,5.0
6042,158,112,5.0
6043,158,52,4.5
6044,158,79,4.5
6045,158,61,5.0
6046,158,67,5.0
6047,158,93,4.5
6048,158,117,3.5
6049,158,121,4.5
6050,158,8,5.0
6051,158,64,5.0
6052,158,33,4.0
6053,158,53,5.0
6054,158,114,5.0
6055,159,96,4.5
6056,159,133,4.5
6057,159,65,5.0
6058,159,121,3.0
6059,159,119,4.0
6060,159,54,4.5
6061,159,85,5.0
6062,159,130,5.0
6063,159,134,5.0
6064,159,93,5.0
6065,159,110,5.0
6066,159,127,5.0
6067,159,18,5.0
6068,159,22,5.0
6069,159,68,4.5
6070,159,92,4.0
6071,159,107,3.5
6072,159,61,4.5
6073,159,2,3.5
6074,159,41,4.0
6075,159,129,4.5
6076,159,23,4.0
6077,159,20,5.0
6078,159,117,4.5
6079,159,9,5.0
6080,159,1,5.0
6081,159,40,5.0
6082,159,90,5.0
6083,159,25,4.5
6084,159,26,4.5
6085,159,89,5.0
6086,159,13,5.0
6087,159,69,5.0
6088,159,59,5.0
6089,159,43,5.0
6090,159,103,5.0
6091,159,8,4.5
6092,159,80,5.0
6093,159,60,4.5
6094,159,77,5.0
6095,159,21,5.0
6096,159,124,5.0
6097,159,45,5.0
6098,159,82,4.0
6099,159,72,4.0
6100,159,29,5.0
6101,159,123,5.0
6102,159,81,5.0
6103,159,116,4.5
6104,159,106,4.5
6105,159,36,5.0
6106,159,37,5.0
6107,159,55,4.5
6108,159,75,5.0
6109,160,114,5.0
6110,160,126,4.5
6111,160,65,5.0
6112,160,31,5.0
6113,160,112,4.5
6114,160,90,4.5
6115,160,46,5.0
6116,160,4,4.0
6117,160,111,4.0
6118,160,47,4.5
6119,160,110,5.0
6120,160,60,5.0
6121,160,99,4.0
6122,160,86,4.5
6123,160,45,5.0
6124,160,94,4.5
6125,160,55,4.0
6126,160,28,4.0
6127,160,79,4.5
6128,160,72,4.5
6129,160,113,4.5
6130,160,25,4.5
6131,160,49,5.0
6132,160,48,4.5
6133,160,23,3.5
6134,160,96,5.0
6135,160,2,4.5
6136,160,26,5.0
6137,160,57,4.5
6138,160,125,5.0
6139,160,68,4.0
6140,160,134,4.0
6141,160,1,4.5
6142,160,76,5.0
6143,160,40,5.0
6144,160,43,4.0
6145,160,13,5.0
6146,160,133,5.0
6147,160,33,4.5
6148,160,132,3.0
6149,160,108,5.0
6150,160,78,4.5
6151,160,35,3.0
6152,160,5,5.0
6153,160,83,5.0
6154,160,36,5.0
6155,160,129,4.5
6156,160,62,4.5
6157,160,51,5.0
6158,160,6,5.0
6159,161,51,5.0
6160,161,130,5.0
6161,161,105,3.5
6162,161,45,5.0
6163,161,1,5.0
6164,161,80,4.5
6165,161,71,3.5
6166,161,72,3.5
6167,161,131,5.0
6168,161,16,4.0
6169,161,44,4.5
6170,161,60,4.0
6171,161,73,3.0
6172,161,108,5.0
6173,161,90,4.5
6174,161,12,5.0
6175,161,122,3.5
6176,161,123,5.0
6177,161,119,4.5
6178,161,15,5.0
6179,161,116,5.0
6180,161,24,4.5
6181,161,94,4.0
6182,161,114,5.0
6183,161,113,4.0
6184,161,41,5.0
6185,161,76,5.0
6186,161,81,4.0
6187,161,3,5.0
6188,161,99,4.0
6189,161,22,5.0
6190,161,101,5.0
6191,162,40,5.0
6192,162,54,4.5
6193,162,112,5.0
6194,162,89,5.0
6195,162,74,5.0
6196,162,133,4.5
6197,162,88,4.0
6198,162,90,4.5
6199,162,124,5.0
6200,162,65,4.5
6201,162,71,4.0
6202,162,107,5.0
6203,162,96,4.0
6204,162,102,4.5
6205,162,35,3.0
6206,162,12,5.0
6207,162,66,4.0
6208,162,99,4.0
6209,162,27,4.5
6210,162,34,4.0
6211,162,28,4.5
6212,162,60,5.0
6213,162,115,4.0
6214,162,5,4.5
6215,162,15,4.5
6216,162,67,4.5
6217,162,85,5.0
6218,162,81,4.5
6219,162,24,5.0
6220,162,61,4.0
6221,162,18,5.0
6222,162,113,5.0
6223,162,76,4.5
6224,162,42,5.0
6225,162,48,4.5
6226,162,73,3.0
6227,162,49,5.0
6228,162,108,5.0
6229,162,121,3.5
6230,163,36,4.0
6231,163,34,5.0
6232,163,86,5.0
6233,163,14,4.5
6234,163,24,3.5
6235,163,80,4.0
6236,163,37,5.0
6237,163,103,4.0
6238,163,45,5.0
6239,163,59,4.5
6240,163,51,4.0
6241,163,22,5.0
6242,163,125,4.0
6243,163,1,5.0
6244,163,85,4.0
6245,163,19,5.0
6246,163,26,4.5
6247,163,114,5.0
6248,163,23,5.0
6249,163,39,5.0
6250,163,40,5.0
6251,163,11,5.0
6252,163,130,4.0
6253,163,31,5.0
6254,163,110,4.0
6255,163,27,4.5
6256,163,56,5.0
6257,164,7,4.0
6258,164,57,4.5
6259,164,46,5.0
6260,164,61,5.0
6261,164,95,3.5
6262,164,93,4.0
6263,164,88,5.0
6264,164,65,5.0
6265,164,106,4.5
6266,164,1,4.5
6267,164,79,5.0
6268,164,77,3.5
6269,164,97,3.5
6270,164,51,5.0
6271,164,118,4.5
6272,164,10,3.5
6273,164,83,5.0
6274,164,30,4.5
6275,164,18,4.5
6276,164,64,5.0
6277,164,25,5.0
6278,164,6,3.5
6279,164,28,5.0
6280,164,39,5.0
6281,164,56,5.0
6282,164,12,4.5
6283,164,44,4.5
6284,164,50,5.0
6285,164,84,4.0
6286,164,24,4.0
6287,164,55,4.0
6288,164,20,5.0
6289,164,37,5.0
6290,164,40,5.0
6291,164,107,4.5
6292,164,87,5.0
6293,164,62,4.5
6294,164,5,4.5
6295,164,34,4.0
6296,164,54,5.0
6297,164,23,4.5
6298,164,21,4.5
6299,164,121,4.5
6300,164,128,3.5
6301,164,67,4.0
6302,164,14,5.0
6303,164,60,4.5
6304,164,11,5.0
6305,164,45,5.0
6306,164,13,5.0
6307,164,126,4.0
6308,164,52,4.5
6309,164,2,5.0
6310,164,129,5.0
6311,164,41,5.0
6312,164,17,4.5
6313,164,74,3.5
6314,165,63,5.0
6315,165,118,4.0
6316,165,11,5.0
6317,165,20,5.0
6318,165,84,4.0
6319,165,96,4.5
6320,165,10,4.0
6321,165,19,4.5
6322,165,78,5.0
6323,165,93,3.5
6324,165,82,4.0
6325,165,104,4.5
6326,165,113,4.0
6327,165,13,4.5
6328,165,49,5.0
6329,165,66,4.5
6330,165,125,5.0
6331,165,132,3.5
6332,165,44,5.0
6333,165,124,5.0
6334,165,129,4.5
6335,165,39,5.0
6336,165,55,4.5
6337,165,52,4.5
6338,165,3,5.0
6339,165,24,4.5
6340,165,114,5.0
6341,165,33,5.0
6342,165,133,4.0
6343,165,130,4.5
6344,165,108,4.5
6345,165,117,3.5
6346,165,56,5.0
6347,165,15,5.0
6348,165,25,5.0
6349,165,74,4.5
6350,165,34,5.0
6351,165,122,3.5
6352,165,79,5.0
6353,165,119,5.0
6354,165,70,5.0
6355,165,32,4.5
6356,165,89,4.5
6357,165,7,5.0
6358,166,125,5.0
6359,166,89,4.0
6360,166,22,4.0
6361,166,54,4.5
6362,166,95,3.0
6363,166,78,4.0
6364,166,75,4.0
6365,166,97,4.5
6366,166,41,5.0
6367,166,58,4.0
6368,166,87,5.0
6369,166,60,4.5
6370,166,4,5.0
6371,166,20,5.0
6372,166,80,5.0
6373,166,128,3.0
6374,166,132,3.5
6375,166,120,5.0
6376,166,46,4.0
6377,166,73,2.5
6378,166,56,4.0
6379,166,131,5.0
6380,166,98,5.0
6381,166,3,4.5
6382,166,127,5.0
6383,166,37,4.5
6384,166,72,5.0
6385,166,96,5.0
6386,166,63,5.0
6387,166,31,4.5
6388,166,49,5.0
6389,166,69,4.0
6390,166,17,4.0
6391,166,104,5.0
6392,166,129,5.0
6393,166,16,5.0
6394,166,13,5.0
6395,166,51,4.0
6396,166,28,3.5
6397,166,107,5.0
6398,166,15,5.0
6399,166,74,5.0
6400,166,38,4.0
6401,166,23,4.0
6402,166,21,4.5
6403,166,52,5.0
6404,166,71,4.0
6405,166,53,4.5
6406,166,116,4.0
6407,166,130,4.0
6408,166,113,4.5
6409,166,77,4.5
6410,166,36,5.0
6411,166,126,5.0
6412,166,47,5.0
6413,167,118,4.5
6414,167,63,5.0
6415,167,114,5.0
6416,167,62,4.0
6417,167,46,4.5
6418,167,119,5.0
6419,167,29,4.0
6420,167,103,4.5
6421,167,78,4.5
6422,167,108,5.0
6423,167,43,5.0
6424,167,112,5.0
6425,167,134,5.0
6426,167,117,3.5
6427,167,21,5.0
6428,167,32,5.0
6429,167,60,4.0
6430,167,93,5.0
6431,167,9,5.0
6432,167,1,4.5
6433,167,96,5.0
6434,167,5,5.0
6435,167,88,4.5
6436,167,87,4.5
6437,167,53,5.0
6438,167,67,4.0
6439,167,61,5.0
6440,167,50,5.0
6441,167,10,4.5
6442,167,101,5.0
6443,167,54,5.0
6444,167,34,4.0
6445,167,92,4.0
6446,167,69,4.5
6447,167,16,5.0
6448,167,102,4.0
6449,167,126,4.5
6450,167,83,5.0
6451,167,105,4.5
6452,167,99,5.0
6453,167,4,4.5
6454,167,57,5.0
6455,167,131,5.0
6456,167,8,5.0
6457,168,113,3.5
6458,168,76,5.0
6459,168,40,5.0
6460,168,33,4.0
6461,168,38,5.0
6462,168,75,3.5
6463,168,99,4.5
6464,168,131,4.5
6465,168,82,5.0
6466,168,30,5.0
6467,168,4,4.5
6468,168,109,4.5
6469,168,28,4.5
6470,168,129,5.0
6471,168,39,4.0
6472,168,19,4.5
6473,168,121,4.5
6474,168,2,3.5
6475,168,34,5.0
6476,168,47,4.5
6477,168,93,4.0
6478,168,66,4.5
6479,168,96,4.5
6480,168,67,5.0
6481,168,52,4.5
6482,168,62,4.0
6483,168,80,4.5
6484,168,22,5.0
6485,168,45,4.5
6486,168,83,4.5
6487,168,20,4.0
6488,168,133,4.5
6489,168,65,5.0
6490,168,41,5.0
6491,168,111,5.0
6492,168,48,4.5
6493,168,49,5.0
6494,168,63,4.5
6495,168,105,5.0
6496,168,107,5.0
6497,168,68,4.0
6498,168,123,4.5
6499,168,23,4.0
6500,168,114,5.0
6501,168,98,5.0
6502,168,117,4.0
6503,168,86,4.5
6504,168,9,4.5
6505,168,44,5.0
6506,168,29,5.0
6507,168,132,4.0
6508,168,27,5.0
6509,168,85,5.0
6510,168,104,5.0
6511,168,36,4.0
6512,168,78,4.5
6513,168,16,5.0
6514,168,26,4.5
6515,168,46,5.0
6516,168,64,4.0
6517,169,117,4.5
6518,169,1,5.0
6519,169,65,4.5
6520,169,105,5.0
6521,169,70,5.0
6522,169,127,5.0
6523,169,46,4.5
6524,169,43,4.5
6525,169,132,3.5
6526,169,62,5.0
6527,169,66,5.0
6528,169,37,3.5
6529,169,122,5.0
6530,169,83,4.0
6531,169,39,5.0
6532,169,34,5.0
6533,169,112,5.0
6534,169,69,4.5
6535,169,32,5.0
6536,169,44,3.5
6537,169,36,4.5
6538,169,87,5.0
6539,169,72,3.5
6540,169,126,5.0
6541,169,40,4.5
6542,169,81,5.0
6543,169,57,4.5
6544,169,15,5.0
6545,169,97,4.5
6546,169,24,4.0
6547,169,63,4.5
6548,169,133,5.0
6549,169,41,4.0
6550,169,124,5.0
6551,169,61,3.5
6552,169,64,5.0
6553,169,21,4.0
6554,169,23,5.0
6555,169,9,5.0
6556,169,56,4.5
6557,169,113,5.0
6558,169,120,4.5
6559,169,13,5.0
6560,169,108,5.0
6561,169,115,4.5
6562,169,82,5.0
6563,169,88,4.0
6564,169,134,5.0
6565,169,131,4.0
6566,169,25,5.0
6567,169,14,5.0
6568,169,30,5.0
6569,170,71,5.0
6570,170,28,4.0
6571,170,20,4.0
6572,170,63,4.5
6573,170,42,4.0
6574,170,84,5.0
6575,170,123,4.0
6576,170,121,4.0
6577,170,93,3.5
6578,170,76,4.5
6579,170,61,4.5
6580,170,122,4.5
6581,170,128,3.0
6582,170,6,3.5
6583,170,100,4.0
6584,170,85,4.0
6585,170,50,5.0
6586,170,89,4.5
6587,170,91,5.0
6588,170,131,3.5
6589,170,32,4.5
6590,170,36,5.0
6591,170,78,4.5
6592,170,125,5.0
6593,170,49,5.0
6594,170,8,5.0
6595,170,13,5.0
6596,170,109,5.0
6597,170,82,5.0
6598,170,44,4.5
6599,170,113,4.0
6600,170,69,4.0
6601,170,48,5.0
6602,170,57,3.5
6603,170,37,4.5
6604,170,15,4.5
6605,170,124,5.0
6606,170,18,4.5
6607,170,96,3.0
6608,170,10,4.0
6609,170,130,5.0
6610,170,53,4.5
6611,170,132,3.0
6612,171,86,5.0
6613,171,18,5.0
6614,171,20,4.0
6615,171,24,5.0
6616,171,29,4.0
6617,171,41,4.5
6618,171,23,4.5
6619,171,74,5.0
6620,171,119,3.5
6621,171,60,5.0
6622,171,79,4.0
6623,171,84,4.5
6624,171,25,4.5
6625,171,97,5.0
6626,171,10,5.0
6627,171,99,5.0
6628,171,88,5.0
6629,171,56,5.0
6630,171,105,4.5
6631,171,36,5.0
6632,171,125,5.0
6633,171,58,5.0
6634,171,95,4.5
6635,171,132,4.5
6636,171,123,4.5
6637,171,43,5.0
6638,171,120,5.0
6639,171,131,5.0
6640,171,83,4.5
6641,171,127,5.0
6642,171,44,4.0
6643,171,59,5.0
6644,171,68,5.0
6645,171,100,5.0
6646,171,89,4.5
6647,171,112,5.0
6648,171,117,4.5
6649,171,3,5.0
6650,171,52,4.0
6651,171,116,4.5
6652,171,38,5.0
6653,171,1,4.5
6654,171,80,5.0
6655,171,50,5.0
6656,171,121,3.5
6657,171,2,5.0
6658,171,130,5.0
6659,171,42,4.0
6660,171,55,4.5
6661,171,111,4.5
6662,171,34,4.5
6663,172,126,5.0
6664,172,92,5.0
6665,172,82,5.0
6666,172,107,5.0
6667,172,49,5.0
6668,172,54,4.5
6669,172,24,5.0
6670,172,103,5.0
6671,172,65,4.0
6672,172,47,4.0
6673,172,62,5.0
6674,172,33,4.5
6675,172,66,5.0
6676,172,15,4.5
6677,172,59,5.0
6678,172,3,4.5
6679,172,1,5.0
6680,172,130,4.5
6681,172,127,5.0
6682,172,129,4.5
6683,172,52,5.0
6684,172,110,5.0
6685,173,54,4.0
6686,173,76,4.0
6687,173,96,4.5
6688,173,107,5.0
6689,173,41,5.0
6690,173,108,4.0
6691,173,45,5.0
6692,173,133,4.5
6693,173,39,5.0
6694,173,47,4.0
6695,173,94,5.0
6696,173,29,5.0
6697,173,42,4.0
6698,173,8,4.5
6699,173,128,3.0
6700,173,53,4.5
6701,173,79,5.0
6702,173,104,4.5
6703,174,122,3.5
6704,174,119,5.0
6705,174,107,4.5
6706,174,113,4.5
6707,174,35,3.0
6708,174,1,4.5
6709,174,80,5.0
6710,174,61,5.0
6711,174,127,4.5
6712,174,116,3.5
6713,174,125,4.5
6714,174,33,5.0
6715,174,17,4.0
6716,174,42,5.0
6717,174,85,4.5
6718,174,70,4.0
6719,174,47,4.5
6720,174,79,4.0
6721,174,86,4.5
6722,174,92,4.5
6723,174,13,5.0
6724,174,62,5.0
6725,175,109,4.0
6726,175,96,4.5
6727,175,38,4.5
6728,175,9,5.0
6729,175,99,5.0
6730,175,13,4.5
6731,175,51,5.0
6732,175,126,4.5
6733,175,24,5.0
6734,175,2,4.0
6735,175,19,4.0
6736,175,82,4.5
6737,175,5,4.5
6738,175,107,4.5
6739,175,102,4.5
6740,175,31,5.0
6741,175,21,4.0
6742,175,128,3.5
6743,175,42,5.0
6744,175,125,4.5
6745,175,74,4.5
6746,175,62,5.0
6747,175,113,5.0
6748,175,110,5.0
6749,175,45,4.5
6750,175,25,5.0
6751,175,81,4.5
6752,175,105,5.0
6753,175,114,5.0
6754,175,52,4.5
6755,175,58,5.0
6756,175,28,4.0
6757,175,59,3.5
6758,175,80,5.0
6759,175,34,5.0
6760,176,51,5.0
6761,176,91,4.0
6762,176,39,5.0
6763,176,13,4.0
6764,176,93,5.0
6765,176,59,4.0
6766,176,43,5.0
6767,176,96,4.5
6768,176,41,5.0
6769,176,26,4.5
6770,176,58,4.0
6771,176,109,4.5
6772,176,52,5.0
6773,176,72,4.5
6774,176,103,4.5
6775,176,76,5.0
6776,177,63,4.5
6777,177,101,4.5
6778,177,41,4.0
6779,177,108,5.0
6780,177,133,5.0
6781,177,50,4.5
6782,177,64,5.0
6783,177,107,4.5
6784,177,45,4.0
6785,177,10,4.5
6786,177,29,4.5
6787,177,122,5.0
6788,177,36,5.0
6789,177,18,4.0
6790,177,115,4.5
6791,177,52,5.0
6792,177,16,4.5
6793,177,93,4.5
6794,177,95,4.5
6795,177,75,5.0
6796,177,87,4.5
6797,177,20,5.0
6798,177,27,4.5
6799,177,57,4.0
6800,177,19,5.0
6801,178,58,4.5
6802,178,27,5.0
6803,178,23,4.0
6804,178,93,4.0
6805,178,62,5.0
6806,178,127,5.0
6807,178,111,4.5
6808,178,54,4.0
6809,178,8,5.0
6810,178,82,4.5
6811,178,14,3.5
6812,178,128,3.0
6813,178,99,4.0
6814,178,36,5.0
6815,178,108,4.0
6816,178,131,4.0
6817,178,94,5.0
6818,178,121,4.0
6819,178,116,5.0
6820,178,33,5.0
6821,178,125,4.0
6822,178,66,5.0
6823,178,43,5.0
6824,178,129,4.5
6825,178,86,4.0
6826,178,120,5.0
6827,178,115,4.0
6828,178,46,5.0
6829,178,11,5.0
6830,178,2,4.0
6831,178,13,3.5
6832,178,92,4.5
6833,178,63,5.0
6834,179,7,4.0
6835,179,56,4.0
6836,179,47,4.0
6837,179,134,5.0
6838,179,85,5.0
6839,179,26,4.5
6840,179,75,4.5
6841,179,118,4.0
6842,179,53,5.0
6843,179,103,4.5
6844,179,4,5.0
6845,179,94,4.5
6846,179,59,4.5
6847,179,109,4.0
6848,179,115,5.0
6849,179,33,4.5
6850,179,46,4.5
6851,179,105,4.5
6852,179,88,4.5
6853,179,45,4.5
6854,179,127,4.5
6855,179,32,5.0
6856,179,36,5.0
6857,179,58,5.0
6858,179,101,4.5
6859,179,131,4.5
6860,179,42,4.5
6861,179,122,4.5
6862,179,90,5.0
6863,179,82,5.0
6864,179,34,5.0
6865,179,99,5.0
6866,179,102,4.0
6867,179,21,5.0
6868,179,27,4.0
6869,179,72,3.5
6870,179,71,3.5
6871,179,83,4.5
6872,179,108,5.0
6873,179,95,4.0
6874,179,52,4.5
6875,179,120,5.0
6876,179,23,5.0
6877,179,64,5.0
6878,179,12,5.0
6879,179,43,4.5
6880,179,114,4.5
6881,179,79,5.0
6882,179,69,4.0
6883,179,30,5.0
6884,179,41,4.5
6885,179,40,4.5
6886,179,13,5.0
6887,179,106,5.0
6888,179,123,4.5
6889,179,84,4.0
6890,179,91,5.0
6891,180,106,4.5
6892,180,48,4.5
6893,180,103,5.0
6894,180,100,3.5
6895,180,67,4.5
6896,180,94,3.5
6897,180,68,5.0
6898,180,56,5.0
6899,180,133,5.0
6900,180,47,5.0
6901,180,116,4.0
6902,180,119,3.0
6903,180,120,5.0
6904,180,31,4.5
6905,180,41,4.5
6906,180,70,5.0
6907,180,46,4.5
6908,180,10,5.0
6909,180,89,4.5
6910,180,18,4.5
6911,180,42,5.0
6912,180,111,4.5
6913,180,134,4.0
6914,180,90,5.0
6915,180,32,5.0
6916,180,102,4.0
6917,180,69,4.5
6918,181,71,4.0
6919,181,65,4.5
6920,181,8,4.5
6921,181,126,5.0
6922,181,111,5.0
6923,181,35,3.5
6924,181,102,4.0
6925,181,56,4.5
6926,181,116,3.5
6927,181,80,4.5
6928,181,78,5.0
6929,181,85,5.0
6930,181,60,4.0
6931,181,131,5.0
6932,181,105,5.0
6933,181,37,4.5
6934,181,81,5.0
6935,181,2,5.0
6936,181,14,5.0
6937,182,100,5.0
6938,182,105,4.5
6939,182,98,4.5
6940,182,122,4.5
6941,182,36,4.5
6942,182,88,4.5
6943,182,47,3.5
6944,182,13,5.0
6945,182,40,5.0
6946,182,46,4.0
6947,182,23,5.0
6948,182,91,4.0
6949,182,56,3.5
6950,182,113,3.5
6951,182,33,5.0
6952,182,64,4.0
6953,182,12,5.0
6954,182,24,5.0
6955,182,34,5.0
6956,182,52,4.5
6957,182,26,4.5
6958,182,30,4.0
6959,182,45,5.0
6960,182,83,4.5
6961,182,82,5.0
6962,182,11,5.0
6963,182,44,4.5
6964,182,58,4.5
6965,182,97,4.0
6966,182,127,5.0
6967,182,68,5.0
6968,182,120,3.5
6969,182,3,5.0
6970,182,78,4.5
6971,182,8,5.0
6972,182,72,5.0
6973,182,134,5.0
6974,182,129,5.0
6975,182,48,3.5
6976,182,133,5.0
6977,182,22,5.0
6978,182,1,5.0
6979,182,104,5.0
6980,182,2,5.0
6981,182,93,5.0
6982,182,42,4.0
6983,182,50,5.0
6984,182,126,4.0
6985,182,4,5.0
6986,182,73,3.0
6987,182,85,4.0
6988,182,96,3.5
6989,182,9,4.0
6990,182,124,4.0
6991,182,25,4.0
6992,182,119,4.5
6993,182,117,4.5
6994,182,69,4.5
6995,182,28,5.0
6996,183,110,5.0
6997,183,104,5.0
6998,183,112,5.0
6999,183,97,5.0
7000,183,22,4.0
7001,183,126,5.0
7002,183,7,5.0
7003,183,63,5.0
7004,183,14,5.0
7005,183,42,5.0
7006,183,72,5.0
7007,183,62,5.0
7008,183,79,5.0
7009,183,50,5.0
7010,183,40,4.5
7011,183,64,5.0
7012,183,101,5.0
7013,183,99,5.0
7014,183,37,3.0
7015,183,117,5.0
7016,183,88,4.5
7017,183,90,4.0
7018,183,8,5.0
7019,183,68,5.0
7020,183,107,5.0
7021,183,6,5.0
7022,183,25,5.0
7023,183,12,5.0
7024,183,120,4.0
7025,183,76,3.5
7026,183,96,4.0
7027,183,74,4.5
7028,183,70,4.5
7029,183,23,5.0
7030,183,83,4.0
7031,183,41,4.5
7032,183,95,5.0
7033,183,128,2.5
7034,183,69,5.0
7035,183,4,4.5
7036,183,131,5.0
7037,183,39,5.0
7038,183,121,4.0
7039,183,108,4.0
7040,183,46,4.5
7041,183,133,4.0
7042,183,94,5.0
7043,183,56,4.0
7044,183,66,5.0
7045,183,111,5.0
7046,183,118,5.0
7047,183,86,5.0
7048,183,48,5.0
7049,183,109,4.0
7050,183,28,4.5
7051,184,66,5.0
7052,184,102,4.5
7053,184,73,3.0
7054,184,74,5.0
7055,184,132,3.5
7056,184,67,4.5
7057,184,28,4.0
7058,184,98,5.0
7059,184,16,5.0
7060,184,51,4.0
7061,184,106,4.5
7062,184,114,4.0
7063,184,123,3.5
7064,184,26,5.0
7065,184,12,5.0
7066,184,72,3.5
7067,184,109,4.5
7068,184,64,5.0
7069,184,121,5.0
7070,184,17,5.0
7071,184,129,4.5
7072,184,5,5.0
7073,184,61,3.5
7074,184,62,5.0
7075,184,14,5.0
7076,185,17,4.5
7077,185,58,5.0
7078,185,48,4.0
7079,185,50,5.0
7080,185,86,5.0
7081,185,113,5.0
7082,185,7,5.0
7083,185,112,4.0
7084,185,57,4.5
7085,185,9,4.0
7086,185,108,5.0
7087,185,32,3.5
7088,185,78,5.0
7089,185,68,5.0
7090,185,37,5.0
7091,185,72,4.5
7092,185,21,5.0
7093,185,19,4.5
7094,185,71,4.0
7095,185,41,5.0
7096,185,8,4.5
7097,185,15,5.0
7098,185,88,4.0
7099,185,125,4.5
7100,185,53,5.0
7101,185,67,5.0
7102,185,69,4.5
7103,185,3,5.0
7104,185,80,5.0
7105,185,93,4.5
7106,185,22,4.0
7107,185,105,4.5
7108,185,42,5.0
7109,185,132,2.5
7110,185,5,5.0
7111,185,117,5.0
7112,185,14,3.5
7113,185,127,5.0
7114,185,30,5.0
7115,185,1,5.0
7116,185,49,5.0
7117,185,95,4.5
7118,185,73,3.0
7119,185,114,3.5
7120,185,131,5.0
7121,185,92,4.0
7122,185,16,5.0
7123,186,53,4.0
7124,186,63,5.0
7125,186,56,5.0
7126,186,49,4.0
7127,186,50,5.0
7128,186,94,4.5
7129,186,119,4.5
7130,186,71,4.0
7131,186,111,4.0
7132,186,98,5.0
7133,186,102,5.0
7134,186,134,5.0
7135,186,48,4.5
7136,186,83,4.0
7137,186,40,4.5
7138,186,28,4.5
7139,186,51,5.0
7140,186,19,4.0
7141,186,61,5.0
7142,186,14,5.0
7143,186,70,4.5
7144,186,84,4.5
7145,186,58,4.0
7146,187,81,5.0
7147,187,10,4.0
7148,187,25,4.5
7149,187,17,4.0
7150,187,22,4.5
7151,187,6,5.0
7152,187,3,4.5
7153,187,118,5.0
7154,187,111,5.0
7155,187,112,5.0
7156,187,7,4.5
7157,187,43,5.0
7158,187,110,5.0
7159,187,12,4.0
7160,187,41,5.0
7161,187,116,4.5
7162,187,46,4.0
7163,187,26,5.0
7164,187,96,4.5
7165,187,20,4.0
7166,187,28,5.0
7167,187,40,4.5
7168,187,108,5.0
7169,187,9,4.0
7170,187,47,5.0
7171,187,80,4.5
7172,187,120,5.0
7173,187,75,5.0
7174,187,58,5.0
7175,187,61,5.0
7176,187,44,5.0
7177,187,91,4.0
7178,187,23,3.5
7179,187,38,5.0
7180,187,39,5.0
7181,187,13,5.0
7182,187,72,4.5
7183,187,21,4.5
7184,187,115,4.5
7185,187,97,5.0
7186,187,54,3.5
7187,187,16,4.0
7188,187,69,5.0
7189,187,109,3.5
7190,187,53,4.5
7191,187,95,2.5
7192,188,50,4.0
7193,188,132,3.0
7194,188,72,4.5
7195,188,7,5.0
7196,188,126,5.0
7197,188,82,4.0
7198,188,43,5.0
7199,188,131,4.5
7200,188,84,5.0
7201,188,31,4.5
7202,188,90,5.0
7203,188,40,5.0
7204,188,34,4.5
7205,188,58,4.5
7206,188,56,4.5
7207,188,44,4.5
7208,188,6,5.0
7209,188,35,4.0
7210,188,96,5.0
7211,188,98,5.0
7212,188,85,5.0
7213,188,59,4.0
7214,188,114,3.5
7215,188,11,5.0
7216,188,128,2.5
7217,188,71,4.5
7218,188,5,5.0
7219,188,17,5.0
7220,188,80,5.0
7221,188,2,5.0
7222,188,95,4.5
7223,189,61,5.0
7224,189,23,5.0
7225,189,20,5.0
7226,189,3,5.0
7227,189,4,5.0
7228,189,88,4.5
7229,189,19,5.0
7230,189,132,3.0
7231,189,75,5.0
7232,189,81,5.0
7233,189,124,4.0
7234,189,112,5.0
7235,189,59,4.0
7236,189,125,4.5
7237,189,123,5.0
7238,189,43,4.5
7239,189,101,5.0
7240,189,86,5.0
7241,189,14,4.5
7242,189,79,3.5
7243,189,16,5.0
7244,189,8,5.0
7245,189,91,5.0
7246,189,18,4.5
7247,190,37,4.5
7248,190,49,5.0
7249,190,32,5.0
7250,190,20,5.0
7251,190,133,4.5
7252,190,48,5.0
7253,190,83,3.5
7254,190,97,4.0
7255,190,30,5.0
7256,190,21,5.0
7257,190,51,5.0
7258,190,82,5.0
7259,190,108,4.5
7260,190,76,4.5
7261,190,38,3.5
7262,190,77,4.0
7263,190,53,4.0
7264,190,65,5.0
7265,190,123,5.0
7266,190,134,4.5
7267,190,28,4.5
7268,190,55,5.0
7269,190,33,4.0
7270,190,106,5.0
7271,190,45,4.0
7272,190,95,4.0
7273,190,31,5.0
7274,190,68,4.0
7275,190,1,5.0
7276,190,84,4.5
7277,190,88,4.5
7278,191,120,4.5
7279,191,119,5.0
7280,191,84,5.0
7281,191,104,5.0
7282,191,133,5.0
7283,191,130,5.0
7284,191,116,4.0
7285,191,20,5.0
7286,191,19,5.0
7287,191,95,3.5
7288,191,97,4.5
7289,191,50,5.0
7290,191,54,4.0
7291,191,4,4.5
7292,191,112,4.5
7293,191,18,5.0
7294,191,101,5.0
7295,191,41,4.5
7296,191,49,4.0
7297,191,134,5.0
7298,191,81,5.0
7299,191,127,4.0
7300,191,52,4.5
7301,191,47,3.5
7302,191,2,5.0
7303,191,56,4.5
7304,191,102,4.0
7305,191,105,4.5
7306,191,85,5.0
7307,191,23,4.0
7308,191,113,4.0
7309,191,76,4.0
7310,191,24,4.5
7311,191,28,4.0
7312,191,13,5.0
7313,191,3,5.0
7314,191,51,5.0
7315,191,61,4.5
7316,191,131,4.5
7317,191,35,3.5
7318,191,44,5.0
7319,192,60,5.0
7320,192,81,3.5
7321,192,122,4.0
7322,192,72,4.5
7323,192,88,4.5
7324,192,85,4.5
7325,192,50,5.0
7326,192,116,4.5
7327,192,17,5.0
7328,192,124,4.0
7329,192,42,4.5
7330,192,101,5.0
7331,192,133,5.0
7332,192,74,4.0
7333,192,117,4.0
7334,192,30,4.5
7335,192,91,4.0
7336,192,76,5.0
7337,192,79,5.0
7338,192,31,4.5
7339,192,105,5.0
7340,192,114,5.0
7341,192,32,5.0
7342,192,63,5.0
7343,192,73,2.5
7344,192,61,5.0
7345,192,3,5.0
7346,192,41,3.0
7347,192,66,4.0
7348,192,13,5.0
7349,192,128,3.5
7350,192,97,5.0
7351,192,19,4.0
7352,192,80,5.0
7353,192,125,4.5
7354,192,11,5.0
7355,192,68,4.5
7356,192,111,4.5
7357,192,134,4.5
7358,192,78,4.5
7359,192,94,4.5
7360,192,35,4.0
7361,192,9,4.5
7362,192,58,5.0
7363,192,104,5.0
7364,192,25,5.0
7365,192,36,4.5
7366,192,102,4.5
7367,192,47,4.5
7368,192,8,5.0
7369,192,109,4.5
7370,192,112,5.0
7371,192,29,5.0
7372,192,1,4.0
7373,192,100,4.0
7374,192,46,5.0
7375,192,62,5.0
7376,192,131,4.5
7377,192,87,4.5
7378,193,18,3.5
7379,193,36,4.5
7380,193,39,4.0
7381,193,27,5.0
7382,193,134,5.0
7383,193,42,5.0
7384,193,61,5.0
7385,193,24,5.0
7386,193,93,4.0
7387,193,92,5.0
7388,193,87,5.0
7389,193,21,5.0
7390,193,106,4.5
7391,193,88,4.0
7392,193,127,4.0
7393,193,103,5.0
7394,193,16,5.0
7395,193,107,5.0
7396,193,102,4.0
7397,194,82,5.0
7398,194,83,5.0
7399,194,100,5.0
7400,194,102,4.0
7401,194,5,4.5
7402,194,75,4.0
7403,194,127,3.0
7404,194,4,5.0
7405,194,86,4.5
7406,194,92,4.0
7407,194,90,4.5
7408,194,54,5.0
7409,194,71,4.0
7410,194,9,5.0
7411,194,6,5.0
7412,194,26,4.5
7413,194,76,5.0
7414,194,130,4.0
7415,194,27,4.5
7416,194,30,5.0
7417,194,129,5.0
7418,194,63,5.0
7419,194,1,4.5
7420,194,45,5.0
7421,194,124,4.5
7422,194,11,4.5
7423,194,114,5.0
7424,194,48,4.0
7425,194,66,5.0
7426,194,22,5.0
7427,194,51,5.0
7428,194,28,5.0
7429,194,20,5.0
7430,194,69,4.5
7431,194,112,5.0
7432,194,81,4.5
7433,194,96,4.0
7434,194,80,5.0
7435,194,37,4.5
7436,194,35,3.5
7437,194,72,4.0
7438,194,107,5.0
7439,194,106,4.0
7440,194,50,5.0
7441,194,21,5.0
7442,194,119,4.5
7443,194,78,3.5
7444,195,13,4.0
7445,195,3,5.0
7446,195,71,4.5
7447,195,1,5.0
7448,195,78,5.0
7449,195,114,4.5
7450,195,98,5.0
7451,195,94,3.5
7452,195,73,3.5
7453,195,124,4.5
7454,195,21,5.0
7455,195,134,5.0
7456,195,7,4.5
7457,195,48,5.0
7458,195,28,4.5
7459,195,83,4.0
7460,195,25,4.0
7461,195,55,4.5
7462,195,95,4.5
7463,195,113,4.0
7464,195,121,3.0
7465,195,10,5.0
7466,195,36,5.0
7467,195,54,5.0
7468,195,84,3.0
7469,195,133,5.0
7470,195,39,5.0
7471,195,99,5.0
7472,195,5,4.5
7473,195,16,4.5
7474,195,108,3.5
7475,195,19,4.5
7476,195,34,4.0
7477,195,59,4.5
7478,195,27,5.0
7479,195,105,4.0
7480,195,82,5.0
7481,195,96,4.0
7482,195,88,4.5
7483,195,4,5.0
7484,195,61,4.0
7485,195,23,4.0
7486,195,2,4.5
7487,195,15,4.5
7488,195,12,4.5
7489,195,31,4.5
7490,195,101,4.5
7491,195,75,5.0
7492,195,72,4.5
7493,195,35,4.5
7494,195,85,5.0
7495,195,109,5.0
7496,195,126,4.0
7497,195,62,3.5
7498,196,65,5.0
7499,196,36,5.0
7500,196,86,4.5
7501,196,92,5.0
7502,196,120,4.0
7503,196,116,4.5
7504,196,43,5.0
7505,196,114,4.5
7506,196,6,4.5
7507,196,44,4.5
7508,196,134,4.5
7509,196,118,5.0
7510,196,111,3.5
7511,196,81,5.0
7512,196,19,5.0
7513,196,77,5.0
7514,196,125,4.0
7515,196,70,5.0
7516,196,121,4.5
7517,196,107,5.0
7518,196,96,5.0
7519,196,21,5.0
7520,196,109,5.0
7521,196,103,5.0
7522,196,74,4.0
7523,196,18,5.0
7524,196,105,5.0
7525,196,102,4.5
7526,196,27,5.0
7527,196,89,5.0
7528,196,51,5.0
7529,196,11,5.0
7530,196,54,4.5
7531,196,15,5.0
7532,196,124,5.0
7533,196,117,4.0
7534,196,126,5.0
7535,196,67,3.5
7536,196,14,5.0
7537,196,110,4.5
7538,196,1,5.0
7539,196,33,5.0
7540,196,71,5.0
7541,196,132,3.0
7542,196,22,4.5
7543,196,30,4.5
7544,196,88,4.5
7545,196,128,3.0
7546,196,63,5.0
7547,196,101,4.5
7548,196,42,5.0
7549,196,48,4.5
7550,196,131,3.5
7551,197,26,5.0
7552,197,109,4.5
7553,197,90,4.5
7554,197,126,5.0
7555,197,7,5.0
7556,197,98,4.0
7557,197,10,5.0
7558,197,124,4.0
7559,197,63,5.0
7560,197,129,5.0
7561,197,116,5.0
7562,197,12,5.0
7563,197,61,5.0
7564,197,33,4.5
7565,197,70,4.0
7566,197,123,4.5
7567,197,11,4.5
7568,197,32,3.0
7569,197,93,5.0
7570,197,107,5.0
7571,197,92,4.5
7572,197,81,5.0
7573,197,13,5.0
7574,197,59,3.5
7575,197,49,5.0
7576,197,96,5.0
7577,197,44,4.5
7578,197,31,5.0
7579,197,78,5.0
7580,197,122,4.0
7581,197,5,4.0
7582,197,42,4.5
7583,197,40,5.0
7584,197,71,3.0
7585,197,100,5.0
7586,197,91,5.0
7587,197,58,5.0
7588,197,28,5.0
7589,197,79,4.5
7590,197,53,4.5
7591,197,112,4.0
7592,197,2,5.0
7593,197,88,3.5
7594,197,17,4.5
7595,197,76,5.0
7596,197,87,4.5
7597,197,4,4.0
7598,197,65,4.5
7599,197,57,5.0
7600,198,17,4.5
7601,198,23,4.5
7602,198,68,5.0
7603,198,92,5.0
7604,198,122,5.0
7605,198,103,4.5
7606,198,130,4.0
7607,198,63,4.5
7608,198,36,5.0
7609,198,31,5.0
7610,198,7,5.0
7611,198,42,4.5
7612,198,48,5.0
7613,198,51,4.5
7614,198,115,5.0
7615,198,96,4.5
7616,198,123,5.0
7617,198,18,4.0
7618,198,106,4.5
7619,199,123,5.0
7620,199,55,4.0
7621,199,26,5.0
7622,199,45,4.5
7623,199,100,5.0
7624,199,19,4.5
7625,199,38,3.5
7626,199,86,5.0
7627,199,17,4.0
7628,199,110,4.5
7629,199,66,4.0
7630,199,129,4.5
7631,199,111,5.0
7632,199,98,5.0
7633,199,9,4.0
7634,199,62,5.0
7635,199,124,4.0
7636,199,10,4.0
7637,199,73,3.0
7638,199,22,4.5
7639,199,32,4.5
7640,199,81,5.0
7641,199,97,3.5
7642,199,53,3.0
7643,199,108,4.0
7644,199,113,5.0
7645,199,47,3.5
7646,199,29,4.0
7647,199,106,5.0
7648,199,34,4.0
7649,199,122,3.5
7650,199,8,5.0
7651,199,112,5.0
7652,199,56,4.0
7653,199,6,4.0
7654,199,42,4.5
7655,199,51,4.0
7656,199,4,4.0
7657,199,25,5.0
7658,199,127,5.0
7659,199,93,4.0
7660,199,48,3.0
7661,199,121,3.5
7662,199,58,4.5
7663,199,78,5.0
7664,200,132,4.0
7665,200,59,4.0
7666,200,81,5.0
7667,200,83,4.0
7668,200,62,5.0
7669,200,49,4.5
7670,200,90,4.5
7671,200,125,4.5
7672,200,40,3.5
7673,200,25,4.5
7674,200,106,4.5
7675,200,43,5.0
7676,200,67,3.5
7677,200,87,5.0
7678,200,53,5.0
7679,200,36,4.5
7680,200,34,5.0
7681,200,77,4.0
7682,200,55,4.5
7683,200,86,4.0
7684,200,85,4.5
7685,200,127,5.0
7686,200,99,5.0
7687,200,79,4.5
7688,200,101,5.0
7689,200,18,5.0
7690,200,103,3.0
7691,200,112,5.0
7692,200,89,5.0
7693,200,38,5.0
7694,200,113,4.0
7695,200,88,2.5
7696,200,108,5.0
7697,201,131,5.0
7698,201,108,4.5
7699,201,51,5.0
7700,201,69,5.0
7701,201,14,5.0
7702,201,110,5.0
7703,201,126,4.0
7704,201,77,5.0
7705,201,130,4.5
7706,201,61,5.0
7707,201,56,5.0
7708,201,50,5.0
7709,201,41,4.5
7710,201,16,4.5
7711,201,18,3.5
7712,201,24,4.5
7713,201,121,5.0
7714,201,47,5.0
7715,201,98,4.5
7716,201,103,5.0
7717,201,7,5.0
7718,201,6,4.0
7719,201,109,4.5
7720,201,9,5.0
7721,201,36,5.0
7722,201,128,3.0
7723,201,71,4.0
7724,201,134,3.0
7725,201,35,4.0
7726,201,17,5.0
7727,201,101,5.0
7728,201,13,5.0
7729,202,118,4.5
7730,202,43,4.5
7731,202,45,5.0
7732,202,57,4.0
7733,202,72,4.5
7734,202,28,4.0
7735,202,1,5.0
7736,202,31,4.5
7737,202,86,5.0
7738,202,40,5.0
7739,202,56,4.0
7740,202,75,5.0
7741,202,111,5.0
7742,202,77,5.0
7743,202,109,5.0
7744,202,50,5.0
7745,202,58,4.5
7746,202,129,4.5
7747,202,30,4.5
7748,202,13,5.0
7749,202,120,4.5
7750,202,11,5.0
7751,202,53,4.5
7752,202,92,3.5
7753,202,131,3.5
7754,202,110,5.0
7755,202,20,5.0
7756,202,95,4.0
7757,202,119,4.0
7758,202,79,4.5
7759,203,6,5.0
7760,203,100,4.5
7761,203,89,5.0
7762,203,93,5.0
7763,203,98,4.0
7764,203,134,5.0
7765,203,126,5.0
7766,203,56,4.5
7767,203,131,5.0
7768,203,58,4.5
7769,203,117,4.5
7770,203,55,5.0
7771,203,12,5.0
7772,203,127,5.0
7773,203,33,5.0
7774,203,45,5.0
7775,203,30,5.0
7776,203,35,2.5
7777,203,47,5.0
7778,203,34,4.5
7779,203,62,3.5
7780,203,21,4.5
7781,203,22,5.0
7782,203,29,4.5
7783,203,110,5.0
7784,203,75,4.0
7785,203,83,4.5
7786,203,67,4.5
7787,203,77,5.0
7788,203,68,5.0
7789,203,104,5.0
7790,203,26,5.0
7791,203,5,4.0
7792,203,49,5.0
7793,203,116,4.5
7794,203,7,4.5
7795,203,130,5.0
7796,203,118,4.5
7797,203,122,5.0
7798,203,91,4.5
7799,203,113,4.5
7800,203,96,4.0
7801,203,79,5.0
7802,204,35,4.0
7803,204,43,4.5
7804,204,13,3.5
7805,204,121,3.5
7806,204,40,5.0
7807,204,34,3.5
7808,204,62,4.5
7809,204,111,3.5
7810,204,78,4.0
7811,204,107,4.5
7812,204,48,5.0
7813,204,74,5.0
7814,204,101,4.5
7815,204,36,5.0
7816,204,60,4.5
7817,204,32,5.0
7818,204,59,4.5
7819,204,23,5.0
7820,204,91,4.5
7821,204,15,5.0
7822,204,92,5.0
7823,204,119,4.5
7824,204,21,5.0
7825,204,82,5.0
7826,204,126,5.0
7827,204,97,4.5
7828,204,6,4.5
7829,204,9,5.0
7830,204,49,4.0
7831,204,18,3.5
7832,204,1,5.0
7833,204,37,4.5
7834,204,118,4.0
7835,204,68,5.0
7836,204,63,4.0
7837,204,87,5.0
7838,204,109,5.0
7839,204,51,5.0
7840,204,71,4.0
7841,204,70,4.0
7842,205,119,5.0
7843,205,34,5.0
7844,205,107,5.0
7845,205,14,4.5
7846,205,63,5.0
7847,205,38,5.0
7848,205,26,5.0
7849,205,129,4.5
7850,205,48,4.0
7851,205,7,5.0
7852,205,45,5.0
7853,205,60,4.0
7854,205,117,4.0
7855,205,50,4.5
7856,205,114,5.0
7857,205,84,4.5
7858,205,112,4.5
7859,205,56,4.5
7860,205,10,5.0
7861,205,77,5.0
7862,205,127,4.0
7863,205,46,5.0
7864,205,106,4.0
7865,205,66,4.0
7866,205,71,4.5
7867,205,62,4.5
7868,205,6,4.0
7869,205,109,4.5
7870,206,85,4.0
7871,206,113,3.0
7872,206,69,5.0
7873,206,37,5.0
7874,206,131,4.0
7875,206,51,5.0
7876,206,24,5.0
7877,206,79,5.0
7878,206,50,4.5
7879,206,36,5.0
7880,206,129,4.5
7881,206,29,5.0
7882,206,6,5.0
7883,206,122,3.5
7884,206,39,4.5
7885,206,2,5.0
7886,206,18,4.0
7887,206,25,4.5
7888,206,54,4.0
7889,206,73,2.5
7890,206,117,3.5
7891,206,116,4.0
7892,206,103,4.0
7893,206,106,5.0
7894,206,20,3.5
7895,206,55,4.5
7896,206,71,5.0
7897,206,115,4.0
7898,206,33,5.0
7899,206,27,5.0
7900,206,1,4.5
7901,206,9,5.0
7902,206,21,4.5
7903,206,5,5.0
7904,206,34,5.0
7905,206,94,4.5
7906,206,62,4.5
7907,206,112,5.0
7908,206,123,4.5
7909,207,119,4.5
7910,207,40,5.0
7911,207,26,4.5
7912,207,130,5.0
7913,207,93,5.0
7914,207,106,4.5
7915,207,103,4.0
7916,207,54,5.0
7917,207,73,3.0
7918,207,43,5.0
7919,207,39,5.0
7920,207,11,5.0
7921,207,32,4.0
7922,207,21,5.0
7923,207,80,3.5
7924,207,62,4.0
7925,207,85,5.0
7926,207,9,5.0
7927,207,100,4.5
7928,207,41,4.5
7929,207,114,3.5
7930,207,8,5.0
7931,207,56,5.0
7932,207,52,4.5
7933,207,105,4.5
7934,207,112,4.5
7935,207,20,5.0
7936,207,127,5.0
7937,207,61,5.0
7938,207,4,5.0
7939,208,92,5.0
7940,208,23,4.0
7941,208,11,5.0
7942,208,43,4.5
7943,208,80,4.5
7944,208,85,5.0
7945,208,26,5.0
7946,208,5,5.0
7947,208,75,5.0
7948,208,132,4.0
7949,208,6,5.0
7950,208,79,5.0
7951,208,1,4.5
7952,208,106,4.5
7953,208,119,5.0
7954,208,25,5.0
7955,208,102,4.5
7956,208,22,4.0
7957,208,115,4.5
7958,208,51,4.0
7959,208,121,5.0
7960,208,63,5.0
7961,208,14,5.0
7962,208,35,3.5
7963,208,76,3.5
7964,208,38,4.0
7965,208,123,5.0
7966,208,68,5.0
7967,208,10,5.0
7968,208,108,5.0
7969,208,37,4.5
7970,208,18,4.5
7971,208,9,5.0
7972,208,60,5.0
7973,208,78,4.5
7974,208,34,5.0
7975,208,21,4.0
7976,208,83,4.5
7977,208,90,4.0
7978,208,66,5.0
7979,208,13,4.5
7980,208,64,5.0
7981,208,100,4.0
7982,208,29,5.0
7983,208,89,4.5
7984,208,104,5.0
7985,208,127,5.0
7986,208,116,4.0
7987,208,44,4.5
7988,208,98,4.5
7989,208,61,5.0
7990,208,58,3.0
7991,208,46,4.5
7992,208,95,4.5
7993,208,40,5.0
7994,208,109,4.5
7995,208,52,5.0
7996,208,54,4.5
7997,209,72,5.0
7998,209,52,5.0
7999,209,47,4.0
8000,209,107,5.0
8001,209,10,5.0
8002,209,3,4.0
8003,209,93,5.0
8004,209,92,3.5
8005,209,44,5.0
8006,209,103,4.0
8007,209,79,4.5
8008,209,48,5.0
8009,209,126,4.0
8010,209,1,4.5
8011,209,14,4.5
8012,209,62,5.0
8013,209,99,5.0
8014,209,106,4.5
8015,209,65,5.0
8016,209,26,4.5
8017,209,28,4.5
8018,209,19,5.0
8019,209,43,5.0
8020,209,88,5.0
8021,209,85,4.0
8022,209,95,4.0
8023,209,96,3.5
8024,209,116,5.0
8025,209,36,5.0
8026,209,68,4.5
8027,209,51,5.0
8028,209,105,4.0
8029,209,76,4.0
8030,209,124,5.0
8031,209,101,5.0
8032,209,115,4.5
8033,209,56,4.5
8034,209,94,4.0
8035,209,6,4.5
8036,209,59,4.5
8037,209,128,3.5
8038,209,102,4.5
8039,209,71,4.0
8040,209,38,4.5
8041,209,69,5.0
8042,209,109,4.5
8043,210,85,5.0
8044,210,46,5.0
8045,210,52,5.0
8046,210,4,4.0
8047,210,110,5.0
8048,210,21,5.0
8049,210,134,5.0
8050,210,83,4.5
8051,210,32,4.5
8052,210,122,4.0
8053,210,62,4.5
8054,210,3,5.0
8055,210,13,5.0
8056,210,17,4.0
8057,210,120,5.0
8058,210,96,4.5
8059,210,94,5.0
8060,210,34,4.5
8061,210,22,5.0
8062,210,128,3.0
8063,210,38,4.5
8064,210,86,5.0
8065,210,33,4.5
8066,210,54,4.5
8067,210,129,5.0
8068,210,55,4.5
8069,210,27,4.5
8070,210,118,5.0
8071,210,130,4.0
8072,210,47,5.0
8073,210,125,5.0
8074,210,98,5.0
8075,210,37,5.0
8076,210,40,4.5
8077,210,70,5.0
8078,210,89,5.0
8079,210,71,4.5
8080,210,82,4.0
8081,210,9,5.0
8082,210,10,5.0
8083,210,20,5.0
8084,210,16,5.0
8085,210,1,5.0
8086,210,31,4.5
8087,210,119,5.0
8088,210,35,3.5
8089,210,23,4.5
8090,210,15,4.5
8091,210,58,5.0
8092,210,44,5.0
8093,211,91,5.0
8094,211,5,4.5
8095,211,96,4.5
8096,211,87,5.0
8097,211,107,4.5
8098,211,2,4.0
8099,211,81,5.0
8100,211,111,5.0
8101,211,60,4.5
8102,211,11,5.0
8103,211,18,5.0
8104,211,108,5.0
8105,211,13,4.5
8106,211,77,4.5
8107,211,67,5.0
8108,211,72,5.0
8109,211,99,4.5
8110,211,15,4.5
8111,211,76,5.0
8112,211,124,5.0
8113,211,61,4.5
8114,211,64,4.5
8115,211,71,5.0
8116,211,112,5.0
8117,211,93,4.5
8118,211,98,3.5
8119,211,44,5.0
8120,211,16,4.5
8121,211,80,4.5
8122,211,104,3.5
8123,211,133,5.0
8124,211,101,4.0
8125,211,82,5.0
8126,211,41,4.5
8127,211,32,5.0
8128,211,40,5.0
8129,211,69,5.0
8130,211,55,4.5
8131,211,38,5.0
8132,211,105,4.5
8133,211,14,4.5
8134,211,8,5.0
8135,211,39,5.0
8136,211,86,5.0
8137,211,115,4.5
8138,211,34,4.5
8139,211,49,5.0
8140,211,20,4.5
8141,211,36,5.0
8142,211,123,4.5
8143,211,53,5.0
8144,212,21,5.0
8145,212,86,5.0
8146,212,44,5.0
8147,212,48,4.0
8148,212,27,4.5
8149,212,5,5.0
8150,212,121,4.0
8151,212,28,5.0
8152,212,94,5.0
8153,212,91,4.0
8154,212,17,4.5
8155,212,22,4.5
8156,212,95,5.0
8157,212,106,5.0
8158,212,111,4.0
8159,212,88,4.5
8160,212,66,5.0
8161,212,31,5.0
8162,212,53,4.5
8163,212,1,4.0
8164,212,119,4.0
8165,212,67,4.0
8166,212,35,3.0
8167,212,74,5.0
8168,212,102,4.0
8169,212,126,5.0
8170,212,100,4.5
8171,212,25,4.5
8172,212,64,4.5
8173,212,71,4.5
8174,213,102,5.0
8175,213,35,4.0
8176,213,56,5.0
8177,213,71,4.0
8178,213,29,5.0
8179,213,1,5.0
8180,213,54,5.0
8181,213,92,3.5
8182,213,15,5.0
8183,213,107,5.0
8184,213,90,5.0
8185,213,2,4.5
8186,213,53,5.0
8187,213,14,5.0
8188,213,44,5.0
8189,213,27,5.0
8190,213,58,3.5
8191,213,19,4.5
8192,213,117,5.0
8193,213,93,4.5
8194,213,83,4.5
8195,213,101,5.0
8196,213,16,4.0
8197,213,48,3.5
8198,213,42,5.0
8199,213,122,4.0
8200,213,49,4.5
8201,213,85,5.0
8202,213,67,5.0
8203,213,88,4.0
8204,213,36,5.0
8205,213,57,5.0
8206,213,125,5.0
8207,213,26,4.5
8208,213,82,5.0
8209,213,116,4.5
8210,213,119,5.0
8211,213,50,5.0
8212,213,46,5.0
8213,213,25,5.0
8214,213,86,4.5
8215,213,134,5.0
8216,213,32,5.0
8217,213,63,5.0
8218,213,91,4.0
8219,213,104,3.5
8220,213,132,3.0
8221,213,7,5.0
8222,213,33,4.5
8223,213,129,4.5
8224,213,105,4.5
8225,213,60,5.0
8226,213,21,4.5
8227,213,8,4.5
8228,213,81,4.0
8229,213,59,4.5
8230,213,68,4.5
8231,213,38,5.0
8232,214,65,5.0
8233,214,70,4.0
8234,214,52,3.0
8235,214,103,4.0
8236,214,92,5.0
8237,214,25,5.0
8238,214,98,4.0
8239,214,61,5.0
8240,214,80,5.0
8241,214,26,5.0
8242,214,114,4.5
8243,214,32,5.0
8244,214,42,4.5
8245,214,6,5.0
8246,214,110,4.0
8247,214,44,5.0
8248,214,46,5.0
8249,214,127,4.5
8250,214,128,3.0
8251,214,31,5.0
8252,214,69,5.0
8253,214,43,4.5
8254,214,64,3.5
8255,214,30,5.0
8256,214,56,5.0
8257,214,72,4.5
8258,214,3,5.0
8259,214,89,5.0
8260,214,10,4.0
8261,214,14,5.0
8262,214,73,3.0
8263,214,18,5.0
8264,214,111,4.5
8265,214,53,5.0
8266,214,121,4.5
8267,214,27,4.5
8268,214,60,4.5
8269,214,101,4.5
8270,214,124,4.5
8271,214,95,3.5
8272,214,106,3.5
8273,214,105,4.5
8274,215,25,4.0
8275,215,6,5.0
8276,215,71,4.5
8277,215,50,5.0
8278,215,45,5.0
8279,215,41,5.0
8280,215,60,5.0
8281,215,12,5.0
8282,215,46,4.5
8283,215,51,4.5
8284,215,54,4.5
8285,215,34,5.0
8286,215,76,5.0
8287,215,118,4.5
8288,215,16,5.0
8289,215,116,4.0
8290,216,22,5.0
8291,216,41,5.0
8292,216,55,5.0
8293,216,19,4.5
8294,216,40,3.5
8295,216,107,5.0
8296,216,28,5.0
8297,216,112,4.5
8298,216,59,5.0
8299,216,43,5.0
8300,216,69,4.0
8301,216,134,5.0
8302,216,85,5.0
8303,216,116,5.0
8304,216,56,4.5
8305,216,115,4.0
8306,216,109,3.0
8307,216,45,5.0
8308,216,114,5.0
8309,216,72,5.0
8310,216,81,4.5
8311,217,133,5.0
8312,217,47,4.5
8313,217,60,4.5
8314,217,33,4.5
8315,217,62,4.5
8316,217,13,4.5
8317,217,131,4.5
8318,217,19,4.5
8319,217,22,4.5
8320,217,87,4.0
8321,217,24,4.5
8322,217,67,4.0
8323,217,86,5.0
8324,217,35,4.5
8325,217,46,5.0
8326,217,12,4.5
8327,217,110,5.0
8328,217,126,3.5
8329,218,22,5.0
8330,218,83,4.0
8331,218,43,4.5
8332,218,21,5.0
8333,218,49,5.0
8334,218,124,5.0
8335,218,26,5.0
8336,218,113,5.0
8337,218,96,4.5
8338,218,15,4.5
8339,218,7,4.0
8340,218,39,4.5
8341,218,91,5.0
8342,218,81,5.0
8343,218,98,4.5
8344,218,30,5.0
8345,219,98,4.5
8346,219,121,5.0
8347,219,11,4.5
8348,219,130,4.5
8349,219,112,5.0
8350,219,120,3.5
8351,219,7,4.5
8352,219,6,5.0
8353,219,77,4.5
8354,219,128,2.0
8355,219,1,5.0
8356,219,85,5.0
8357,219,34,4.0
8358,219,114,5.0
8359,219,32,4.0
8360,219,49,4.5
8361,219,45,5.0
8362,219,82,5.0
8363,219,44,4.0
8364,219,12,4.0
8365,219,47,5.0
8366,219,93,4.0
8367,219,67,4.5
8368,219,36,5.0
8369,219,68,4.5
8370,219,20,5.0
8371,219,52,5.0
8372,219,119,5.0
8373,219,73,3.5
8374,219,16,4.5
8375,219,31,4.0
8376,219,53,4.5
8377,219,109,5.0
8378,219,35,4.0
8379,219,66,4.5
8380,220,122,5.0
8381,220,128,2.5
8382,220,64,5.0
8383,220,50,4.5
8384,220,97,5.0
8385,220,49,5.0
8386,220,17,3.0
8387,220,52,5.0
8388,220,35,3.5
8389,220,32,4.0
8390,220,20,5.0
8391,220,87,4.5
8392,220,9,4.5
8393,220,19,4.5
8394,220,90,4.0
8395,220,127,5.0
8396,220,80,4.5
8397,220,123,5.0
8398,220,38,4.5
8399,220,93,4.0
8400,220,22,5.0
8401,220,67,4.5
8402,220,74,5.0
8403,220,83,3.5
8404,220,86,4.5
8405,220,110,3.5
8406,220,94,4.0
8407,220,40,5.0
8408,220,53,3.5
8409,220,39,4.5
8410,220,21,5.0
8411,220,3,4.5
8412,220,125,4.5
8413,220,54,5.0
8414,220,130,4.5
8415,220,92,5.0
8416,220,133,4.5
8417,220,48,5.0
8418,220,115,4.5
8419,220,96,4.5
8420,220,68,4.5
8421,220,56,4.5
8422,220,28,4.5
8423,220,14,5.0
8424,220,107,4.5
8425,220,33,5.0
8426,220,11,4.5
8427,220,60,4.5
8428,220,6,4.5
8429,220,131,4.5
8430,221,32,4.0
8431,221,102,5.0
8432,221,57,5.0
8433,221,37,3.5
8434,221,27,4.0
8435,221,24,5.0
8436,221,25,5.0
8437,221,92,4.0
8438,221,77,5.0
8439,221,59,4.5
8440,221,68,5.0
8441,221,60,5.0
8442,221,93,4.5
8443,221,113,4.5
8444,221,101,4.0
8445,221,16,5.0
8446,221,70,4.5
8447,221,7,5.0
8448,221,78,5.0
8449,221,26,5.0
8450,221,31,4.5
8451,221,76,5.0
8452,221,12,5.0
8453,221,81,5.0
8454,221,87,5.0
8455,221,115,3.5
8456,221,64,4.5
8457,221,28,4.5
8458,221,18,5.0
8459,221,52,5.0
8460,221,83,5.0
8461,221,42,3.5
8462,221,29,5.0
8463,221,6,4.0
8464,221,53,4.0
8465,221,5,4.5
8466,221,122,5.0
8467,221,10,4.5
8468,221,11,3.5
8469,221,79,4.0
8470,221,65,4.5
8471,221,108,5.0
8472,221,103,5.0
8473,221,50,4.5
8474,221,13,5.0
8475,221,123,5.0
8476,221,94,5.0
8477,221,100,4.0
8478,221,71,3.0
8479,221,124,4.5
8480,221,2,5.0
8481,221,84,4.0
8482,221,129,5.0
8483,221,130,5.0
8484,221,4,4.0
8485,221,80,5.0
8486,221,121,4.0
8487,221,14,4.0
8488,221,43,5.0
8489,221,54,3.5
8490,222,25,5.0
8491,222,30,4.0
8492,222,33,5.0
8493,222,110,5.0
8494,222,5,4.5
8495,222,11,5.0
8496,222,50,4.5
8497,222,112,4.5
8498,222,8,5.0
8499,222,67,5.0
8500,222,114,5.0
8501,222,27,4.0
8502,222,47,4.5
8503,222,128,4.0
8504,222,51,4.5
8505,222,124,4.5
8506,222,78,5.0
8507,222,12,5.0
8508,222,105,3.5
8509,222,127,4.5
8510,222,98,4.0
8511,222,4,4.5
8512,222,121,4.5
8513,222,20,4.0
8514,222,88,4.0
8515,222,59,5.0
8516,222,10,5.0
8517,222,42,4.0
8518,222,96,5.0
8519,222,28,5.0
8520,222,13,5.0
8521,222,23,2.5
8522,222,99,4.5
8523,222,116,4.5
8524,222,132,3.5
8525,222,44,4.5
8526,222,46,5.0
8527,222,7,5.0
8528,222,56,4.5
8529,222,66,4.5
8530,222,71,4.5
8531,222,24,5.0
8532,222,106,4.0
8533,222,74,4.0
8534,222,14,4.5
8535,222,63,5.0
8536,222,81,4.5
8537,222,89,4.0
8538,223,117,4.0
8539,223,23,4.0
8540,223,76,5.0
8541,223,38,5.0
8542,223,94,3.5
8543,223,99,5.0
8544,223,64,5.0
8545,223,19,3.0
8546,223,43,4.0
8547,223,73,3.5
8548,223,14,5.0
8549,223,131,4.0
8550,223,3,5.0
8551,223,129,5.0
8552,223,65,4.5
8553,223,114,5.0
8554,223,40,4.5
8555,223,125,4.5
8556,223,80,4.0
8557,223,102,5.0
8558,223,110,5.0
8559,223,25,5.0
8560,223,133,5.0
8561,223,113,4.0
8562,223,124,5.0
8563,223,24,4.0
8564,223,108,3.5
8565,223,100,5.0
8566,223,104,4.5
8567,223,105,4.5
8568,223,29,5.0
8569,223,123,5.0
8570,223,107,4.0
8571,223,127,4.0
8572,223,115,5.0
8573,223,56,4.5
8574,223,52,4.5
8575,223,134,4.5
8576,223,72,4.5
8577,223,8,4.0
8578,223,53,4.5
8579,223,116,4.0
8580,223,90,5.0
8581,223,122,5.0
8582,223,96,4.5
8583,223,61,4.0
8584,223,20,4.5
8585,223,51,5.0
8586,223,82,5.0
8587,223,16,5.0
8588,224,87,4.0
8589,224,31,5.0
8590,224,65,5.0
8591,224,50,4.5
8592,224,69,5.0
8593,224,103,5.0
8594,224,39,5.0
8595,224,133,4.0
8596,224,76,4.0
8597,224,102,4.5
8598,224,99,4.5
8599,224,40,5.0
8600,224,109,4.0
8601,224,66,5.0
8602,224,35,4.0
8603,224,81,5.0
8604,224,116,5.0
8605,224,6,5.0
8606,224,110,5.0
8607,224,4,5.0
8608,224,107,5.0
8609,224,22,5.0
8610,224,62,5.0
8611,224,97,5.0
8612,224,29,5.0
8613,224,1,4.0
8614,224,122,5.0
8615,224,86,5.0
8616,224,121,5.0
8617,224,56,5.0
8618,224,77,5.0
8619,224,51,5.0
8620,224,131,4.5
8621,224,9,4.5
8622,224,8,5.0
8623,225,115,5.0
8624,225,36,5.0
8625,225,104,5.0
8626,225,106,5.0
8627,225,34,5.0
8628,225,89,4.5
8629,225,5,5.0
8630,225,24,4.5
8631,225,126,5.0
8632,225,122,4.5
8633,225,99,3.5
8634,225,13,5.0
8635,225,42,4.5
8636,225,18,4.5
8637,225,68,5.0
8638,225,6,5.0
8639,225,102,4.5
8640,225,50,4.5
8641,226,98,3.5
8642,226,29,5.0
8643,226,57,4.0
8644,226,109,4.0
8645,226,61,4.0
8646,226,132,3.0
8647,226,82,5.0
8648,226,34,5.0
8649,226,120,5.0
8650,226,127,5.0
8651,226,89,5.0
8652,226,97,5.0
8653,226,32,5.0
8654,226,49,4.0
8655,226,56,4.5
8656,227,65,5.0
8657,227,27,5.0
8658,227,102,5.0
8659,227,121,3.0
8660,227,28,4.5
8661,227,37,5.0
8662,227,119,5.0
8663,227,95,4.0
8664,227,132,3.0
8665,227,64,4.5
8666,227,86,4.0
8667,227,66,5.0
8668,227,22,5.0
8669,227,118,5.0
8670,227,24,3.5
8671,227,10,3.5
8672,227,2,4.5
8673,227,107,5.0
8674,227,21,4.5
8675,227,82,4.5
8676,227,12,4.5
8677,227,113,5.0
8678,227,63,5.0
8679,227,106,4.5
8680,227,76,3.0
8681,227,69,5.0
8682,227,111,5.0
8683,227,120,4.0
8684,228,31,4.5
8685,228,117,4.0
8686,228,123,5.0
8687,228,16,5.0
8688,228,104,5.0
8689,228,128,2.0
8690,228,61,4.5
8691,228,116,3.5
8692,228,52,4.5
8693,228,67,5.0
8694,228,100,5.0
8695,228,130,5.0
8696,228,19,5.0
8697,228,111,5.0
8698,228,102,4.5
8699,228,2,5.0
8700,228,47,4.5
8701,228,98,4.0
8702,228,1,4.5
8703,228,49,5.0
8704,228,70,5.0
8705,228,122,3.5
8706,228,11,4.5
8707,228,85,5.0
8708,228,108,3.5
8709,228,22,5.0
8710,228,24,5.0
8711,228,29,5.0
8712,228,81,4.0
8713,228,45,5.0
8714,228,42,4.5
8715,228,87,5.0
8716,228,21,5.0
8717,228,12,4.0
8718,228,51,5.0
8719,228,103,4.5
8720,228,121,4.0
8721,228,118,5.0
8722,228,119,4.5
8723,228,43,4.5
8724,229,17,5.0
8725,229,22,4.0
8726,229,73,3.0
8727,229,89,3.5
8728,229,116,4.5
8729,229,118,4.5
8730,229,10,4.5
8731,229,131,4.0
8732,229,84,4.5
8733,229,57,4.5
8734,229,12,5.0
8735,229,46,4.5
8736,229,119,4.5
8737,229,23,4.0
8738,229,31,5.0
8739,229,115,5.0
8740,229,70,5.0
8741,229,52,4.5
8742,229,58,5.0
8743,229,50,5.0
8744,229,62,5.0
8745,229,26,5.0
8746,229,129,4.5
8747,229,99,5.0
8748,229,85,4.5
8749,229,24,4.0
8750,229,4,4.0
8751,229,79,4.5
8752,229,130,4.5
8753,229,36,5.0
8754,229,49,5.0
8755,229,100,3.5
8756,229,128,2.5
8757,229,107,4.5
8758,229,9,5.0
8759,229,93,4.5
8760,229,81,5.0
8761,229,110,4.0
8762,229,60,5.0
8763,229,64,5.0
8764,229,101,5.0
8765,229,69,5.0
8766,229,95,3.5
8767,229,122,4.0
8768,229,112,4.0
8769,229,20,5.0
8770,229,80,5.0
8771,230,101,4.0
8772,230,57,4.0
8773,230,50,5.0
8774,230,27,5.0
8775,230,88,4.5
8776,230,104,4.5
8777,230,43,4.5
8778,230,34,4.0
8779,230,11,5.0
8780,230,130,5.0
8781,230,125,3.0
8782,230,118,4.5
8783,230,42,5.0
8784,230,24,4.5
8785,230,69,5.0
8786,230,98,4.5
8787,230,44,4.0
8788,230,93,4.5
8789,230,62,5.0
8790,230,23,4.0
8791,230,123,5.0
8792,230,132,4.5
8793,230,22,5.0
8794,230,74,5.0
8795,230,112,4.0
8796,230,52,4.5
8797,230,76,5.0
8798,230,29,4.5
8799,230,89,4.0
8800,230,107,5.0
8801,230,114,5.0
8802,230,68,5.0
8803,231,61,5.0
8804,231,69,4.5
8805,231,10,4.5
8806,231,23,4.0
8807,231,94,5.0
8808,231,54,5.0
8809,231,101,5.0
8810,231,40,5.0
8811,231,12,5.0
8812,231,42,5.0
8813,231,38,5.0
8814,231,59,4.0
8815,231,14,5.0
8816,231,125,4.5
8817,231,106,5.0
8818,231,121,4.5
8819,231,26,4.5
8820,231,122,5.0
8821,231,28,5.0
8822,231,130,4.0
8823,231,131,5.0
8824,231,47,5.0
8825,231,80,5.0
8826,231,116,4.0
8827,231,105,5.0
8828,231,129,4.0
8829,231,134,4.5
8830,231,115,5.0
8831,231,68,5.0
8832,231,13,5.0
8833,231,31,4.5
8834,231,103,5.0
8835,231,55,4.5
8836,231,58,4.0
8837,231,41,4.5
8838,231,6,4.5
8839,231,3,3.5
8840,231,112,4.0
8841,231,35,4.0
8842,231,20,4.0
8843,231,90,4.5
8844,231,83,3.5
8845,231,117,4.5
8846,231,37,5.0
8847,231,126,5.0
8848,231,5,4.5
8849,231,46,5.0
8850,231,114,4.5
8851,231,123,4.5
8852,231,50,5.0
8853,231,79,5.0
8854,231,120,5.0
8855,232,40,5.0
8856,232,79,4.5
8857,232,96,4.0
8858,232,59,4.0
8859,232,60,4.5
8860,232,19,5.0
8861,232,61,4.5
8862,232,34,5.0
8863,232,30,4.0
8864,232,84,4.5
8865,232,82,3.0
8866,232,18,3.5
8867,232,54,4.0
8868,232,2,5.0
8869,232,83,5.0
8870,232,88,3.0
8871,232,124,4.5
8872,233,106,5.0
8873,233,39,4.5
8874,233,2,4.5
8875,233,34,5.0
8876,233,94,4.5
8877,233,43,5.0
8878,233,95,3.5
8879,233,37,4.0
8880,233,27,5.0
8881,233,122,5.0
8882,233,123,5.0
8883,233,9,4.5
8884,233,68,5.0
8885,233,28,5.0
8886,233,104,4.0
8887,233,105,4.5
8888,233,23,3.5
8889,233,91,5.0
8890,233,70,5.0
8891,233,120,4.0
8892,233,119,5.0
8893,233,14,4.5
8894,233,128,4.5
8895,233,18,4.0
8896,233,25,4.5
8897,233,108,5.0
8898,233,124,5.0
8899,233,17,4.0
8900,233,26,5.0
8901,233,78,5.0
8902,233,19,5.0
8903,233,83,5.0
8904,233,1,3.5
8905,234,62,4.5
8906,234,27,5.0
8907,234,101,5.0
8908,234,14,4.5
8909,234,47,4.5
8910,234,113,5.0
8911,234,31,5.0
8912,234,83,5.0
8913,234,61,4.5
8914,234,23,5.0
8915,234,9,5.0
8916,234,59,4.5
8917,234,88,5.0
8918,234,28,4.0
8919,234,26,4.0
8920,234,57,5.0
8921,234,132,3.5
8922,234,92,5.0
8923,234,94,4.0
8924,234,121,4.0
8925,234,73,3.0
8926,234,84,4.0
8927,234,75,5.0
8928,234,24,5.0
8929,234,108,4.5
8930,234,4,5.0
8931,234,42,4.0
8932,234,111,5.0
8933,234,125,3.5
8934,234,20,4.0
8935,234,74,3.5
8936,234,114,4.5
8937,234,79,5.0
8938,234,115,5.0
8939,234,95,3.0
8940,234,53,4.0
8941,234,22,4.5
8942,234,13,5.0
8943,234,116,4.0
8944,235,85,4.5
8945,235,64,4.5
8946,235,120,3.5
8947,235,128,3.5
8948,235,29,5.0
8949,235,55,5.0
8950,235,126,4.5
8951,235,84,5.0
8952,235,36,4.0
8953,235,133,5.0
8954,235,63,4.0
8955,235,34,4.0
8956,235,39,5.0
8957,235,8,5.0
8958,235,26,4.5
8959,235,35,3.5
8960,235,94,3.5
8961,235,102,4.5
8962,236,48,3.5
8963,236,61,5.0
8964,236,101,4.0
8965,236,16,4.5
8966,236,11,4.5
8967,236,52,5.0
8968,236,5,5.0
8969,236,36,4.0
8970,236,126,5.0
8971,236,39,5.0
8972,236,31,4.5
8973,236,119,4.5
8974,236,50,4.5
8975,236,83,5.0
8976,236,130,5.0
8977,236,105,4.5
8978,236,74,4.5
8979,236,110,4.5
8980,236,102,4.5
8981,236,118,5.0
8982,236,42,4.5
8983,236,15,5.0
8984,236,59,4.5
8985,236,9,5.0
8986,236,45,5.0
8987,236,107,5.0
8988,236,21,5.0
8989,236,27,4.5
8990,236,94,3.5
8991,236,115,4.0
8992,236,12,5.0
8993,236,3,5.0
8994,236,100,5.0
8995,236,20,4.5
8996,236,121,4.0
8997,236,123,5.0
8998,236,22,5.0
8999,237,11,5.0
9000,237,31,5.0
9001,237,9,4.5
9002,237,115,4.0
9003,237,35,3.5
9004,237,88,4.5
9005,237,113,4.5
9006,237,120,4.5
9007,237,32,4.5
9008,237,26,5.0
9009,237,119,4.0
9010,237,80,4.5
9011,237,96,3.5
9012,237,94,4.0
9013,237,28,5.0
9014,237,5,4.5
9015,237,38,4.5
9016,237,74,5.0
9017,237,25,4.5
9018,237,56,4.5
9019,237,49,5.0
9020,237,44,5.0
9021,237,27,5.0
9022,237,69,5.0
9023,237,2,5.0
9024,237,85,4.5
9025,238,1,5.0
9026,238,55,4.5
9027,238,89,5.0
9028,238,33,4.5
9029,238,128,4.0
9030,238,5,5.0
9031,238,25,5.0
9032,238,59,5.0
9033,238,117,4.5
9034,238,31,5.0
9035,238,37,5.0
9036,238,71,5.0
9037,238,49,4.0
9038,238,109,4.5
9039,238,92,4.5
9040,238,84,5.0
9041,238,94,4.0
9042,238,100,4.0
9043,238,79,4.5
9044,239,6,4.5
9045,239,106,4.5
9046,239,59,5.0
9047,239,34,5.0
9048,239,33,5.0
9049,239,73,3.0
9050,239,28,4.5
9051,239,44,5.0
9052,239,41,5.0
9053,239,131,5.0
9054,239,122,5.0
9055,239,111,5.0
9056,239,21,5.0
9057,239,133,5.0
9058,239,113,3.5
9059,239,88,4.0
9060,239,81,5.0
9061,239,83,4.0
9062,239,1,5.0
9063,239,29,5.0
9064,239,90,4.5
9065,239,91,4.5
9066,239,123,5.0
9067,239,37,5.0
9068,239,5,5.0
9069,239,32,4.5
9070,239,8,4.5
9071,239,16,5.0
9072,239,3,5.0
9073,239,79,5.0
9074,239,47,4.5
9075,239,52,4.5
9076,239,64,5.0
9077,239,129,5.0
9078,239,99,5.0
9079,239,82,4.5
9080,239,58,5.0
9081,239,48,5.0
9082,239,55,5.0
9083,239,40,4.0
9084,239,80,5.0
9085,239,9,5.0
9086,239,97,4.0
9087,239,57,5.0
9088,239,76,4.5
9089,239,87,4.5
9090,239,45,5.0
9091,239,92,4.5
9092,239,112,5.0
9093,239,96,5.0
9094,239,23,4.5
9095,239,109,4.0
9096,240,91,5.0
9097,240,115,4.5
9098,240,110,4.5
9099,240,132,3.5
9100,240,65,5.0
9101,240,128,2.5
9102,240,8,4.0
9103,240,27,3.5
9104,240,16,4.5
9105,240,72,5.0
9106,240,1,5.0
9107,240,43,5.0
9108,240,26,3.5
9109,240,86,4.5
9110,240,103,4.0
9111,240,112,5.0
9112,240,100,4.5
9113,240,122,5.0
9114,240,78,4.5
9115,240,52,5.0
9116,240,21,4.5
9117,240,106,4.0
9118,240,104,4.5
9119,240,57,4.5
9120,240,33,4.5
9121,240,108,5.0
9122,240,56,3.5
9123,240,51,5.0
9124,240,109,4.0
9125,240,20,3.5
9126,240,11,4.0
9127,240,46,4.5
9128,240,75,4.0
9129,240,9,5.0
9130,240,68,5.0
9131,240,31,4.5
9132,240,18,3.5
9133,240,90,4.0
9134,240,61,5.0
9135,240,3,4.5
9136,240,5,5.0
9137,240,129,4.5
9138,240,35,4.0
9139,240,133,5.0
9140,240,54,5.0
9141,240,55,5.0
9142,240,13,5.0
9143,240,40,4.5
9144,240,123,5.0
9145,240,81,5.0
9146,240,76,5.0
9147,240,4,5.0
9148,240,101,5.0
9149,240,15,5.0
9150,240,7,4.5
9151,240,58,4.0
9152,240,84,4.5
9153,240,63,5.0
9154,241,18,3.5
9155,241,68,5.0
9156,241,43,5.0
9157,241,111,4.5
9158,241,36,4.5
9159,241,7,5.0
9160,241,55,4.0
9161,241,120,5.0
9162,241,14,5.0
9163,241,132,5.0
9164,241,118,4.0
9165,241,44,5.0
9166,241,28,4.5
9167,241,23,4.0
9168,241,106,3.5
9169,242,130,4.5
9170,242,115,5.0
9171,242,38,4.0
9172,242,29,5.0
9173,242,22,5.0
9174,242,114,5.0
9175,242,6,5.0
9176,242,94,4.0
9177,242,108,5.0
9178,242,69,5.0
9179,242,65,5.0
9180,242,81,5.0
9181,242,76,5.0
9182,242,132,3.5
9183,242,119,5.0
9184,242,85,4.0
9185,242,66,4.0
9186,242,4,4.0
9187,242,105,4.0
9188,242,106,4.0
9189,242,109,4.5
9190,242,10,4.5
9191,242,70,4.5
9192,242,52,4.0
9193,242,34,5.0
9194,242,39,4.5
9195,242,125,5.0
9196,242,18,3.5
9197,242,21,5.0
9198,242,98,4.5
9199,242,16,4.5
9200,242,58,5.0
9201,242,46,5.0
9202,242,67,5.0
9203,242,118,4.5
9204,242,95,3.5
9205,242,30,4.5
9206,242,74,5.0
9207,242,57,5.0
9208,242,124,4.0
9209,242,48,5.0
9210,242,96,5.0
9211,242,2,5.0
9212,242,112,4.5
9213,242,23,4.0
9214,242,8,4.5
9215,242,117,4.5
9216,243,102,5.0
9217,243,47,5.0
9218,243,75,4.5
9219,243,12,5.0
9220,243,108,4.5
9221,243,73,4.0
9222,243,97,5.0
9223,243,50,4.0
9224,243,70,4.5
9225,243,32,4.5
9226,243,93,4.5
9227,243,34,5.0
9228,243,120,4.5
9229,243,79,5.0
9230,243,55,5.0
9231,243,4,5.0
9232,243,35,4.5
9233,243,58,5.0
9234,243,66,5.0
9235,243,40,4.0
9236,243,20,3.0
9237,243,9,4.5
9238,243,57,4.5
9239,243,2,5.0
9240,243,114,4.5
9241,243,72,4.5
9242,243,44,5.0
9243,243,14,4.0
9244,243,127,4.5
9245,243,19,5.0
9246,243,21,5.0
9247,243,46,5.0
9248,243,132,5.0
9249,243,98,4.5
9250,243,125,5.0
9251,243,81,4.0
9252,243,53,5.0
9253,243,36,4.5
9254,243,126,3.5
9255,243,96,4.0
9256,243,17,5.0
9257,243,1,5.0
9258,243,65,4.0
9259,243,74,4.5
9260,243,29,5.0
9261,243,118,4.0
9262,243,69,5.0
9263,243,52,5.0
9264,243,88,4.0
9265,243,92,4.5
9266,243,30,5.0
9267,243,121,3.5
9268,244,17,4.5
9269,244,133,5.0
9270,244,33,4.5
9271,244,67,4.0
9272,244,11,5.0
9273,244,1,5.0
9274,244,103,5.0
9275,244,60,4.5
9276,244,107,5.0
9277,244,71,4.0
9278,244,19,4.5
9279,244,13,4.0
9280,244,35,3.0
9281,244,130,4.5
9282,244,57,4.5
9283,244,122,4.5
9284,244,53,4.0
9285,244,131,4.0
9286,244,109,5.0
9287,244,14,4.0
9288,244,101,5.0
9289,244,29,4.5
9290,244,108,5.0
9291,244,42,5.0
9292,244,80,5.0
9293,244,24,5.0
9294,244,51,5.0
9295,244,81,4.0
9296,244,49,4.5
9297,244,34,5.0
9298,244,70,4.0
9299,244,55,4.5
9300,244,79,5.0
9301,244,85,4.5
9302,244,69,4.5
9303,244,110,4.5
9304,244,32,4.5
9305,244,90,4.5
9306,244,75,4.5
9307,244,112,4.5
9308,244,97,4.5
9309,244,99,4.0
9310,244,125,4.0
9311,244,120,4.5
9312,244,40,5.0
9313,245,65,5.0
9314,245,46,3.5
9315,245,13,5.0
9316,245,76,5.0
9317,245,97,4.5
9318,245,130,4.5
9319,245,71,4.0
9320,245,101,5.0
9321,245,116,4.5
9322,245,95,4.0
9323,245,111,5.0
9324,245,72,5.0
9325,245,79,4.5
9326,245,56,4.5
9327,245,121,4.5
9328,245,64,5.0
9329,245,53,4.0
9330,245,7,5.0
9331,245,42,5.0
9332,245,102,4.0
9333,245,120,5.0
9334,245,34,4.0
9335,245,21,4.0
9336,245,2,5.0
9337,245,105,5.0
9338,245,115,4.0
9339,245,40,4.5
9340,245,41,5.0
9341,245,55,5.0
9342,245,47,5.0
9343,245,63,5.0
9344,245,129,5.0
9345,245,57,5.0
9346,245,44,4.5
9347,245,69,5.0
9348,245,4,4.5
9349,245,74,4.0
9350,245,58,4.5
9351,245,108,5.0
9352,245,107,5.0
9353,245,29,5.0
9354,245,25,5.0
9355,245,134,4.0
9356,245,78,5.0
9357,245,99,4.0
9358,245,106,5.0
9359,245,17,4.5
9360,245,32,4.5
9361,245,48,5.0
9362,245,113,4.5
9363,245,52,3.5
9364,245,49,4.0
9365,246,70,4.5
9366,246,115,5.0
9367,246,35,3.5
9368,246,105,4.0
9369,246,68,5.0
9370,246,43,4.0
9371,246,109,4.0
9372,246,20,5.0
9373,246,38,5.0
9374,246,29,4.5
9375,246,14,5.0
9376,246,53,4.5
9377,246,65,5.0
9378,246,59,5.0
9379,246,123,4.5
9380,247,84,4.0
9381,247,65,4.5
9382,247,93,4.0
9383,247,69,5.0
9384,247,13,5.0
9385,247,9,5.0
9386,247,110,5.0
9387,247,33,4.0
9388,247,40,4.5
9389,247,134,5.0
9390,247,48,3.5
9391,247,37,4.5
9392,247,125,5.0
9393,247,60,3.5
9394,247,44,4.5
9395,247,95,5.0
9396,247,19,5.0
9397,247,112,5.0
9398,247,26,4.5
9399,247,109,4.5
9400,247,113,5.0
9401,247,10,5.0
9402,247,15,5.0
9403,247,18,5.0
9404,247,25,5.0
9405,247,20,4.5
9406,247,92,5.0
9407,247,58,5.0
9408,247,123,4.5
9409,247,99,5.0
9410,247,131,4.0
9411,247,79,4.5
9412,247,98,5.0
9413,247,119,5.0
9414,247,94,4.5
9415,247,63,4.5
9416,247,88,3.5
9417,247,80,5.0
9418,247,100,4.5
9419,247,11,5.0
9420,247,107,4.5
9421,247,57,4.0
9422,247,51,5.0
9423,247,27,5.0
9424,247,32,5.0
9425,247,86,5.0
9426,247,38,4.5
9427,248,93,5.0
9428,248,67,5.0
9429,248,68,4.5
9430,248,110,4.5
9431,248,14,5.0
9432,248,54,5.0
9433,248,134,5.0
9434,248,89,3.5
9435,248,9,3.5
9436,248,61,4.5
9437,248,78,4.5
9438,248,80,4.5
9439,248,28,5.0
9440,248,58,5.0
9441,248,91,4.0
9442,248,101,4.5
9443,248,71,3.5
9444,248,130,5.0
9445,248,2,5.0
9446,248,83,5.0
9447,248,88,4.5
9448,248,84,5.0
9449,248,97,4.0
9450,248,103,4.0
9451,248,128,4.5
9452,248,86,5.0
9453,248,42,5.0
9454,248,31,5.0
9455,248,115,4.5
9456,248,77,5.0
9457,248,16,5.0
9458,248,19,4.0
9459,248,69,4.5
9460,248,59,4.0
9461,248,65,5.0
9462,248,66,5.0
9463,248,85,5.0
9464,248,33,5.0
9465,248,102,4.5
9466,248,95,4.5
9467,248,50,5.0
9468,248,123,5.0
9469,248,73,2.5
9470,248,75,4.5
9471,248,55,4.5
9472,248,76,5.0
9473,248,132,4.5
9474,248,99,5.0
9475,248,20,3.5
9476,248,105,4.0
9477,248,8,5.0
9478,248,40,4.5
9479,248,41,5.0
9480,248,62,4.5
9481,248,120,3.5
9482,248,18,4.0
9483,248,81,5.0
9484,249,16,5.0
9485,249,61,5.0
9486,249,75,4.5
9487,249,82,5.0
9488,249,63,4.5
9489,249,22,5.0
9490,249,13,5.0
9491,249,101,5.0
9492,249,62,3.5
9493,249,36,5.0
9494,249,54,4.5
9495,249,127,4.5
9496,249,97,5.0
9497,249,99,5.0
9498,249,110,5.0
9499,249,71,3.0
9500,249,83,5.0
9501,249,18,4.0
9502,249,25,4.5
9503,249,41,5.0
9504,249,40,5.0
9505,249,53,4.0
9506,249,111,3.5
9507,249,76,4.5
9508,249,115,5.0
9509,249,107,5.0
9510,249,87,5.0
9511,249,102,5.0
9512,249,128,3.0
9513,249,5,4.5
9514,249,1,5.0
9515,249,26,4.5
9516,249,94,4.0
9517,250,69,5.0
9518,250,121,4.0
9519,250,11,5.0
9520,250,4,4.5
9521,250,95,4.0
9522,250,50,4.5
9523,250,111,5.0
9524,250,54,4.5
9525,250,71,5.0
9526,250,26,4.0
9527,250,38,4.0
9528,250,126,5.0
9529,250,19,4.0
9530,250,49,4.0
9531,250,134,5.0
9532,250,93,4.0
9533,250,73,5.0
9534,250,118,4.5
9535,250,80,4.5
9536,250,52,4.5
9537,250,21,5.0
9538,250,129,4.0
9539,250,78,4.5
9540,250,59,5.0
9541,250,101,5.0
9542,250,2,5.0
9543,250,68,4.5
9544,250,30,5.0
9545,250,70,5.0
9546,250,56,4.5
9547,250,72,4.0
9548,250,104,5.0
9549,250,67,4.5
9550,250,82,4.5
9551,250,117,4.5
9552,250,16,5.0
9553,250,61,5.0
9554,250,108,4.5
9555,250,88,4.0
9556,250,85,4.0
9557,250,83,4.0
9558,250,63,4.5
9559,250,79,4.0
9560,250,10,4.5
9561,250,47,5.0
9562,250,131,4.0
9563,250,48,5.0
9564,250,76,5.0
9565,250,55,5.0
9566,250,24,4.5
9567,250,90,4.0
9568,250,128,2.5
9569,251,69,4.5
9570,251,34,5.0
9571,251,27,5.0
9572,251,89,5.0
9573,251,76,4.5
9574,251,96,5.0
9575,251,125,5.0
9576,251,107,5.0
9577,251,127,5.0
9578,251,6,4.5
9579,251,41,5.0
9580,251,56,4.0
9581,251,100,4.5
9582,251,65,5.0
9583,251,17,3.5
9584,251,1,5.0
9585,251,109,5.0
9586,251,74,4.5
9587,251,19,5.0
9588,251,120,5.0
9589,251,118,4.5
9590,251,112,5.0
9591,251,47,5.0
9592,251,64,5.0
9593,251,126,5.0
9594,251,119,4.5
9595,251,91,5.0
9596,251,117,4.0
9597,251,3,5.0
9598,251,94,4.5
9599,251,7,5.0
9600,251,9,3.5
9601,251,81,4.0
9602,251,52,4.0
9603,251,29,5.0
9604,251,108,5.0
9605,251,44,4.5
9606,251,53,4.5
9607,252,28,5.0
9608,252,23,5.0
9609,252,81,5.0
9610,252,48,4.0
9611,252,110,4.0
9612,252,21,5.0
9613,252,12,5.0
9614,252,96,5.0
9615,252,47,4.5
9616,252,30,5.0
9617,252,122,4.5
9618,252,105,5.0
9619,252,111,5.0
9620,252,102,5.0
9621,252,57,5.0
9622,252,7,5.0
9623,252,106,4.5
9624,252,73,2.0
9625,252,18,5.0
9626,252,26,5.0
9627,252,6,4.5
9628,252,5,5.0
9629,252,60,5.0
9630,252,10,5.0
9631,252,104,5.0
9632,252,56,4.5
9633,252,76,4.5
9634,252,41,5.0
9635,252,88,4.5
9636,252,2,4.0
9637,252,1,4.0
9638,252,62,5.0
9639,252,33,5.0
9640,252,90,5.0
9641,252,84,5.0
9642,252,128,4.0
9643,252,65,5.0
9644,252,74,4.0
9645,252,40,4.5
9646,252,72,5.0
9647,252,92,5.0
9648,252,42,4.0
9649,252,101,5.0
9650,252,38,4.5
9651,253,70,4.0
9652,253,112,5.0
9653,253,10,4.5
9654,253,110,5.0
9655,253,115,4.5
9656,253,50,5.0
9657,253,57,5.0
9658,253,127,5.0
9659,253,92,4.0
9660,253,33,4.5
9661,253,130,4.0
9662,253,39,5.0
9663,253,120,5.0
9664,253,134,5.0
9665,253,65,4.5
9666,253,25,4.0
9667,253,71,4.0
9668,253,123,4.0
9669,253,23,5.0
9670,253,41,4.5
9671,253,103,4.5
9672,253,30,5.0
9673,253,49,5.0
9674,253,114,3.5
9675,253,81,5.0
9676,253,109,5.0
9677,253,117,5.0
9678,253,52,5.0
9679,253,18,4.0
9680,253,121,5.0
9681,253,7,5.0
9682,253,43,4.5
9683,253,111,4.5
9684,253,104,4.5
9685,253,58,5.0
9686,253,128,3.0
9687,253,36,4.5
9688,253,91,5.0
9689,253,101,5.0
9690,253,51,3.5
9691,254,46,4.5
9692,254,1,4.0
9693,254,22,5.0
9694,254,35,4.5
9695,254,47,4.5
9696,254,113,5.0
9697,254,81,5.0
9698,254,101,5.0
9699,254,102,4.5
9700,254,116,4.0
9701,254,73,3.5
9702,254,134,4.5
9703,254,112,5.0
9704,254,8,5.0
9705,254,2,5.0
9706,254,21,5.0
9707,254,111,5.0
9708,254,54,5.0
9709,254,98,5.0
9710,254,104,4.5
9711,254,90,5.0
9712,254,7,5.0
9713,254,11,4.5
9714,254,41,4.5
9715,254,15,5.0
9716,254,44,5.0
9717,254,28,5.0
9718,254,93,4.0
9719,254,24,5.0
9720,254,45,5.0
9721,254,103,4.0
9722,254,84,5.0
9723,254,88,5.0
9724,254,126,4.0
9725,254,76,4.5
9726,254,34,5.0
9727,254,57,4.5
9728,254,82,5.0
9729,254,80,4.0
9730,254,109,4.5
9731,254,5,5.0
9732,254,125,4.5
9733,254,37,5.0
9734,254,6,5.0
9735,254,64,5.0
9736,254,13,4.5
9737,254,107,4.5
9738,254,25,5.0
9739,254,17,3.5
9740,254,60,5.0
9741,254,77,4.5
9742,254,71,5.0
9743,254,129,5.0
9744,254,123,3.5
9745,254,100,3.5
9746,254,130,4.5
9747,254,4,5.0
9748,254,30,5.0
9749,255,50,5.0
9750,255,74,4.5
9751,255,79,4.5
9752,255,96,5.0
9753,255,58,5.0
9754,255,6,4.5
9755,255,1,4.5
9756,255,51,5.0
9757,255,63,5.0
9758,255,59,4.5
9759,255,49,5.0
9760,255,98,5.0
9761,255,109,3.5
9762,255,122,5.0
9763,255,21,4.5
9764,255,43,4.5
9765,255,42,5.0
9766,255,2,4.5
9767,255,28,5.0
9768,255,120,4.5
9769,255,82,4.5
9770,255,45,5.0
9771,255,107,4.0
9772,255,117,4.0
9773,255,10,4.5
9774,255,64,4.5
9775,255,116,4.5
9776,255,124,4.5
9777,255,41,5.0
9778,255,33,5.0
9779,255,17,4.0
9780,255,127,4.0
9781,255,24,4.5
9782,255,37,5.0
9783,255,14,5.0
9784,255,125,4.0
9785,255,69,5.0
9786,255,105,4.5
9787,255,102,5.0
9788,255,75,4.5
9789,255,8,4.5
9790,255,81,5.0
9791,255,131,4.5
9792,255,85,5.0
9793,255,133,5.0
9794,255,20,4.5
9795,255,29,4.5
9796,255,88,4.0
9797,255,40,5.0
9798,255,119,4.5
9799,255,13,5.0
9800,255,9,4.0
9801,255,111,5.0
9802,255,5,5.0
9803,255,90,5.0
9804,255,129,4.5
9805,255,54,4.5
9806,256,44,4.5
9807,256,18,4.0
9808,256,91,5.0
9809,256,32,4.5
9810,256,126,5.0
9811,256,2,5.0
9812,256,94,4.5
9813,256,73,3.5
9814,256,13,5.0
9815,256,56,5.0
9816,256,14,5.0
9817,256,99,4.0
9818,256,15,4.5
9819,256,65,4.0
9820,256,125,4.5
9821,256,28,5.0
9822,256,69,4.5
9823,256,48,4.5
9824,256,43,4.5
9825,256,71,4.5
9826,256,115,5.0
9827,256,11,4.5
9828,256,128,3.0
9829,256,76,5.0
9830,256,41,5.0
9831,256,127,4.5
9832,256,96,4.0
9833,256,60,5.0
9834,256,89,5.0
9835,256,61,5.0
9836,256,22,4.5
9837,256,132,3.0
9838,256,106,4.5
9839,256,130,5.0
9840,256,49,5.0
9841,256,72,4.5
9842,256,67,4.5
9843,256,6,5.0
9844,256,103,4.5
9845,256,7,5.0
9846,256,134,5.0
9847,256,31,4.5
9848,256,62,4.5
9849,256,118,5.0
9850,256,90,5.0
9851,256,78,3.5
9852,256,119,5.0
9853,256,9,5.0
9854,256,114,5.0
9855,256,100,4.5
9856,256,102,5.0
9857,256,20,5.0
9858,256,66,5.0
9859,256,75,4.5
9860,256,92,5.0
9861,256,23,4.5
9862,256,82,5.0
9863,257,51,5.0
9864,257,1,5.0
9865,257,15,5.0
9866,257,89,5.0
9867,257,60,5.0
9868,257,113,4.5
9869,257,117,4.5
9870,257,59,5.0
9871,257,46,4.5
9872,257,134,5.0
9873,257,116,5.0
9874,257,75,5.0
9875,257,13,5.0
9876,257,79,4.5
9877,257,69,5.0
9878,257,29,4.5
9879,257,17,3.0
9880,257,99,5.0
9881,257,10,5.0
9882,257,88,4.5
9883,257,3,5.0
9884,257,84,4.5
9885,257,21,5.0
9886,257,77,4.5
9887,257,12,5.0
9888,257,54,5.0
9889,257,115,4.5
9890,257,105,5.0
9891,257,108,4.0
9892,257,96,4.5
9893,257,124,4.5
9894,257,61,5.0
9895,257,39,4.0
9896,257,49,4.5
9897,257,78,4.5
9898,257,6,4.5
9899,257,112,5.0
9900,257,123,5.0
9901,257,107,4.5
9902,257,68,5.0
9903,258,49,5.0
9904,258,58,5.0
9905,258,107,5.0
9906,258,89,4.5
9907,258,3,4.0
9908,258,78,4.0
9909,258,97,4.5
9910,258,22,5.0
9911,258,59,4.5
9912,258,25,5.0
9913,258,17,5.0
9914,258,109,5.0
9915,258,127,5.0
9916,258,50,4.5
9917,258,18,5.0
9918,258,56,4.5
9919,258,113,4.5
9920,258,132,3.5
9921,258,16,4.5
9922,258,12,4.5
9923,258,38,4.5
9924,258,19,5.0
9925,258,33,5.0
9926,258,28,3.5
9927,258,101,5.0
9928,258,53,5.0
9929,258,86,5.0
9930,258,120,3.5
9931,258,95,3.5
9932,258,44,4.5
9933,258,84,4.0
9934,258,72,5.0
9935,258,90,4.0
9936,258,42,5.0
9937,258,35,3.5
9938,258,87,3.5
9939,258,20,4.5
9940,258,13,4.5
9941,258,99,4.5
9942,258,66,5.0
9943,258,106,3.5
9944,258,82,4.0
9945,258,6,5.0
9946,258,69,4.0
9947,258,64,5.0
9948,258,77,3.5
9949,258,88,3.5
9950,258,80,3.5
9951,258,128,2.5
9952,258,96,5.0
9953,258,123,4.5
9954,258,118,5.0
9955,258,93,5.0
9956,259,98,4.0
9957,259,17,4.5
9958,259,111,4.0
9959,259,54,5.0
9960,259,72,5.0
9961,259,33,5.0
9962,259,21,5.0
9963,259,23,5.0
9964,259,44,5.0
9965,259,37,4.5
9966,259,48,5.0
9967,259,3,5.0
9968,259,69,5.0
9969,259,90,5.0
9970,259,117,5.0
9971,259,2,5.0
9972,259,74,5.0
9973,259,43,5.0
9974,259,108,4.5
9975,259,80,5.0
9976,259,40,4.0
9977,259,66,4.0
9978,259,12,5.0
9979,259,105,4.5
9980,259,126,4.5
9981,259,24,5.0
9982,259,134,4.0
9983,259,52,5.0
9984,259,77,5.0
9985,259,19,4.5
9986,259,42,4.0
9987,259,101,4.0
9988,259,124,4.5
9989,259,118,5.0
9990,259,49,5.0
9991,259,51,5.0
9992,259,39,5.0
9993,259,58,3.5
9994,259,109,5.0
9995,259,15,4.5
9996,259,31,4.5
9997,259,119,5.0
9998,259,59,5.0
9999,259,36,4.0
10000,259,18,3.5
10001,259,94,5.0
10002,259,102,5.0
10003,260,67,5.0
10004,260,69,3.5
10005,260,128,2.5
10006,260,13,4.5
10007,260,29,5.0
10008,260,132,4.0
10009,260,50,4.5
10010,260,83,4.5
10011,260,124,5.0
10012,260,21,4.5
10013,260,112,3.0
10014,260,127,4.5
10015,260,120,5.0
10016,260,105,5.0
10017,260,87,4.0
10018,260,4,5.0
10019,260,89,5.0
10020,260,68,4.5
10021,260,53,5.0
10022,260,102,5.0
10023,260,44,5.0
10024,260,113,4.0
10025,260,95,3.5
10026,260,106,5.0
10027,260,19,5.0
10028,260,130,5.0
10029,260,57,5.0
10030,260,60,3.5
10031,260,58,5.0
10032,260,17,4.5
10033,260,74,5.0
10034,260,56,4.0
10035,260,52,4.5
10036,260,88,4.5
10037,260,42,5.0
10038,260,116,4.5
10039,260,25,4.5
10040,260,98,5.0
10041,260,107,4.5
10042,260,1,4.0
10043,260,15,4.0
10044,260,36,5.0
10045,260,8,5.0
10046,260,123,5.0
10047,261,125,3.0
10048,261,64,5.0
10049,261,89,5.0
10050,261,33,3.5
10051,261,96,5.0
10052,261,91,4.5
10053,261,55,4.5
10054,261,117,4.5
10055,261,31,5.0
10056,261,19,5.0
10057,261,22,4.0
10058,261,20,5.0
10059,261,82,5.0
10060,261,132,3.0
10061,261,99,5.0
10062,261,105,4.0
10063,261,57,3.0
10064,261,30,4.0
10065,261,90,4.0
10066,261,79,3.0
10067,261,25,4.0
10068,261,67,4.5
10069,261,78,3.5
10070,261,112,4.0
10071,261,23,4.5
10072,261,1,4.0
10073,261,37,4.5
10074,261,47,5.0
10075,261,61,5.0
10076,261,121,5.0
10077,261,119,5.0
10078,261,101,5.0
10079,261,29,5.0
10080,261,103,4.5
10081,261,46,5.0
10082,261,102,4.5
10083,261,17,4.5
10084,261,127,5.0
10085,261,128,3.0
10086,261,130,4.5
10087,261,12,5.0
10088,261,65,5.0
10089,261,45,4.5
10090,261,5,5.0
10091,261,106,4.0
10092,261,51,4.5
10093,261,94,4.0
10094,261,7,4.5
10095,261,71,5.0
10096,261,59,3.0
10097,261,6,4.5
10098,261,66,4.5
10099,261,24,4.5
10100,261,50,4.0
10101,261,111,5.0
10102,262,55,4.5
10103,262,96,5.0
10104,262,13,4.5
10105,262,100,4.5
10106,262,63,4.5
10107,262,123,4.5
10108,262,130,4.0
10109,262,9,4.5
10110,262,110,5.0
10111,262,83,3.5
10112,262,15,4.5
10113,262,69,4.5
10114,262,8,4.5
10115,262,35,3.5
10116,262,51,5.0
10117,262,88,4.0
10118,262,102,4.5
10119,262,128,3.0
10120,262,36,5.0
10121,262,14,5.0
10122,262,106,5.0
10123,262,31,5.0
10124,262,1,5.0
10125,262,117,5.0
10126,262,86,5.0
10127,262,41,5.0
10128,262,30,5.0
10129,262,72,4.5
10130,262,40,4.0
10131,262,99,4.5
10132,262,16,5.0
10133,262,84,4.5
10134,262,107,4.0
10135,262,42,3.5
10136,262,20,5.0
10137,262,2,4.5
10138,263,48,4.5
10139,263,16,4.5
10140,263,123,4.5
10141,263,1,4.0
10142,263,36,4.5
10143,263,5,5.0
10144,263,65,5.0
10145,263,22,4.0
10146,263,56,4.5
10147,263,125,5.0
10148,263,21,5.0
10149,263,86,5.0
10150,263,2,4.5
10151,263,10,4.5
10152,263,80,4.0
10153,263,111,5.0
10154,263,84,5.0
10155,263,64,4.5
10156,263,13,3.5
10157,263,18,3.5
10158,263,94,4.0
10159,263,85,4.0
10160,263,12,4.5
10161,263,20,5.0
10162,263,40,3.5
10163,263,121,5.0
10164,263,26,4.5
10165,263,74,5.0
10166,263,32,4.0
10167,263,97,4.5
10168,263,92,5.0
10169,263,126,5.0
10170,263,120,5.0
10171,263,52,4.5
10172,263,60,5.0
10173,263,69,5.0
10174,263,73,3.0
10175,264,86,5.0
10176,264,47,5.0
10177,264,60,5.0
10178,264,32,4.5
10179,264,38,4.5
10180,264,12,5.0
10181,264,41,5.0
10182,264,16,5.0
10183,264,76,4.5
10184,264,9,5.0
10185,264,46,4.5
10186,264,108,5.0
10187,264,4,4.5
10188,264,100,4.5
10189,264,45,5.0
10190,264,63,4.5
10191,264,104,4.5
10192,264,49,5.0
10193,264,35,3.5
10194,264,37,5.0
10195,264,73,4.0
10196,264,82,5.0
10197,264,59,4.5
10198,264,103,4.5
10199,264,115,4.5
10200,264,62,5.0
10201,264,1,4.0
10202,264,92,4.5
10203,264,7,4.5
10204,264,123,4.5
10205,264,18,4.5
10206,264,54,5.0
10207,264,72,4.5
10208,264,132,4.0
10209,264,51,3.5
10210,264,40,4.5
10211,264,99,5.0
10212,264,70,4.0
10213,264,134,4.5
10214,264,56,4.5
10215,264,64,4.5
10216,264,52,5.0
10217,264,39,5.0
10218,264,74,5.0
10219,264,58,4.5
10220,264,126,3.5
10221,264,90,5.0
10222,264,98,4.5
10223,264,129,5.0
10224,264,111,5.0
10225,264,26,5.0
10226,264,50,3.5
10227,264,120,4.5
10228,264,55,5.0
10229,264,5,4.0
10230,265,63,4.5
10231,265,67,4.0
10232,265,71,5.0
10233,265,116,4.0
10234,265,73,3.0
10235,265,58,4.0
10236,265,70,4.0
10237,265,113,4.0
10238,265,53,5.0
10239,265,34,3.5
10240,265,3,4.0
10241,265,68,5.0
10242,265,98,5.0
10243,265,87,5.0
10244,265,108,5.0
10245,265,85,4.5
10246,265,90,5.0
10247,265,72,5.0
10248,265,22,4.5
10249,265,19,4.0
10250,265,29,4.0
10251,265,7,5.0
10252,265,76,4.5
10253,265,43,4.5
10254,265,65,4.5
10255,265,54,5.0
10256,265,17,4.5
10257,265,78,4.5
10258,265,93,4.0
10259,265,62,5.0
10260,265,106,3.5
10261,265,28,4.0
10262,265,74,4.5
10263,265,86,5.0
10264,265,69,5.0
10265,265,83,3.5
10266,265,133,4.0
10267,265,75,5.0
10268,265,35,3.5
10269,265,13,4.0
10270,265,32,5.0
10271,265,21,5.0
10272,265,14,4.5
10273,265,2,5.0
10274,265,102,4.5
10275,265,129,4.5
10276,265,120,5.0
10277,265,8,5.0
10278,265,23,5.0
10279,265,15,4.5
10280,265,105,5.0
10281,265,6,5.0
10282,265,84,5.0
10283,266,53,4.5
10284,266,76,5.0
10285,266,47,4.0
10286,266,49,4.5
10287,266,105,4.5
10288,266,41,4.0
10289,266,35,3.0
10290,266,9,5.0
10291,266,64,5.0
10292,266,50,4.5
10293,266,80,5.0
10294,266,118,3.0
10295,266,75,4.0
10296,266,68,4.0
10297,266,54,5.0
10298,266,28,4.0
10299,266,5,4.5
10300,266,78,5.0
10301,267,23,5.0
10302,267,125,4.0
10303,267,113,4.5
10304,267,74,5.0
10305,267,17,4.5
10306,267,120,5.0
10307,267,68,4.5
10308,267,25,4.0
10309,267,5,5.0
10310,267,39,4.5
10311,267,27,5.0
10312,267,108,5.0
10313,267,41,4.5
10314,267,8,4.5
10315,267,20,5.0
10316,267,30,5.0
10317,267,69,3.0
10318,267,102,5.0
10319,267,117,5.0
10320,267,107,5.0
10321,267,47,5.0
10322,267,7,5.0
10323,267,21,4.5
10324,267,112,5.0
10325,268,32,3.5
10326,268,110,5.0
10327,268,117,3.5
10328,268,94,5.0
10329,268,3,4.5
10330,268,113,4.0
10331,268,133,4.5
10332,268,19,3.5
10333,268,100,5.0
10334,268,62,4.5
10335,268,79,4.0
10336,268,124,4.0
10337,268,45,5.0
10338,268,97,4.0
10339,268,105,4.0
10340,268,41,4.0
10341,268,134,5.0
10342,268,116,4.5
10343,268,96,4.5
10344,268,8,5.0
10345,268,23,4.5
10346,268,36,4.5
10347,268,83,5.0
10348,268,48,4.0
10349,268,27,5.0
10350,268,115,4.0
10351,268,11,5.0
10352,268,114,5.0
10353,268,30,5.0
10354,268,95,4.0
10355,268,75,4.5
10356,268,72,5.0
10357,268,99,5.0
10358,268,34,4.5
10359,268,63,4.5
10360,268,22,5.0
10361,268,31,4.0
10362,268,4,4.5
10363,268,28,5.0
10364,268,35,3.5
10365,268,92,5.0
10366,268,17,4.5
10367,268,6,5.0
10368,268,93,5.0
10369,268,70,3.5
10370,268,38,4.0
10371,268,59,4.5
10372,268,9,4.5
10373,268,104,5.0
10374,268,130,5.0
10375,268,12,5.0
10376,268,88,5.0
10377,268,21,4.5
10378,268,82,5.0
10379,268,91,4.0
10380,268,89,5.0
10381,268,7,3.5
10382,268,111,5.0
10383,268,109,3.5
10384,269,13,4.0
10385,269,125,5.0
10386,269,75,5.0
10387,269,10,4.5
10388,269,58,4.5
10389,269,39,5.0
10390,269,91,4.0
10391,269,14,5.0
10392,269,76,4.5
10393,269,133,5.0
10394,269,80,4.5
10395,269,124,4.0
10396,269,33,4.5
10397,269,89,5.0
10398,269,46,5.0
10399,269,23,3.5
10400,269,77,5.0
10401,269,41,5.0
10402,269,95,4.0
10403,269,114,4.0
10404,269,98,4.5
10405,269,15,4.5
10406,269,64,4.5
10407,269,127,4.5
10408,269,119,5.0
10409,269,110,5.0
10410,269,19,5.0
10411,269,112,4.5
10412,269,50,4.5
10413,269,96,4.0
10414,269,122,4.5
10415,269,32,3.5
10416,269,29,4.0
10417,269,72,5.0
10418,269,59,5.0
10419,269,24,4.0
10420,269,21,5.0
10421,269,3,5.0
10422,269,47,4.5
10423,269,38,4.5
10424,269,20,4.5
10425,269,108,5.0
10426,269,113,4.5
10427,269,49,4.5
10428,270,128,3.5
10429,270,122,4.5
10430,270,82,5.0
10431,270,44,4.0
10432,270,41,4.0
10433,270,92,4.5
10434,270,40,4.5
10435,270,3,4.5
10436,270,54,4.5
10437,270,11,5.0
10438,270,114,4.5
10439,270,52,4.5
10440,270,45,5.0
10441,270,70,4.0
10442,270,125,4.0
10443,270,19,5.0
10444,270,104,5.0
10445,270,78,4.5
10446,270,18,4.5
10447,270,4,4.5
10448,270,84,4.5
10449,270,48,3.5
10450,270,74,4.5
10451,270,93,5.0
10452,270,21,5.0
10453,270,20,5.0
10454,270,76,4.5
10455,270,37,5.0
10456,270,15,4.5
10457,270,10,4.5
10458,270,42,4.5
10459,270,99,5.0
10460,270,53,5.0
10461,270,28,5.0
10462,270,6,5.0
10463,270,109,4.5
10464,270,108,4.0
10465,270,130,5.0
10466,270,97,4.5
10467,270,86,4.5
10468,270,90,5.0
10469,270,75,4.0
10470,270,123,5.0
10471,271,77,4.5
10472,271,3,4.5
10473,271,27,4.5
10474,271,29,5.0
10475,271,84,4.5
10476,271,68,5.0
10477,271,15,4.0
10478,271,50,4.0
10479,271,40,4.5
10480,271,126,5.0
10481,271,97,5.0
10482,271,18,4.5
10483,271,108,4.5
10484,271,122,5.0
10485,271,87,4.5
10486,271,1,5.0
10487,271,6,4.0
10488,271,102,4.5
10489,271,127,5.0
10490,271,23,5.0
10491,271,73,4.5
10492,271,65,4.5
10493,271,64,3.5
10494,271,57,4.0
10495,271,82,5.0
10496,271,129,4.5
10497,271,62,5.0
10498,271,32,4.0
10499,271,41,5.0
10500,271,67,4.0
10501,271,42,3.5
10502,271,100,3.5
10503,271,95,4.0
10504,271,116,5.0
10505,271,110,5.0
10506,271,52,5.0
10507,271,37,4.5
10508,271,99,4.5
10509,271,96,4.5
10510,271,125,4.5
10511,272,105,4.5
10512,272,6,4.5
10513,272,44,4.0
10514,272,1,5.0
10515,272,16,4.0
10516,272,2,5.0
10517,272,90,4.5
10518,272,120,3.0
10519,272,26,5.0
10520,272,96,4.5
10521,272,21,3.5
10522,272,70,4.0
10523,272,132,4.0
10524,272,25,4.5
10525,272,123,5.0
10526,272,51,4.0
10527,272,121,5.0
10528,272,112,4.5
10529,272,13,5.0
10530,272,131,4.0
10531,272,42,4.5
10532,272,81,4.0
10533,272,133,4.0
10534,272,114,3.5
10535,272,104,5.0
10536,272,23,4.5
10537,272,35,4.0
10538,272,32,3.5
10539,272,68,5.0
10540,272,31,5.0
10541,272,71,4.5
10542,272,91,5.0
10543,272,115,5.0
10544,272,46,5.0
10545,272,110,5.0
10546,272,89,5.0
10547,272,124,4.0
10548,272,54,4.0
10549,272,79,4.5
10550,272,22,5.0
10551,272,85,4.5
10552,272,73,3.0
10553,273,58,5.0
10554,273,90,4.0
10555,273,48,4.0
10556,273,119,5.0
10557,273,17,3.5
10558,273,123,4.5
10559,273,84,5.0
10560,273,91,5.0
10561,273,121,4.0
10562,273,98,5.0
10563,273,95,4.0
10564,273,126,4.5
10565,273,133,4.5
10566,273,3,4.0
10567,273,52,4.5
10568,273,115,4.0
10569,273,62,4.5
10570,273,64,3.5
10571,273,50,4.0
10572,273,13,4.5
10573,273,128,2.5
10574,273,6,4.5
10575,273,55,4.5
10576,273,97,4.5
10577,273,81,4.5
10578,273,93,4.5
10579,273,132,2.5
10580,273,106,4.5
10581,273,75,5.0
10582,273,22,4.5
10583,273,1,5.0
10584,273,82,5.0
10585,273,69,4.0
10586,273,67,5.0
10587,273,131,4.5
10588,273,114,3.5
10589,273,35,4.5
10590,273,32,4.0
10591,273,10,4.5
10592,273,80,4.5
10593,273,130,4.5
10594,273,60,4.5
10595,273,78,4.0
10596,273,57,4.0
10597,273,53,5.0
10598,273,15,5.0
10599,273,59,4.5
10600,274,6,4.0
10601,274,1,4.5
10602,274,118,5.0
10603,274,79,5.0
10604,274,128,3.5
10605,274,66,5.0
10606,274,91,3.5
10607,274,88,4.0
10608,274,80,5.0
10609,274,109,5.0
10610,274,74,3.0
10611,274,37,5.0
10612,274,52,5.0
10613,274,36,4.0
10614,274,10,5.0
10615,274,129,4.5
10616,274,25,5.0
10617,274,103,5.0
10618,274,78,5.0
10619,274,117,5.0
10620,274,65,5.0
10621,274,125,4.5
10622,274,39,5.0
10623,274,15,5.0
10624,274,53,4.5
10625,274,60,5.0
10626,274,32,4.0
10627,274,123,5.0
10628,274,59,5.0
10629,274,67,5.0
10630,274,81,5.0
10631,274,44,4.5
10632,274,27,4.0
10633,274,122,4.5
10634,274,94,5.0
10635,274,75,3.5
10636,274,69,5.0
10637,274,98,4.5
10638,274,14,4.5
10639,274,49,4.0
10640,274,38,5.0
10641,274,99,4.5
10642,274,97,5.0
10643,274,4,5.0
10644,274,34,4.5
10645,274,100,4.5
10646,275,89,4.5
10647,275,100,4.5
10648,275,104,3.5
10649,275,27,5.0
10650,275,92,4.0
10651,275,53,4.0
10652,275,5,5.0
10653,275,75,5.0
10654,275,25,4.0
10655,275,67,5.0
10656,275,50,5.0
10657,275,113,4.5
10658,275,76,5.0
10659,275,111,4.5
10660,275,115,4.5
10661,275,14,5.0
10662,275,129,5.0
10663,276,12,4.0
10664,276,101,4.0
10665,276,124,5.0
10666,276,71,5.0
10667,276,88,4.5
10668,276,109,4.0
10669,276,103,4.5
10670,276,105,4.5
10671,276,118,5.0
10672,276,48,4.5
10673,276,22,5.0
10674,276,39,4.5
10675,276,121,4.0
10676,276,5,5.0
10677,276,49,4.5
10678,276,19,5.0
10679,276,133,5.0
10680,276,100,4.0
10681,276,17,4.0
10682,276,15,5.0
10683,276,42,4.5
10684,276,45,5.0
10685,276,79,4.5
10686,277,58,5.0
10687,277,81,4.5
10688,277,2,4.5
10689,277,126,4.5
10690,277,21,5.0
10691,277,36,4.5
10692,277,74,4.5
10693,277,43,5.0
10694,277,94,4.0
10695,277,45,5.0
10696,277,28,4.5
10697,277,14,5.0
10698,277,22,5.0
10699,277,90,4.0
10700,277,107,5.0
10701,277,111,4.5
10702,277,116,4.5
10703,277,77,5.0
10704,277,8,4.5
10705,277,1,4.5
10706,277,95,3.5
10707,277,32,4.0
10708,277,51,4.5
10709,277,17,3.5
10710,277,85,5.0
10711,277,24,5.0
10712,277,12,5.0
10713,277,9,5.0
10714,277,92,5.0
10715,277,100,4.0
10716,277,61,5.0
10717,277,31,4.5
10718,277,105,3.5
10719,277,82,4.5
10720,277,19,5.0
10721,277,101,5.0
10722,277,60,4.5
10723,277,64,4.0
10724,277,130,4.5
10725,277,55,5.0
10726,277,35,4.0
10727,277,69,4.5
10728,277,83,5.0
10729,277,70,4.5
10730,277,113,4.5
10731,277,80,5.0
10732,277,125,5.0
10733,277,72,5.0
10734,277,42,5.0
10735,278,108,5.0
10736,278,22,4.0
10737,278,18,4.5
10738,278,52,5.0
10739,278,62,5.0
10740,278,47,5.0
10741,278,110,4.5
10742,278,120,5.0
10743,278,5,4.0
10744,278,66,3.5
10745,278,61,4.5
10746,278,65,4.0
10747,278,69,5.0
10748,278,114,4.0
10749,278,23,5.0
10750,278,104,5.0
10751,278,117,5.0
10752,278,72,5.0
10753,278,9,4.5
10754,278,46,5.0
10755,278,102,5.0
10756,278,127,4.0
10757,278,130,4.5
10758,278,70,4.0
10759,278,124,4.5
10760,278,26,5.0
10761,278,2,5.0
10762,278,37,4.0
10763,279,58,4.5
10764,279,54,5.0
10765,279,102,5.0
10766,279,35,4.5
10767,279,66,4.5
10768,279,97,4.5
10769,279,111,4.5
10770,279,34,5.0
10771,279,125,4.0
10772,279,116,5.0
10773,279,44,4.0
10774,279,7,5.0
10775,279,79,3.5
10776,279,76,4.0
10777,279,74,5.0
10778,279,75,4.0
10779,279,132,3.0
10780,279,4,5.0
10781,279,89,5.0
10782,279,5,5.0
10783,279,15,4.0
10784,279,123,5.0
10785,279,69,4.0
10786,279,77,4.5
10787,279,71,3.5
10788,279,124,4.0
10789,279,62,5.0
10790,279,30,5.0
10791,279,120,5.0
10792,279,3,5.0
10793,279,112,5.0
10794,279,107,5.0
10795,279,88,4.5
10796,279,91,4.0
10797,280,19,3.5
10798,280,36,4.0
10799,280,77,5.0
10800,280,49,5.0
10801,280,116,4.0
10802,280,21,3.5
10803,280,119,5.0
10804,280,2,4.0
10805,280,128,3.5
10806,280,43,4.0
10807,280,97,4.0
10808,280,75,5.0
10809,280,68,4.5
10810,280,39,5.0
10811,280,118,5.0
10812,280,34,3.5
10813,280,125,4.5
10814,280,104,4.5
10815,280,13,5.0
10816,280,102,4.5
10817,280,35,4.0
10818,280,115,4.0
10819,280,27,4.0
10820,280,55,4.5
10821,280,64,5.0
10822,280,98,4.0
10823,280,129,4.5
10824,280,67,3.5
10825,280,51,4.5
10826,280,107,4.5
10827,280,14,5.0
10828,280,11,5.0
10829,280,24,5.0
10830,280,93,4.5
10831,280,28,4.5
10832,280,82,5.0
10833,280,4,5.0
10834,280,112,5.0
10835,280,122,3.5
10836,280,65,4.5
10837,280,44,5.0
10838,280,56,4.5
10839,280,69,4.5
10840,280,15,4.5
10841,280,103,5.0
10842,280,74,5.0
10843,280,32,5.0
10844,280,79,4.5
10845,280,63,3.5
10846,280,92,4.5
10847,280,90,5.0
10848,280,133,3.5
10849,280,94,4.0
10850,281,35,3.5
10851,281,77,4.0
10852,281,55,5.0
10853,281,119,5.0
10854,281,53,4.5
10855,281,103,4.0
10856,281,18,5.0
10857,281,88,5.0
10858,281,128,2.5
10859,281,98,5.0
10860,281,36,4.5
10861,281,113,4.0
10862,281,21,4.5
10863,281,56,4.5
10864,281,90,4.5
10865,281,131,4.0
10866,281,63,5.0
10867,281,54,4.0
10868,282,92,5.0
10869,282,89,3.0
10870,282,30,3.5
10871,282,26,4.5
10872,282,98,4.0
10873,282,75,4.5
10874,282,64,5.0
10875,282,51,5.0
10876,282,123,5.0
10877,282,87,5.0
10878,282,79,4.0
10879,282,6,5.0
10880,282,85,4.0
10881,282,18,5.0
10882,282,108,5.0
10883,282,66,4.0
10884,282,117,4.0
10885,282,31,5.0
10886,282,61,4.5
10887,282,63,5.0
10888,282,24,4.5
10889,282,59,5.0
10890,282,4,4.0
10891,282,110,4.5
10892,282,21,5.0
10893,282,70,5.0
10894,283,49,5.0
10895,283,1,5.0
10896,283,35,4.5
10897,283,126,4.5
10898,283,55,5.0
10899,283,3,5.0
10900,283,68,5.0
10901,283,37,3.5
10902,283,125,5.0
10903,283,108,4.0
10904,283,54,5.0
10905,283,109,4.0
10906,283,131,3.5
10907,283,27,4.5
10908,283,67,4.0
10909,283,70,5.0
10910,283,117,4.5
10911,284,45,4.5
10912,284,130,5.0
10913,284,72,4.5
10914,284,131,4.0
10915,284,117,4.0
10916,284,70,4.5
10917,284,82,5.0
10918,284,97,5.0
10919,284,123,4.0
10920,284,134,5.0
10921,284,15,4.5
10922,284,110,5.0
10923,284,91,5.0
10924,284,31,4.5
10925,284,107,5.0
10926,284,120,4.5
10927,284,99,5.0
10928,284,43,3.5
10929,284,69,4.5
10930,284,96,4.5
10931,284,59,4.0
10932,284,18,4.5
10933,284,109,4.0
10934,284,63,5.0
10935,284,16,5.0
10936,284,114,4.5
10937,285,116,4.5
10938,285,4,5.0
10939,285,65,5.0
10940,285,25,5.0
10941,285,60,4.0
10942,285,3,5.0
10943,285,133,5.0
10944,285,80,4.5
10945,285,117,4.5
10946,285,15,5.0
10947,285,121,5.0
10948,285,122,4.5
10949,285,45,4.5
10950,285,131,4.5
10951,285,66,4.0
10952,285,106,4.0
10953,285,82,4.5
10954,285,112,5.0
10955,285,54,5.0
10956,285,129,4.5
10957,285,24,4.5
10958,285,70,5.0
10959,285,17,5.0
10960,285,51,5.0
10961,285,18,4.0
10962,285,123,5.0
10963,285,34,4.5
10964,285,101,5.0
10965,285,22,5.0
10966,285,6,4.5
10967,285,108,5.0
10968,285,9,5.0
10969,285,84,5.0
10970,285,119,4.5
10971,285,30,5.0
10972,285,11,4.5
10973,285,79,5.0
10974,285,5,5.0
10975,285,93,4.5
10976,285,102,3.5
10977,285,46,5.0
10978,285,58,5.0
10979,285,130,4.0
10980,285,110,4.5
10981,285,1,5.0
10982,286,26,5.0
10983,286,98,4.5
10984,286,56,5.0
10985,286,13,4.5
10986,286,122,4.5
10987,286,4,5.0
10988,286,39,4.5
10989,286,70,5.0
10990,286,52,5.0
10991,286,58,5.0
10992,286,89,5.0
10993,286,84,5.0
10994,286,22,5.0
10995,286,8,4.5
10996,286,120,4.5
10997,286,20,5.0
10998,286,100,4.5
10999,286,5,5.0
11000,286,117,4.0
11001,286,77,4.5
11002,286,43,4.0
11003,286,118,5.0
11004,286,102,5.0
11005,286,31,5.0
11006,286,51,5.0
11007,286,103,4.5
11008,286,54,4.0
11009,286,93,5.0
11010,286,18,3.5
11011,286,9,4.5
11012,286,74,5.0
11013,286,47,5.0
11014,286,134,5.0
11015,286,53,4.0
11016,286,127,4.5
11017,286,75,5.0
11018,286,129,4.5
11019,286,2,5.0
11020,286,44,4.0
11021,286,60,4.5
11022,286,61,5.0
11023,286,78,5.0
11024,287,76,4.5
11025,287,34,5.0
11026,287,48,5.0
11027,287,93,4.0
11028,287,37,4.0
11029,287,24,5.0
11030,287,102,5.0
11031,287,2,4.5
11032,287,19,5.0
11033,287,44,3.5
11034,287,129,5.0
11035,287,28,4.5
11036,287,117,4.5
11037,287,134,5.0
11038,287,35,4.0
11039,287,97,5.0
11040,287,11,4.5
11041,287,126,4.0
11042,287,94,5.0
11043,287,86,5.0
11044,287,116,4.5
11045,287,3,5.0
11046,287,75,5.0
11047,287,120,5.0
11048,287,40,5.0
11049,287,95,2.5
11050,287,106,4.5
11051,287,58,5.0
11052,287,103,5.0
11053,287,61,4.0
11054,287,124,4.5
11055,287,49,5.0
11056,287,79,4.0
11057,287,113,4.0
11058,288,123,4.5
11059,288,110,4.5
11060,288,132,4.5
11061,288,108,5.0
11062,288,33,5.0
11063,288,55,5.0
11064,288,119,5.0
11065,288,49,4.5
11066,288,8,4.0
11067,288,117,5.0
11068,288,2,4.5
11069,288,65,5.0
11070,288,68,4.5
11071,288,35,3.0
11072,288,40,4.0
11073,288,59,5.0
11074,288,34,5.0
11075,288,4,4.5
11076,288,66,5.0
11077,288,96,4.0
11078,288,30,4.5
11079,288,57,4.5
11080,288,106,5.0
11081,288,85,5.0
11082,288,72,5.0
11083,288,12,5.0
11084,288,73,4.5
11085,288,15,4.5
11086,288,74,5.0
11087,288,5,5.0
11088,288,63,5.0
11089,289,17,4.0
11090,289,43,4.0
11091,289,52,4.5
11092,289,126,5.0
11093,289,38,5.0
11094,289,4,5.0
11095,289,92,4.0
11096,289,116,4.0
11097,289,133,5.0
11098,289,1,5.0
11099,289,113,5.0
11100,289,27,5.0
11101,289,98,5.0
11102,289,28,5.0
11103,289,125,5.0
11104,289,8,4.5
11105,289,3,5.0
11106,289,118,3.5
11107,289,71,4.5
11108,289,67,4.0
11109,289,49,3.5
11110,289,32,4.5
11111,289,102,4.5
11112,289,130,4.0
11113,289,96,3.5
11114,290,12,4.5
11115,290,100,4.5
11116,290,3,5.0
11117,290,87,4.0
11118,290,77,5.0
11119,290,22,4.5
11120,290,109,4.0
11121,290,62,4.0
11122,290,34,4.5
11123,290,50,5.0
11124,290,32,4.0
11125,290,6,5.0
11126,290,7,5.0
11127,290,132,4.0
11128,290,118,4.5
11129,290,130,5.0
11130,290,105,4.0
11131,290,108,5.0
11132,290,76,4.0
11133,290,66,4.5
11134,290,36,4.5
11135,290,88,3.0
11136,290,29,4.5
11137,290,124,4.0
11138,290,56,4.0
11139,290,16,4.0
11140,290,13,4.0
11141,290,93,5.0
11142,290,111,4.5
11143,290,58,5.0
11144,290,11,4.5
11145,290,117,4.0
11146,290,67,4.5
11147,290,104,5.0
11148,290,41,5.0
11149,290,134,4.5
11150,290,85,5.0
11151,290,78,5.0
11152,290,72,5.0
11153,290,83,4.0
11154,290,48,4.5
11155,290,89,4.5
11156,290,126,5.0
11157,290,43,5.0
11158,290,65,5.0
11159,290,19,5.0
11160,290,74,4.5
11161,290,40,5.0
11162,290,20,5.0
11163,290,121,4.5
11164,290,25,3.5
11165,290,82,4.5
11166,290,92,4.5
11167,290,2,4.0
11168,290,9,4.5
11169,290,47,5.0
11170,290,27,4.5
11171,290,42,5.0
11172,290,31,3.5
11173,290,114,4.5
11174,291,9,5.0
11175,291,16,5.0
11176,291,119,4.0
11177,291,45,5.0
11178,291,57,5.0
11179,291,15,3.0
11180,291,68,4.0
11181,291,55,4.5
11182,291,53,4.5
11183,291,4,5.0
11184,291,7,5.0
11185,291,11,5.0
11186,291,17,3.5
11187,291,72,4.5
11188,291,32,4.5
11189,291,67,4.5
11190,291,19,4.0
11191,291,59,4.0
11192,291,12,5.0
11193,291,125,5.0
11194,291,116,3.5
11195,291,93,5.0
11196,292,79,4.5
11197,292,46,5.0
11198,292,37,4.5
11199,292,113,5.0
11200,292,108,4.5
11201,292,57,3.5
11202,292,77,5.0
11203,292,99,5.0
11204,292,7,5.0
11205,292,28,4.5
11206,292,23,4.5
11207,292,86,4.5
11208,292,61,5.0
11209,292,2,4.5
11210,292,94,3.5
11211,292,128,3.0
11212,292,53,4.5
11213,293,131,4.0
11214,293,101,5.0
11215,293,108,5.0
11216,293,100,4.5
11217,293,90,4.5
11218,293,103,4.5
11219,293,40,3.5
11220,293,34,5.0
11221,293,71,4.5
11222,293,20,4.0
11223,293,114,3.0
11224,293,105,4.0
11225,293,70,5.0
11226,293,76,4.5
11227,293,122,4.5
11228,294,14,5.0
11229,294,79,5.0
11230,294,108,5.0
11231,294,97,4.0
11232,294,40,4.0
11233,294,29,4.5
11234,294,39,5.0
11235,294,12,5.0
11236,294,44,5.0
11237,294,102,5.0
11238,294,82,4.5
11239,294,56,4.5
11240,294,132,4.0
11241,294,33,4.5
11242,294,78,4.5
11243,294,95,4.5
11244,294,131,4.0
11245,294,46,5.0
11246,294,21,5.0
11247,294,117,4.0
11248,294,121,4.5
11249,294,74,4.5
11250,294,101,5.0
11251,294,23,4.0
11252,294,3,5.0
11253,294,52,5.0
11254,294,85,4.0
11255,294,89,5.0
11256,294,36,5.0
11257,294,103,4.5
11258,294,37,4.5
11259,294,83,4.5
11260,294,127,4.0
11261,294,99,5.0
11262,295,64,5.0
11263,295,8,5.0
11264,295,31,5.0
11265,295,103,3.5
11266,295,14,4.5
11267,295,80,3.5
11268,295,109,3.5
11269,295,1,5.0
11270,295,106,5.0
11271,295,122,5.0
11272,295,132,3.5
11273,295,134,4.5
11274,295,19,5.0
11275,295,13,5.0
11276,295,92,4.5
11277,295,94,4.5
11278,295,83,4.0
11279,295,112,5.0
11280,295,65,5.0
11281,295,50,5.0
11282,295,7,4.0
11283,295,133,5.0
11284,295,26,5.0
11285,295,21,5.0
11286,295,113,4.0
11287,295,90,5.0
11288,296,14,4.5
11289,296,130,3.5
11290,296,67,4.5
11291,296,26,4.0
11292,296,73,3.0
11293,296,120,4.5
11294,296,85,4.5
11295,296,112,5.0
11296,296,47,4.0
11297,296,118,5.0
11298,296,2,5.0
11299,296,81,5.0
11300,296,16,5.0
11301,296,10,5.0
11302,296,27,5.0
11303,296,57,3.5
11304,296,44,4.5
11305,296,29,3.0
11306,296,125,5.0
11307,296,68,5.0
11308,296,22,5.0
11309,296,91,4.5
11310,296,122,5.0
11311,296,3,5.0
11312,296,61,5.0
11313,296,114,5.0
11314,296,72,5.0
11315,296,115,5.0
11316,296,87,5.0
11317,296,119,5.0
11318,296,132,4.0
11319,296,96,5.0
11320,296,1,4.0
11321,296,110,4.5
11322,296,18,4.0
11323,296,60,4.0
11324,296,77,5.0
11325,296,8,4.5
11326,296,92,5.0
11327,296,30,4.5
11328,296,99,5.0
11329,296,15,5.0
11330,296,54,4.5
11331,296,134,4.5
11332,296,55,4.5
11333,296,4,3.5
11334,296,71,3.5
11335,296,66,5.0
11336,296,93,4.0
11337,296,79,5.0
11338,296,101,4.0
11339,296,20,5.0
11340,296,17,4.0
11341,296,131,5.0
11342,296,98,5.0
11343,296,76,4.5
11344,296,50,5.0
11345,296,33,5.0
11346,297,51,5.0
11347,297,94,4.0
11348,297,12,4.0
11349,297,67,5.0
11350,297,41,4.0
11351,297,73,3.0
11352,297,55,5.0
11353,297,90,5.0
11354,297,96,5.0
11355,297,89,5.0
11356,297,15,5.0
11357,297,80,4.0
11358,297,69,5.0
11359,297,111,4.0
11360,297,29,4.5
11361,297,74,4.5
11362,297,18,5.0
11363,297,37,4.5
11364,297,70,5.0
11365,297,110,5.0
11366,297,38,4.0
11367,297,65,5.0
11368,297,9,5.0
11369,297,120,5.0
11370,297,4,5.0
11371,297,2,5.0
11372,297,39,3.5
11373,297,14,4.5
11374,298,126,5.0
11375,298,130,5.0
11376,298,109,5.0
11377,298,32,4.5
11378,298,82,4.0
11379,298,121,5.0
11380,298,64,5.0
11381,298,71,5.0
11382,298,44,5.0
11383,298,42,4.0
11384,298,96,4.0
11385,298,98,5.0
11386,298,118,4.0
11387,298,111,5.0
11388,298,15,5.0
11389,298,18,5.0
11390,298,70,5.0
11391,298,99,4.0
11392,298,10,5.0
11393,298,58,5.0
11394,298,128,3.0
11395,298,43,4.0
11396,298,104,5.0
11397,298,13,5.0
11398,299,7,5.0
11399,299,118,5.0
11400,299,53,3.5
11401,299,16,4.5
11402,299,129,4.5
11403,299,119,4.5
11404,299,32,4.5
11405,299,93,5.0
11406,299,99,5.0
11407,299,68,4.5
11408,299,124,5.0
11409,299,59,4.0
11410,299,56,5.0
11411,299,26,5.0
11412,299,125,4.5
11413,299,82,5.0
11414,299,79,5.0
11415,299,5,5.0
11416,299,48,5.0
11417,299,114,4.5
11418,299,76,5.0
11419,300,97,4.5
11420,300,53,5.0
11421,300,37,4.5
11422,300,123,5.0
11423,300,18,4.5
11424,300,133,4.0
11425,300,87,5.0
11426,300,27,4.5
11427,300,94,4.5
11428,300,71,4.5
11429,300,124,4.5
11430,300,118,4.5
11431,300,52,5.0
11432,300,61,4.5
11433,300,54,3.5
11434,300,89,5.0
11435,300,130,5.0
11436,300,46,4.5
11437,300,78,4.0
11438,300,17,3.0
11439,300,28,4.5
11440,300,68,5.0
11441,300,56,4.0
11442,300,93,4.5
11443,300,65,4.0
11444,300,107,5.0
11445,300,121,4.5
11446,300,116,5.0
11447,300,7,5.0
11448,300,129,4.0
11449,300,86,5.0
11450,300,119,4.5
11451,300,4,5.0
11452,300,34,4.5
11453,300,67,5.0
11454,300,100,4.0
11455,300,51,5.0
11456,300,76,4.0
11457,300,128,3.5
11458,300,30,5.0
11459,300,23,5.0
11460,300,8,5.0
11461,300,103,5.0
11462,301,28,5.0
11463,301,20,5.0
11464,301,119,3.5
11465,301,95,5.0
11466,301,126,4.5
11467,301,110,5.0
11468,301,31,4.5
11469,301,109,5.0
11470,301,43,4.0
11471,301,15,5.0
11472,301,76,4.5
11473,301,41,5.0
11474,301,96,4.5
11475,301,30,5.0
11476,301,74,4.5
11477,301,69,5.0
11478,301,104,5.0
11479,301,60,4.5
11480,301,9,5.0
11481,301,45,4.5
11482,301,27,5.0
11483,302,119,5.0
11484,302,5,5.0
11485,302,56,5.0
11486,302,21,4.5
11487,302,103,5.0
11488,302,50,5.0
11489,302,115,4.5
11490,302,114,3.5
11491,302,100,4.0
11492,302,6,5.0
11493,302,127,4.0
11494,302,44,4.0
11495,302,88,4.5
11496,302,2,5.0
11497,302,133,5.0
11498,302,38,5.0
11499,302,75,5.0
11500,302,26,5.0
11501,302,27,5.0
11502,302,24,5.0
11503,302,53,5.0
11504,302,107,4.5
11505,302,59,4.5
11506,302,128,2.5
11507,302,33,5.0
11508,302,36,3.5
11509,302,49,5.0
11510,302,74,5.0
11511,302,29,4.5
11512,302,15,4.0
11513,302,104,4.0
11514,302,57,3.5
11515,302,131,4.0
11516,302,73,3.5
11517,302,109,4.0
11518,302,130,4.5
11519,302,132,3.5
11520,302,31,5.0
11521,302,72,4.0
11522,302,1,4.0
11523,302,70,4.0
11524,302,106,5.0
11525,302,101,5.0
11526,303,1,5.0
11527,303,108,3.5
11528,303,127,4.5
11529,303,94,4.0
11530,303,106,4.5
11531,303,6,5.0
11532,303,44,5.0
11533,303,129,4.5
11534,303,70,5.0
11535,303,2,5.0
11536,303,86,4.5
11537,303,92,5.0
11538,303,119,5.0
11539,303,14,4.0
11540,303,73,4.0
11541,303,133,4.5
11542,303,109,5.0
11543,303,22,5.0
11544,303,77,5.0
11545,303,132,3.5
11546,303,117,3.0
11547,303,24,4.5
11548,303,99,5.0
11549,303,10,5.0
11550,303,48,4.5
11551,303,100,5.0
11552,303,130,4.0
11553,303,39,5.0
11554,303,105,3.5
11555,303,31,4.5
11556,303,80,5.0
11557,303,5,4.0
11558,303,36,4.0
11559,303,34,5.0
11560,304,101,5.0
11561,304,42,4.0
11562,304,110,5.0
11563,304,34,4.5
11564,304,2,4.5
11565,304,7,5.0
11566,304,89,5.0
11567,304,73,4.0
11568,304,96,4.5
11569,304,95,4.5
11570,304,69,5.0
11571,304,83,4.0
11572,304,30,4.5
11573,304,16,5.0
11574,304,17,4.0
11575,304,107,5.0
11576,304,134,5.0
11577,304,35,4.0
11578,304,97,5.0
11579,304,117,5.0
11580,304,12,5.0
11581,304,21,4.0
11582,304,75,4.0
11583,304,8,4.5
11584,304,57,4.5
11585,304,100,3.5
11586,304,43,5.0
11587,304,116,5.0
11588,304,77,5.0
11589,304,51,4.5
11590,305,122,4.5
11591,305,82,5.0
11592,305,39,5.0
11593,305,131,4.5
11594,305,103,4.5
11595,305,65,4.5
11596,305,99,3.5
11597,305,14,4.5
11598,305,115,5.0
11599,305,116,4.5
11600,305,19,5.0
11601,305,90,5.0
11602,305,4,5.0
11603,305,114,5.0
11604,305,80,5.0
11605,305,55,5.0
11606,305,16,4.0
11607,305,58,3.5
11608,305,104,5.0
11609,305,128,2.5
11610,305,30,5.0
11611,305,134,3.0
11612,305,1,5.0
11613,305,74,4.0
11614,305,76,5.0
11615,305,21,5.0
11616,305,85,4.5
11617,305,95,4.5
11618,305,69,5.0
11619,305,35,3.5
11620,305,41,4.5
11621,305,18,4.5
11622,306,47,4.5
11623,306,2,4.5
11624,306,78,5.0
11625,306,124,4.5
11626,306,127,4.5
11627,306,11,4.5
11628,306,111,5.0
11629,306,64,4.0
11630,306,82,3.5
11631,306,49,4.5
11632,306,107,5.0
11633,306,74,4.5
11634,306,26,5.0
11635,306,27,5.0
11636,306,113,3.5
11637,306,31,3.5
11638,306,97,4.5
11639,306,22,3.0
11640,306,76,4.5
11641,306,116,4.5
11642,306,72,5.0
11643,306,56,5.0
11644,307,131,4.0
11645,307,69,5.0
11646,307,102,4.5
11647,307,124,5.0
11648,307,33,5.0
11649,307,44,4.5
11650,307,93,3.5
11651,307,79,4.5
11652,307,56,4.5
11653,307,82,5.0
11654,307,96,4.5
11655,307,21,5.0
11656,307,101,5.0
11657,307,41,4.5
11658,307,45,4.5
11659,307,47,5.0
11660,308,63,5.0
11661,308,71,5.0
11662,308,23,3.5
11663,308,74,4.5
11664,308,45,5.0
11665,308,3,5.0
11666,308,4,5.0
11667,308,78,4.5
11668,308,90,4.5
11669,308,84,5.0
11670,308,54,5.0
11671,308,51,5.0
11672,308,22,4.5
11673,308,107,5.0
11674,308,89,5.0
11675,308,57,5.0
11676,308,6,5.0
11677,308,18,4.5
11678,308,53,5.0
11679,308,52,4.5
11680,308,1,5.0
11681,308,34,4.5
11682,308,121,4.0
11683,308,44,5.0
11684,308,106,4.5
11685,309,37,5.0
11686,309,119,5.0
11687,309,125,5.0
11688,309,10,4.5
11689,309,83,4.0
11690,309,103,3.0
11691,309,72,4.0
11692,309,52,5.0
11693,309,15,4.5
11694,309,133,4.5
11695,309,88,4.0
11696,309,96,5.0
11697,309,54,5.0
11698,309,107,5.0
11699,309,108,4.0
11700,309,8,5.0
11701,309,61,4.5
11702,309,56,4.0
11703,309,112,4.0
11704,309,17,5.0
11705,309,51,5.0
11706,309,134,4.0
11707,309,28,4.0
11708,309,91,5.0
11709,309,68,5.0
11710,309,92,4.0
11711,309,46,5.0
11712,309,2,5.0
11713,309,121,5.0
11714,309,74,3.5
11715,309,42,5.0
11716,309,30,4.0
11717,309,60,5.0
11718,309,23,4.5
11719,309,26,4.5
11720,309,35,4.0
11721,309,55,5.0
11722,309,12,5.0
11723,309,57,4.0
11724,309,98,4.0
11725,309,85,5.0
11726,309,19,5.0
11727,309,29,5.0
11728,309,87,5.0
11729,309,126,4.0
11730,309,27,4.5
11731,309,100,4.5
11732,309,53,5.0
11733,310,57,5.0
11734,310,69,5.0
11735,310,89,5.0
11736,310,110,5.0
11737,310,86,5.0
11738,310,51,5.0
11739,310,100,4.5
11740,310,74,4.0
11741,310,33,4.0
11742,310,58,3.5
11743,310,73,4.0
11744,310,98,4.5
11745,310,2,4.5
11746,310,22,4.5
11747,310,46,5.0
11748,310,112,4.5
11749,310,38,5.0
11750,310,99,4.5
11751,310,133,4.5
11752,310,48,5.0
11753,310,96,4.5
11754,310,29,5.0
11755,310,49,5.0
11756,310,108,5.0
11757,310,123,4.5
11758,311,68,4.5
11759,311,110,4.0
11760,311,13,4.5
11761,311,79,4.0
11762,311,126,3.5
11763,311,106,5.0
11764,311,25,4.5
11765,311,76,4.0
11766,311,57,5.0
11767,311,117,4.5
11768,311,130,4.0
11769,311,134,5.0
11770,311,71,5.0
11771,311,55,5.0
11772,311,118,3.0
11773,311,14,5.0
11774,311,102,5.0
11775,311,97,5.0
11776,311,22,4.5
11777,312,9,5.0
11778,312,16,4.0
11779,312,39,5.0
11780,312,116,3.5
11781,312,122,4.5
11782,312,43,4.5
11783,312,29,4.5
11784,312,2,4.0
11785,312,100,5.0
11786,312,67,4.0
11787,312,40,4.5
11788,312,129,4.5
11789,312,6,5.0
11790,312,90,4.5
11791,312,59,4.0
11792,312,84,4.5
11793,312,108,4.0
11794,312,118,4.5
11795,312,72,4.0
11796,312,50,5.0
11797,312,3,4.0
11798,312,38,4.0
11799,312,31,4.0
11800,312,47,5.0
11801,312,53,4.0
11802,312,97,4.5
11803,312,55,4.5
11804,312,5,4.5
11805,312,44,4.0
11806,312,107,4.5
11807,312,30,5.0
11808,312,91,4.0
11809,312,32,4.5
11810,312,57,4.5
11811,312,35,4.5
11812,312,117,3.5
11813,312,76,4.0
11814,312,66,4.0
11815,312,102,5.0
11816,312,28,4.0
11817,312,4,4.5
11818,312,51,4.5
11819,312,62,5.0
11820,312,83,5.0
11821,312,101,4.5
11822,312,86,5.0
11823,312,95,3.0
11824,312,114,5.0
11825,313,103,4.5
11826,313,114,4.0
11827,313,8,5.0
11828,313,105,5.0
11829,313,101,4.5
11830,313,53,4.5
11831,313,48,4.5
11832,313,108,4.0
11833,313,132,3.0
11834,313,98,4.0
11835,313,9,5.0
11836,313,52,4.5
11837,313,125,5.0
11838,313,21,3.5
11839,313,74,4.0
11840,313,87,5.0
11841,313,115,4.5
11842,313,113,4.5
11843,313,2,4.5
11844,313,61,5.0
11845,313,25,4.5
11846,313,104,4.5
11847,313,75,5.0
11848,313,112,5.0
11849,313,23,5.0
11850,313,99,5.0
11851,313,127,5.0
11852,313,66,4.0
11853,313,79,5.0
11854,313,11,5.0
11855,313,119,4.5
11856,313,73,3.0
11857,313,69,5.0
11858,313,121,4.5
11859,313,63,5.0
11860,313,16,4.5
11861,313,72,4.5
11862,313,20,5.0
11863,313,54,5.0
11864,313,90,4.0
11865,313,42,5.0
11866,313,27,4.0
11867,313,30,5.0
11868,313,60,4.5
11869,313,12,5.0
11870,313,59,4.5
11871,313,1,3.5
11872,313,102,5.0
11873,313,55,5.0
11874,314,57,4.5
11875,314,30,5.0
11876,314,88,4.0
11877,314,14,5.0
11878,314,27,4.5
11879,314,98,5.0
11880,314,65,5.0
11881,314,113,4.0
11882,314,99,4.5
11883,314,75,4.0
11884,314,118,5.0
11885,314,93,4.0
11886,314,85,4.0
11887,314,19,4.5
11888,314,116,5.0
11889,314,109,4.0
11890,314,84,4.5
11891,314,66,4.5
11892,314,12,4.5
11893,314,43,3.5
11894,314,1,4.0
11895,314,26,5.0
11896,314,58,4.5
11897,314,100,4.0
11898,314,6,5.0
11899,314,15,5.0
11900,314,61,5.0
11901,314,7,5.0
11902,314,77,4.5
11903,314,20,4.5
11904,314,53,4.0
11905,314,81,4.0
11906,314,39,4.0
11907,314,110,5.0
11908,314,112,5.0
11909,314,107,4.0
11910,314,130,3.5
11911,314,4,4.5
11912,314,117,5.0
11913,314,103,4.5
11914,314,70,4.0
11915,314,5,4.5
11916,314,67,4.0
11917,314,82,4.5
11918,314,9,5.0
11919,314,59,5.0
11920,314,21,4.0
11921,314,52,5.0
11922,314,105,4.5
11923,314,68,4.5
11924,314,22,4.0
11925,314,106,4.0
11926,314,54,4.0
11927,314,71,4.0
11928,314,23,5.0
11929,314,38,4.5
11930,314,102,5.0
11931,315,24,5.0
11932,315,40,4.5
11933,315,58,5.0
11934,315,118,4.0
11935,315,94,4.5
11936,315,64,5.0
11937,315,3,4.5
11938,315,134,4.0
11939,315,71,3.5
11940,315,117,4.5
11941,315,35,3.5
11942,315,73,4.0
11943,315,132,1.5
11944,315,52,5.0
11945,315,106,5.0
11946,315,105,4.5
11947,315,91,5.0
11948,315,8,5.0
11949,315,32,3.5
11950,315,79,5.0
11951,315,49,5.0
11952,315,84,4.5
11953,315,98,4.5
11954,315,122,4.5
11955,315,1,4.0
11956,315,17,3.5
11957,315,97,3.5
11958,315,38,5.0
11959,315,116,5.0
11960,315,114,4.0
11961,315,41,5.0
11962,315,18,4.5
11963,315,112,5.0
11964,315,89,5.0
11965,315,133,4.5
11966,315,6,5.0
11967,315,46,4.0
11968,315,102,5.0
11969,315,29,5.0
11970,315,90,4.5
11971,315,55,5.0
11972,315,33,5.0
11973,315,65,5.0
11974,315,11,4.5
11975,315,95,4.5
11976,315,69,5.0
11977,315,57,3.5
11978,315,48,5.0
11979,315,36,5.0
11980,315,128,2.0
11981,315,120,4.5
11982,315,121,4.0
11983,316,64,5.0
11984,316,56,4.5
11985,316,83,5.0
11986,316,123,5.0
11987,316,103,3.5
11988,316,119,4.0
11989,316,127,5.0
11990,316,58,5.0
11991,316,79,4.5
11992,316,24,4.0
11993,316,48,5.0
11994,316,118,3.5
11995,316,100,4.5
11996,316,133,4.0
11997,316,2,5.0
11998,316,39,5.0
11999,316,16,5.0
12000,316,32,5.0
12001,316,33,4.5
12002,316,68,5.0
12003,316,23,4.0
12004,316,7,4.5
12005,316,67,5.0
12006,316,111,5.0
12007,316,104,4.0
12008,316,116,4.5
12009,316,78,5.0
12010,316,105,4.0
12011,316,117,5.0
12012,316,13,5.0
12013,316,42,5.0
12014,316,26,4.5
12015,316,108,5.0
12016,316,115,4.5
12017,316,96,5.0
12018,316,25,4.5
12019,316,98,5.0
12020,316,77,4.5
12021,316,11,4.5
12022,316,20,5.0
12023,316,17,3.5
12024,316,52,4.5
12025,316,120,4.0
12026,316,4,5.0
12027,316,1,5.0
12028,316,9,4.0
12029,316,38,4.5
12030,316,129,5.0
12031,316,113,3.5
12032,316,84,5.0
12033,317,9,5.0
12034,317,95,4.0
12035,317,103,5.0
12036,317,34,5.0
12037,317,2,5.0
12038,317,22,5.0
12039,317,122,3.0
12040,317,85,5.0
12041,317,47,5.0
12042,317,32,5.0
12043,317,81,5.0
12044,317,120,3.5
12045,317,1,5.0
12046,317,58,5.0
12047,317,79,4.0
12048,317,53,3.5
12049,317,119,5.0
12050,317,13,4.0
12051,317,68,4.5
12052,317,56,4.0
12053,317,74,4.0
12054,317,43,4.5
12055,317,62,4.5
12056,317,20,5.0
12057,317,97,4.5
12058,317,98,3.5
12059,317,84,5.0
12060,317,94,4.0
12061,317,83,5.0
12062,317,99,4.5
12063,317,38,4.0
12064,317,128,2.5
12065,317,40,4.5
12066,317,125,4.5
12067,317,102,4.5
12068,317,63,4.0
12069,317,33,5.0
12070,317,16,4.0
12071,317,91,4.5
12072,317,21,5.0
12073,317,41,5.0
12074,317,29,4.5
12075,317,10,5.0
12076,317,127,4.0
12077,317,25,5.0
12078,317,112,5.0
12079,317,96,5.0
12080,317,80,5.0
12081,317,107,5.0
12082,318,23,5.0
12083,318,124,4.0
12084,318,62,5.0
12085,318,43,5.0
12086,318,89,5.0
12087,318,21,4.0
12088,318,69,4.0
12089,318,46,5.0
12090,318,50,5.0
12091,318,25,4.0
12092,318,33,4.0
12093,318,5,5.0
12094,318,78,3.5
12095,318,105,4.5
12096,318,10,5.0
12097,318,72,3.0
12098,318,102,4.0
12099,318,127,5.0
12100,318,66,5.0
12101,318,1,5.0
12102,318,45,4.5
12103,318,114,5.0
12104,318,70,5.0
12105,318,95,3.0
12106,318,11,4.5
12107,318,94,4.0
12108,318,111,4.5
12109,318,104,5.0
12110,318,13,5.0
12111,318,42,4.5
12112,318,58,4.5
12113,318,34,4.0
12114,318,35,4.5
12115,318,92,4.0
12116,318,80,4.5
12117,318,51,4.5
12118,318,86,5.0
12119,319,114,5.0
12120,319,4,5.0
12121,319,39,5.0
12122,319,101,4.0
12123,319,83,4.5
12124,319,41,5.0
12125,319,87,4.0
12126,319,12,4.5
12127,319,125,4.0
12128,319,116,4.5
12129,319,49,5.0
12130,319,37,4.0
12131,319,89,4.5
12132,319,56,4.5
12133,319,91,4.5
12134,319,77,4.5
12135,319,27,5.0
12136,319,111,4.5
12137,319,118,4.5
12138,319,93,4.0
12139,319,31,5.0
12140,319,44,5.0
12141,319,115,5.0
12142,319,54,4.0
12143,319,17,2.5
12144,319,26,5.0
12145,319,8,4.5
12146,319,25,5.0
12147,319,78,3.5
12148,319,60,4.5
12149,319,132,4.0
12150,319,34,3.5
12151,319,3,4.5
12152,319,65,4.0
12153,319,131,5.0
12154,319,7,5.0
12155,319,98,5.0
12156,319,121,5.0
12157,319,63,5.0
12158,319,6,5.0
12159,319,100,5.0
12160,319,112,5.0
12161,319,106,4.5
12162,319,72,5.0
12163,319,62,4.5
12164,319,95,5.0
12165,319,119,4.0
12166,319,22,5.0
12167,319,122,3.5
12168,319,16,5.0
12169,319,88,4.5
12170,319,79,5.0
12171,319,127,4.5
12172,319,70,4.0
12173,319,123,5.0
12174,319,29,4.5
12175,319,11,5.0
12176,320,78,4.5
12177,320,5,5.0
12178,320,34,5.0
12179,320,96,4.5
12180,320,125,4.5
12181,320,115,5.0
12182,320,2,5.0
12183,320,28,4.0
12184,320,117,5.0
12185,320,50,5.0
12186,320,67,4.0
12187,320,52,4.5
12188,320,7,5.0
12189,320,43,4.5
12190,320,119,4.5
12191,320,105,5.0
12192,320,122,5.0
12193,320,51,5.0
12194,320,31,5.0
12195,320,6,5.0
12196,320,126,5.0
12197,320,114,4.5
12198,320,116,5.0
12199,320,56,5.0
12200,320,107,4.5
12201,320,128,3.5
12202,320,48,4.0
12203,320,129,4.5
12204,320,17,4.5
12205,320,94,5.0
12206,320,68,3.0
12207,320,83,4.0
12208,320,12,4.5
12209,320,103,4.0
12210,320,82,5.0
12211,320,55,5.0
12212,320,35,3.5
12213,320,109,4.0
12214,320,80,5.0
12215,320,70,4.5
12216,320,76,4.5
12217,320,16,5.0
12218,320,97,5.0
12219,320,127,4.5
12220,320,120,4.0
12221,320,110,4.5
12222,320,90,5.0
12223,320,93,5.0
12224,320,22,5.0
12225,321,102,5.0
12226,321,104,4.5
12227,321,41,5.0
12228,321,43,5.0
12229,321,95,4.5
12230,321,39,5.0
12231,321,32,4.5
12232,321,64,5.0
12233,321,79,5.0
12234,321,127,4.5
12235,321,7,5.0
12236,321,132,3.5
12237,321,90,4.5
12238,321,53,3.0
12239,321,49,4.0
12240,321,2,5.0
12241,321,31,5.0
12242,321,133,5.0
12243,321,121,3.5
12244,321,14,4.5
12245,321,117,4.5
12246,321,54,5.0
12247,321,108,4.5
12248,321,18,5.0
12249,321,40,4.5
12250,321,70,4.5
12251,321,55,4.5
12252,321,4,4.5
12253,321,58,4.5
12254,321,119,5.0
12255,321,38,4.5
12256,321,106,4.0
12257,321,82,4.5
12258,321,20,4.0
12259,321,97,5.0
12260,321,113,4.0
12261,322,82,4.5
12262,322,118,5.0
12263,322,32,5.0
12264,322,21,3.0
12265,322,102,5.0
12266,322,112,5.0
12267,322,77,5.0
12268,322,104,4.0
12269,322,55,5.0
12270,322,110,5.0
12271,322,85,5.0
12272,322,100,3.5
12273,322,61,5.0
12274,322,50,5.0
12275,322,83,5.0
12276,322,127,4.5
12277,322,68,4.5
12278,322,2,5.0
12279,323,123,5.0
12280,323,55,5.0
12281,323,35,3.5
12282,323,54,5.0
12283,323,104,4.0
12284,323,75,4.0
12285,323,67,4.5
12286,323,6,5.0
12287,323,24,4.5
12288,323,112,4.5
12289,323,72,4.5
12290,323,118,5.0
12291,323,18,5.0
12292,323,42,4.0
12293,323,31,5.0
12294,323,98,5.0
12295,323,21,5.0
12296,323,105,4.5
12297,323,51,4.0
12298,323,103,5.0
12299,323,59,4.5
12300,323,49,4.5
12301,323,80,5.0
12302,323,111,4.5
12303,323,76,5.0
12304,323,84,5.0
12305,323,126,5.0
12306,323,34,3.0
12307,323,22,5.0
12308,323,57,5.0
12309,323,61,5.0
12310,323,120,4.0
12311,323,125,4.0
12312,323,91,4.0
12313,323,134,5.0
12314,323,29,4.5
12315,323,93,4.0
12316,323,69,5.0
12317,323,44,5.0
12318,323,109,4.0
12319,323,19,4.5
12320,323,127,3.5
12321,323,122,5.0
12322,323,115,5.0
12323,323,88,5.0
12324,323,108,4.5
12325,323,3,5.0
12326,323,74,5.0
12327,323,13,5.0
12328,323,33,4.5
12329,323,1,5.0
12330,323,9,5.0
12331,323,133,5.0
12332,323,79,5.0
12333,323,25,5.0
12334,323,30,5.0
12335,323,23,4.5
12336,323,128,4.0
12337,323,36,5.0
12338,324,77,5.0
12339,324,14,5.0
12340,324,34,5.0
12341,324,127,4.5
12342,324,70,4.5
12343,324,5,5.0
12344,324,112,3.5
12345,324,61,5.0
12346,324,101,4.5
12347,324,98,4.5
12348,324,47,5.0
12349,324,65,4.5
12350,324,22,4.5
12351,324,55,3.5
12352,324,59,5.0
12353,324,54,4.5
12354,324,18,4.5
12355,324,48,4.5
12356,324,73,1.5
12357,324,1,5.0
12358,324,108,5.0
12359,324,56,5.0
12360,324,107,5.0
12361,324,21,4.0
12362,324,2,4.5
12363,324,114,5.0
12364,324,6,4.0
12365,324,32,5.0
12366,324,91,5.0
12367,324,52,5.0
12368,324,25,5.0
12369,324,66,4.5
12370,324,85,4.5
12371,324,46,5.0
12372,324,82,5.0
12373,324,105,5.0
12374,324,132,4.0
12375,324,53,3.5
12376,324,94,4.5
12377,324,10,5.0
12378,324,37,4.5
12379,324,74,5.0
12380,324,58,4.0
12381,324,35,5.0
12382,324,41,4.5
12383,324,134,4.5
12384,324,63,5.0
12385,324,83,5.0
12386,324,76,5.0
12387,324,27,4.5
12388,324,133,4.5
12389,324,67,4.5
12390,324,28,3.5
12391,324,86,5.0
12392,324,93,4.5
12393,324,88,3.5
12394,324,80,4.5
12395,324,130,5.0
12396,324,36,5.0
12397,324,95,4.0
12398,325,124,5.0
12399,325,15,5.0
12400,325,85,5.0
12401,325,75,5.0
12402,325,18,4.5
12403,325,100,4.0
12404,325,13,5.0
12405,325,50,4.0
12406,325,90,5.0
12407,325,10,5.0
12408,325,94,4.0
12409,325,26,4.5
12410,325,126,4.0
12411,325,93,4.0
12412,325,33,5.0
12413,325,74,4.5
12414,325,83,3.0
12415,325,48,3.5
12416,325,52,5.0
12417,325,40,5.0
12418,325,60,5.0
12419,325,96,4.5
12420,325,119,5.0
12421,325,77,4.0
12422,325,69,5.0
12423,325,35,3.0
12424,325,51,4.5
12425,325,4,5.0
12426,325,97,3.5
12427,325,87,4.5
12428,325,42,5.0
12429,325,66,5.0
12430,325,55,5.0
12431,325,88,4.5
12432,325,57,5.0
12433,325,80,5.0
12434,325,109,5.0
12435,325,73,3.0
12436,325,127,5.0
12437,325,25,4.0
12438,325,105,4.5
12439,325,70,4.5
12440,325,31,5.0
12441,325,1,5.0
12442,325,99,3.5
12443,325,129,5.0
12444,325,20,5.0
12445,325,123,4.5
12446,325,108,4.5
12447,325,16,4.5
12448,325,7,5.0
12449,325,121,4.0
12450,325,8,5.0
12451,325,112,5.0
12452,325,19,5.0
12453,325,54,5.0
12454,326,77,4.5
12455,326,69,4.0
12456,326,40,4.0
12457,326,55,4.0
12458,326,132,3.5
12459,326,106,5.0
12460,326,16,4.0
12461,326,45,4.0
12462,326,12,4.5
12463,326,86,5.0
12464,326,13,4.5
12465,326,58,5.0
12466,326,8,5.0
12467,326,72,5.0
12468,326,18,5.0
12469,326,4,5.0
12470,326,111,5.0
12471,327,119,5.0
12472,327,53,4.5
12473,327,91,4.5
12474,327,97,5.0
12475,327,126,5.0
12476,327,77,3.5
12477,327,131,5.0
12478,327,4,3.5
12479,327,83,4.0
12480,327,128,3.5
12481,327,58,5.0
12482,327,65,5.0
12483,327,5,4.0
12484,327,87,4.5
12485,327,12,5.0
12486,327,36,4.5
12487,327,111,5.0
12488,328,113,4.5
12489,328,118,4.0
12490,328,121,3.5
12491,328,74,4.5
12492,328,112,5.0
12493,328,93,5.0
12494,328,94,5.0
12495,328,30,5.0
12496,328,80,5.0
12497,328,18,3.5
12498,328,132,4.0
12499,328,109,4.0
12500,328,69,5.0
12501,328,134,4.5
12502,328,41,4.0
12503,328,52,5.0
12504,328,1,5.0
12505,328,129,3.5
12506,328,34,5.0
12507,328,82,5.0
12508,328,102,5.0
12509,329,1,4.5
12510,329,99,5.0
12511,329,104,4.0
12512,329,47,4.0
12513,329,55,5.0
12514,329,23,4.5
12515,329,96,5.0
12516,329,12,5.0
12517,329,126,4.5
12518,329,132,3.0
12519,329,68,4.0
12520,329,119,5.0
12521,329,115,4.0
12522,329,103,4.5
12523,329,98,5.0
12524,329,127,4.5
12525,329,60,4.5
12526,329,70,5.0
12527,329,65,4.5
12528,329,20,4.5
12529,329,38,5.0
12530,329,100,3.5
12531,329,19,4.0
12532,329,49,5.0
12533,329,106,5.0
12534,329,131,4.0
12535,329,110,4.5
12536,330,120,4.0
12537,330,115,4.5
12538,330,83,5.0
12539,330,67,4.0
12540,330,19,4.5
12541,330,114,4.0
12542,330,108,4.5
12543,330,64,4.5
12544,330,41,4.5
12545,330,126,4.0
12546,330,26,5.0
12547,330,76,4.0
12548,330,68,4.5
12549,330,10,4.5
12550,330,105,5.0
12551,330,113,5.0
12552,330,111,5.0
12553,330,70,5.0
12554,330,117,4.5
12555,330,80,5.0
12556,330,88,4.5
12557,330,6,4.5
12558,330,128,3.0
12559,330,58,5.0
12560,330,96,5.0
12561,330,27,4.5
12562,330,60,4.5
12563,330,66,5.0
12564,330,9,4.0
12565,330,46,4.0
12566,330,75,4.0
12567,330,106,5.0
12568,331,100,5.0
12569,331,26,4.5
12570,331,131,5.0
12571,331,35,3.0
12572,331,7,5.0
12573,331,126,4.5
12574,331,2,4.5
12575,331,118,5.0
12576,331,52,4.5
12577,331,50,4.5
12578,331,92,4.5
12579,331,98,4.0
12580,331,109,4.5
12581,331,77,5.0
12582,331,5,5.0
12583,331,112,5.0
12584,331,16,3.5
12585,331,130,5.0
12586,331,59,5.0
12587,331,76,4.5
12588,331,17,4.5
12589,331,29,5.0
12590,331,62,4.5
12591,331,134,5.0
12592,331,19,4.5
12593,331,115,5.0
12594,331,72,5.0
12595,331,110,4.0
12596,331,125,5.0
12597,331,71,4.5
12598,331,78,4.5
12599,331,30,4.5
12600,331,113,5.0
12601,331,36,4.5
12602,331,91,5.0
12603,331,66,5.0
12604,331,85,4.5
12605,331,56,5.0
12606,331,123,5.0
12607,331,39,5.0
12608,331,104,5.0
12609,331,116,5.0
12610,331,6,4.5
12611,331,32,4.5
12612,331,41,4.0
12613,331,124,5.0
12614,331,54,4.0
12615,331,63,5.0
12616,332,114,3.5
12617,332,30,5.0
12618,332,84,4.5
12619,332,101,5.0
12620,332,20,5.0
12621,332,10,4.5
12622,332,113,5.0
12623,332,128,2.0
12624,332,112,5.0
12625,332,58,5.0
12626,332,80,4.5
12627,332,125,5.0
12628,332,69,4.5
12629,332,7,5.0
12630,332,126,4.5
12631,332,127,5.0
12632,332,19,4.5
12633,332,133,4.5
12634,332,82,4.5
12635,332,39,3.5
12636,332,103,4.5
12637,332,100,4.5
12638,332,81,4.5
12639,332,35,4.5
12640,332,46,5.0
12641,332,55,5.0
12642,332,66,5.0
12643,332,38,5.0
12644,332,34,4.5
12645,332,53,3.5
12646,332,61,3.0
12647,332,74,4.5
12648,332,107,5.0
12649,332,4,5.0
12650,332,98,5.0
12651,332,117,4.5
12652,332,109,4.0
12653,332,93,4.0
12654,332,119,5.0
12655,332,115,4.0
12656,333,120,4.5
12657,333,54,4.5
12658,333,77,3.0
12659,333,75,4.0
12660,333,99,4.5
12661,333,121,4.0
12662,333,66,5.0
12663,333,100,5.0
12664,333,46,4.5
12665,333,32,5.0
12666,333,89,5.0
12667,333,92,4.0
12668,333,73,3.5
12669,333,22,4.0
12670,333,125,3.5
12671,333,69,5.0
12672,334,123,5.0
12673,334,99,4.0
12674,334,15,4.5
12675,334,66,4.0
12676,334,53,5.0
12677,334,125,5.0
12678,334,116,5.0
12679,334,37,4.0
12680,334,4,5.0
12681,334,95,4.5
12682,334,17,5.0
12683,334,76,5.0
12684,334,104,5.0
12685,334,93,4.5
12686,334,111,4.5
12687,334,124,5.0
12688,334,69,4.5
12689,334,52,5.0
12690,334,127,4.5
12691,334,86,5.0
12692,334,82,3.5
12693,334,31,5.0
12694,334,26,5.0
12695,334,133,5.0
12696,334,126,5.0
12697,334,122,5.0
12698,334,20,4.5
12699,334,55,4.5
12700,334,114,4.5
12701,334,45,5.0
12702,334,96,4.5
12703,334,110,4.0
12704,335,125,5.0
12705,335,92,4.5
12706,335,5,5.0
12707,335,25,4.0
12708,335,122,4.0
12709,335,116,4.5
12710,335,19,4.0
12711,335,42,5.0
12712,335,20,4.0
12713,335,82,4.0
12714,335,39,5.0
12715,335,36,4.5
12716,335,105,4.0
12717,335,52,3.5
12718,335,16,5.0
12719,335,123,5.0
12720,335,38,5.0
12721,335,4,4.5
12722,335,79,4.5
12723,335,22,5.0
12724,335,28,4.0
12725,335,32,5.0
12726,335,100,4.0
12727,335,110,5.0
12728,335,45,4.5
12729,335,9,5.0
12730,335,59,4.0
12731,335,124,4.5
12732,335,51,3.0
12733,335,47,5.0
12734,335,56,4.0
12735,335,40,4.5
12736,335,18,5.0
12737,335,49,4.5
12738,335,7,4.0
12739,335,15,4.5
12740,335,71,4.5
12741,335,50,4.0
12742,335,113,4.5
12743,335,63,4.5
12744,335,17,4.0
12745,336,17,5.0
12746,336,65,5.0
12747,336,93,4.5
12748,336,71,4.5
12749,336,97,4.5
12750,336,22,5.0
12751,336,96,4.0
12752,336,88,4.5
12753,336,62,5.0
12754,336,38,5.0
12755,336,75,4.0
12756,336,107,4.0
12757,336,26,4.5
12758,336,20,4.5
12759,336,46,5.0
12760,336,12,4.0
12761,336,15,5.0
12762,336,34,4.5
12763,336,90,4.5
12764,336,101,5.0
12765,336,76,5.0
12766,336,59,4.5
12767,336,68,5.0
12768,336,67,5.0
12769,336,60,4.0
12770,336,114,5.0
12771,336,106,4.5
12772,336,41,5.0
12773,336,28,5.0
12774,337,12,4.5
12775,337,104,5.0
12776,337,82,5.0
12777,337,109,4.5
12778,337,78,5.0
12779,337,33,5.0
12780,337,85,3.5
12781,337,117,4.5
12782,337,14,4.5
12783,337,105,4.5
12784,337,1,4.0
12785,337,37,5.0
12786,337,110,4.5
12787,337,51,4.5
12788,337,63,5.0
12789,337,19,4.5
12790,337,96,5.0
12791,337,68,4.0
12792,337,46,5.0
12793,337,4,5.0
12794,337,9,5.0
12795,338,37,4.0
12796,338,5,5.0
12797,338,25,5.0
12798,338,103,4.5
12799,338,109,4.5
12800,338,64,5.0
12801,338,53,4.0
12802,338,130,4.5
12803,338,95,4.5
12804,338,67,4.0
12805,338,19,4.5
12806,338,17,4.5
12807,338,18,4.5
12808,338,110,5.0
12809,338,122,4.5
12810,338,36,4.5
12811,338,133,4.0
12812,338,118,5.0
12813,338,41,5.0
12814,338,30,5.0
12815,338,112,4.5
12816,338,76,5.0
12817,338,123,5.0
12818,338,24,5.0
12819,338,86,5.0
12820,338,23,3.0
12821,338,7,5.0
12822,338,48,5.0
12823,338,49,4.5
12824,338,120,4.0
12825,338,84,5.0
12826,338,4,4.0
12827,338,13,4.5
12828,338,85,5.0
12829,338,126,4.5
12830,338,79,4.0
12831,338,97,4.0
12832,338,6,4.0
12833,338,10,4.0
12834,338,15,5.0
12835,338,27,5.0
12836,338,33,5.0
12837,338,69,5.0
12838,338,40,4.5
12839,338,94,3.5
12840,338,29,5.0
12841,338,74,4.5
12842,338,102,4.5
12843,338,132,2.0
12844,338,115,4.5
12845,338,83,5.0
12846,338,127,4.5
12847,339,131,5.0
12848,339,16,5.0
12849,339,107,5.0
12850,339,132,3.0
12851,339,77,4.5
12852,339,27,5.0
12853,339,69,3.5
12854,339,61,4.0
12855,339,101,4.5
12856,339,48,5.0
12857,339,29,4.5
12858,339,32,4.0
12859,339,52,4.0
12860,339,109,5.0
12861,339,75,4.5
12862,339,90,5.0
12863,339,125,4.5
12864,339,21,5.0
12865,339,37,4.5
12866,339,113,4.0
12867,339,57,4.0
12868,339,100,4.0
12869,339,35,4.0
12870,339,98,5.0
12871,339,51,5.0
12872,339,56,4.0
12873,339,93,4.0
12874,339,41,4.5
12875,339,86,4.5
12876,339,30,5.0
12877,339,44,5.0
12878,339,129,4.5
12879,339,72,4.0
12880,339,120,5.0
12881,339,119,4.5
12882,339,89,4.0
12883,339,115,5.0
12884,339,53,5.0
12885,339,17,3.5
12886,339,82,5.0
12887,339,74,5.0
12888,339,71,4.5
12889,339,104,4.5
12890,339,123,4.0
12891,339,20,5.0
12892,339,38,3.5
12893,339,26,4.5
12894,339,50,5.0
12895,339,64,5.0
12896,339,76,3.5
12897,339,111,5.0
12898,339,39,5.0
12899,339,14,5.0
12900,339,92,4.5
12901,339,127,4.5
12902,340,74,5.0
12903,340,102,4.5
12904,340,51,4.5
12905,340,77,5.0
12906,340,114,4.0
12907,340,133,4.0
12908,340,48,5.0
12909,340,42,4.0
12910,340,83,4.0
12911,340,36,4.5
12912,340,108,4.5
12913,340,19,5.0
12914,340,96,5.0
12915,340,75,4.5
12916,340,107,5.0
12917,340,82,5.0
12918,340,22,5.0
12919,340,50,5.0
12920,340,124,5.0
12921,340,90,5.0
12922,340,38,4.0
12923,340,45,4.5
12924,341,7,5.0
12925,341,106,5.0
12926,341,58,3.5
12927,341,56,4.5
12928,341,85,5.0
12929,341,57,4.5
12930,341,29,5.0
12931,341,5,4.0
12932,341,14,4.5
12933,341,123,5.0
12934,341,50,5.0
12935,341,126,5.0
12936,341,22,5.0
12937,341,45,4.5
12938,341,101,4.5
12939,341,99,5.0
12940,341,74,4.5
12941,341,4,5.0
12942,341,15,5.0
12943,341,52,5.0
12944,341,100,4.5
12945,341,92,4.5
12946,341,32,3.5
12947,341,73,3.5
12948,341,78,4.5
12949,341,35,4.5
12950,341,94,3.5
12951,341,75,5.0
12952,341,127,4.0
12953,341,98,5.0
12954,341,97,5.0
12955,341,11,5.0
12956,341,25,4.5
12957,341,128,2.5
12958,341,30,5.0
12959,341,109,5.0
12960,341,119,3.5
12961,341,28,4.5
12962,341,61,4.5
12963,341,86,4.5
12964,341,54,4.5
12965,341,62,5.0
12966,341,130,5.0
12967,342,129,5.0
12968,342,85,4.0
12969,342,78,5.0
12970,342,67,5.0
12971,342,40,5.0
12972,342,16,4.5
12973,342,54,4.0
12974,342,41,3.5
12975,342,26,5.0
12976,342,10,3.0
12977,342,55,4.5
12978,342,8,5.0
12979,342,90,5.0
12980,342,62,4.5
12981,342,73,4.0
12982,342,86,4.5
12983,342,13,4.5
12984,342,63,4.5
12985,342,108,5.0
12986,342,76,5.0
12987,342,118,3.5
12988,342,27,5.0
12989,342,70,4.0
12990,342,49,5.0
12991,342,123,5.0
12992,342,11,5.0
12993,342,42,5.0
12994,342,101,4.5
12995,342,121,3.5
12996,342,114,5.0
12997,342,122,4.5
12998,343,19,5.0
12999,343,62,5.0
13000,343,21,5.0
13001,343,10,4.5
13002,343,128,2.5
13003,343,78,4.5
13004,343,29,4.0
13005,343,85,4.5
13006,343,49,5.0
13007,343,16,4.5
13008,343,101,5.0
13009,343,74,4.0
13010,343,37,5.0
13011,343,22,4.0
13012,343,32,4.5
13013,343,83,5.0
13014,343,20,5.0
13015,343,125,4.0
13016,343,45,5.0
13017,343,122,5.0
13018,343,113,3.5
13019,343,7,4.0
13020,343,131,4.5
13021,343,91,4.5
13022,343,31,4.5
13023,343,11,3.5
13024,343,43,4.5
13025,344,73,3.0
13026,344,130,5.0
13027,344,57,5.0
13028,344,15,4.5
13029,344,8,4.5
13030,344,95,4.0
13031,344,28,5.0
13032,344,76,4.0
13033,344,81,4.5
13034,344,90,5.0
13035,344,94,5.0
13036,344,44,5.0
13037,344,56,3.0
13038,344,58,4.5
13039,344,45,4.5
13040,344,85,5.0
13041,344,118,5.0
13042,344,52,5.0
13043,344,27,4.0
13044,344,47,5.0
13045,344,115,4.5
13046,344,100,4.5
13047,344,65,4.0
13048,344,38,4.0
13049,344,19,4.0
13050,344,24,5.0
13051,344,121,3.5
13052,344,82,3.5
13053,344,93,4.5
13054,344,12,4.5
13055,344,59,5.0
13056,344,20,5.0
13057,344,50,4.5
13058,344,117,4.5
13059,344,18,4.0
13060,344,98,4.5
13061,344,84,4.0
13062,344,114,5.0
13063,344,101,5.0
13064,345,47,5.0
13065,345,45,4.0
13066,345,40,4.5
13067,345,73,3.5
13068,345,4,4.5
13069,345,72,5.0
13070,345,121,4.5
13071,345,42,5.0
13072,345,111,5.0
13073,345,20,4.0
13074,345,68,4.0
13075,345,25,5.0
13076,345,46,4.5
13077,345,78,4.0
13078,345,76,5.0
13079,345,77,4.5
13080,345,39,5.0
13081,345,5,5.0
13082,345,1,4.0
13083,345,35,4.5
13084,345,12,5.0
13085,345,117,4.5
13086,345,93,4.0
13087,345,97,5.0
13088,346,11,5.0
13089,346,119,4.0
13090,346,62,5.0
13091,346,8,5.0
13092,346,33,4.5
13093,346,5,5.0
13094,346,19,5.0
13095,346,4,5.0
13096,346,115,4.5
13097,346,39,5.0
13098,346,14,4.5
13099,346,80,5.0
13100,346,37,4.5
13101,346,117,4.5
13102,346,111,4.5
13103,346,92,5.0
13104,346,43,5.0
13105,346,32,4.0
13106,346,125,4.0
13107,346,10,5.0
13108,346,79,4.0
13109,346,118,5.0
13110,346,112,4.5
13111,346,98,4.5
13112,346,17,3.5
13113,346,101,5.0
13114,346,120,4.5
13115,346,66,3.5
13116,346,108,4.0
13117,346,13,5.0
13118,346,84,4.0
13119,346,34,4.5
13120,346,122,4.5
13121,346,61,5.0
13122,346,72,4.0
13123,346,53,4.5
13124,346,59,5.0
13125,346,102,4.5
13126,346,94,3.0
13127,346,81,4.5
13128,346,110,4.5
13129,346,71,3.5
13130,346,129,4.0
13131,346,23,4.5
13132,346,134,5.0
13133,346,83,4.0
13134,347,18,4.0
13135,347,13,4.0
13136,347,100,4.5
13137,347,85,4.0
13138,347,108,4.0
13139,347,118,5.0
13140,347,62,4.5
13141,347,30,4.5
13142,347,58,5.0
13143,347,97,3.5
13144,347,35,4.0
13145,347,48,4.0
13146,347,57,5.0
13147,347,115,5.0
13148,347,6,5.0
13149,347,11,5.0
13150,347,52,5.0
13151,347,41,5.0
13152,347,19,4.5
13153,347,122,4.5
13154,347,54,4.5
13155,347,12,5.0
13156,347,29,4.5
13157,347,114,4.5
13158,347,131,4.0
13159,347,72,4.5
13160,347,9,4.5
13161,347,39,5.0
13162,347,76,4.5
13163,347,71,5.0
13164,347,8,5.0
13165,347,134,4.5
13166,347,46,5.0
13167,347,112,5.0
13168,347,82,4.5
13169,347,3,4.0
13170,347,66,5.0
13171,347,36,4.0
13172,347,25,4.5
13173,348,43,4.5
13174,348,95,3.5
13175,348,116,5.0
13176,348,16,4.5
13177,348,62,4.5
13178,348,55,4.0
13179,348,57,5.0
13180,348,85,5.0
13181,348,19,5.0
13182,348,80,5.0
13183,348,102,5.0
13184,348,44,5.0
13185,348,87,4.0
13186,348,77,5.0
13187,348,38,5.0
13188,348,46,3.5
13189,348,24,4.5
13190,348,29,5.0
13191,348,109,4.5
13192,348,11,5.0
13193,348,42,4.0
13194,348,82,4.5
13195,348,69,5.0
13196,348,104,5.0
13197,348,18,4.5
13198,348,68,5.0
13199,348,50,4.5
13200,348,117,4.5
13201,348,6,5.0
13202,348,36,5.0
13203,348,3,4.0
13204,348,110,4.5
13205,349,92,4.0
13206,349,2,5.0
13207,349,48,5.0
13208,349,39,5.0
13209,349,12,5.0
13210,349,108,4.5
13211,349,25,5.0
13212,349,86,5.0
13213,349,75,4.5
13214,349,7,4.5
13215,349,14,5.0
13216,349,74,4.0
13217,349,31,5.0
13218,349,83,4.0
13219,349,32,4.0
13220,349,28,5.0
13221,349,132,2.5
13222,349,80,5.0
13223,349,29,5.0
13224,349,63,4.5
13225,349,78,4.0
13226,349,115,5.0
13227,349,11,5.0
13228,349,114,5.0
13229,349,8,5.0
13230,349,1,5.0
13231,349,110,3.5
13232,349,121,3.5
13233,349,3,4.5
13234,349,24,5.0
13235,349,91,4.5
13236,349,126,4.5
13237,349,107,5.0
13238,349,44,5.0
13239,349,56,3.0
13240,349,13,5.0
13241,349,49,4.5
13242,349,19,4.0
13243,349,105,4.0
13244,349,101,5.0
13245,349,98,4.0
13246,349,134,4.0
13247,349,93,4.5
13248,349,87,5.0
13249,349,36,4.0
13250,349,64,4.5
13251,349,9,5.0
13252,349,66,4.0
13253,349,118,4.5
13254,350,16,5.0
13255,350,40,5.0
13256,350,34,5.0
13257,350,63,5.0
13258,350,18,5.0
13259,350,30,5.0
13260,350,101,4.5
13261,350,62,5.0
13262,350,81,4.0
13263,350,71,4.0
13264,350,88,3.5
13265,350,119,4.5
13266,350,57,4.5
13267,350,4,5.0
13268,350,50,5.0
13269,350,126,4.0
13270,350,106,4.0
13271,350,127,5.0
13272,350,123,4.5
13273,350,55,5.0
13274,350,27,5.0
13275,350,43,5.0
13276,350,32,4.0
13277,350,130,4.5
13278,350,20,5.0
13279,350,26,4.0
13280,350,124,4.0
13281,350,131,4.0
13282,350,134,5.0
13283,350,70,5.0
13284,350,46,5.0
13285,350,75,5.0
13286,350,110,4.0
13287,350,10,5.0
13288,350,111,5.0
13289,350,49,5.0
13290,350,82,4.0
13291,350,67,5.0
13292,350,93,4.5
13293,350,37,4.0
13294,350,83,5.0
13295,350,66,4.5
13296,350,48,5.0
13297,350,54,3.5
13298,350,29,5.0
13299,350,64,5.0
13300,350,11,5.0
13301,350,108,5.0
13302,350,95,4.0
13303,350,102,5.0
13304,350,78,5.0
13305,350,133,5.0
13306,350,25,4.5
13307,350,3,5.0
13308,351,101,4.5
13309,351,81,5.0
13310,351,99,4.5
13311,351,121,4.0
13312,351,106,4.5
13313,351,67,5.0
13314,351,113,4.0
13315,351,66,5.0
13316,351,38,4.5
13317,351,76,5.0
13318,351,55,4.0
13319,351,21,4.0
13320,351,22,5.0
13321,351,36,5.0
13322,351,105,3.5
13323,351,103,4.0
13324,351,74,3.5
13325,351,37,5.0
13326,351,91,4.5
13327,351,48,5.0
13328,351,107,4.5
13329,351,16,3.5
13330,351,3,5.0
13331,351,40,4.0
13332,351,53,5.0
13333,351,133,4.5
13334,351,18,5.0
13335,351,41,4.5
13336,351,1,5.0
13337,351,110,4.5
13338,351,75,4.0
13339,351,17,4.5
13340,351,73,3.5
13341,351,54,4.0
13342,351,42,3.5
13343,351,50,5.0
13344,351,69,4.5
13345,351,43,5.0
13346,351,15,5.0
13347,351,19,4.5
13348,351,87,4.5
13349,351,7,5.0
13350,351,134,5.0
13351,351,119,4.5
13352,351,58,4.0
13353,351,92,4.5
13354,351,64,4.0
13355,351,23,4.0
13356,351,77,5.0
13357,351,30,5.0
13358,351,114,4.5
13359,351,112,4.0
13360,351,79,4.0
13361,351,57,5.0
13362,351,104,4.0
13363,351,28,5.0
13364,351,33,4.0
13365,351,35,4.0
13366,352,7,5.0
13367,352,13,5.0
13368,352,75,4.5
13369,352,129,5.0
13370,352,69,4.5
13371,352,33,4.0
13372,352,100,4.0
13373,352,105,4.5
13374,352,131,4.0
13375,352,99,4.5
13376,352,124,4.5
13377,352,112,4.5
13378,352,70,5.0
13379,352,27,4.5
13380,352,121,4.0
13381,352,97,3.5
13382,352,28,5.0
13383,352,55,5.0
13384,352,109,5.0
13385,352,58,4.5
13386,352,87,5.0
13387,352,74,3.5
13388,352,49,4.5
13389,352,3,5.0
13390,353,95,4.5
13391,353,24,4.0
13392,353,56,4.5
13393,353,96,4.5
13394,353,13,5.0
13395,353,1,4.0
13396,353,20,5.0
13397,353,14,4.5
13398,353,116,5.0
13399,353,43,5.0
13400,353,38,5.0
13401,353,51,5.0
13402,353,15,5.0
13403,353,61,5.0
13404,353,45,4.5
13405,353,101,4.0
13406,353,126,5.0
13407,353,68,5.0
13408,353,92,4.0
13409,353,89,5.0
13410,353,91,5.0
13411,353,83,4.0
13412,353,8,4.5
13413,353,70,3.5
13414,353,7,5.0
13415,353,28,5.0
13416,353,117,5.0
13417,353,94,3.5
13418,353,66,4.5
13419,353,74,4.5
13420,353,82,4.0
13421,353,97,5.0
13422,353,107,5.0
13423,353,134,4.0
13424,353,5,5.0
13425,353,37,3.5
13426,353,33,5.0
13427,353,104,5.0
13428,353,9,5.0
13429,353,112,4.0
13430,353,99,4.5
13431,353,119,5.0
13432,353,35,3.5
13433,353,31,4.0
13434,353,131,4.0
13435,353,120,4.5
13436,353,52,5.0
13437,353,50,4.0
13438,353,106,5.0
13439,353,44,5.0
13440,353,10,5.0
13441,353,109,5.0
13442,353,125,5.0
13443,353,25,4.5
13444,354,18,4.5
13445,354,90,5.0
13446,354,109,3.0
13447,354,84,4.0
13448,354,113,5.0
13449,354,39,5.0
13450,354,95,4.0
13451,354,32,5.0
13452,354,47,4.5
13453,354,122,5.0
13454,354,31,5.0
13455,354,127,5.0
13456,354,75,5.0
13457,354,131,4.0
13458,354,76,5.0
13459,354,99,4.0
13460,354,98,5.0
13461,354,66,5.0
13462,354,21,4.5
13463,354,37,4.5
13464,354,116,5.0
13465,354,50,5.0
13466,354,52,4.0
13467,354,85,5.0
13468,354,19,5.0
13469,354,13,3.5
13470,354,60,4.5
13471,354,100,3.0
13472,354,133,5.0
13473,354,62,5.0
13474,354,43,5.0
13475,354,72,5.0
13476,354,6,3.5
13477,354,9,5.0
13478,354,88,4.5
13479,354,104,5.0
13480,354,70,4.5
13481,355,117,5.0
13482,355,58,4.0
13483,355,43,5.0
13484,355,124,3.5
13485,355,122,4.5
13486,355,121,3.5
13487,355,134,4.0
13488,355,118,4.5
13489,355,96,4.5
13490,355,130,4.0
13491,355,97,5.0
13492,355,15,4.5
13493,355,16,4.5
13494,355,113,4.5
13495,355,98,4.0
13496,355,65,4.0
13497,355,38,4.0
13498,355,18,5.0
13499,355,41,5.0
13500,355,17,5.0
13501,355,89,5.0
13502,355,94,4.5
13503,355,62,4.5
13504,355,84,5.0
13505,355,119,5.0
13506,355,50,4.5
13507,355,26,5.0
13508,355,1,5.0
13509,355,100,4.5
13510,355,78,4.0
13511,355,8,5.0
13512,355,2,4.0
13513,355,57,5.0
13514,355,11,5.0
13515,355,19,5.0
13516,355,10,4.0
13517,355,7,5.0
13518,355,106,4.0
13519,355,92,4.5
13520,355,36,4.5
13521,355,131,5.0
13522,355,25,5.0
13523,355,127,4.0
13524,355,87,5.0
13525,355,126,5.0
13526,355,63,5.0
13527,355,28,4.0
13528,355,91,4.5
13529,355,120,5.0
13530,355,45,5.0
13531,355,112,4.5
13532,355,133,5.0
13533,355,61,5.0
13534,355,13,5.0
13535,355,80,4.5
13536,356,8,3.5
13537,356,130,4.0
13538,356,9,5.0
13539,356,35,3.0
13540,356,103,5.0
13541,356,90,4.5
13542,356,54,4.5
13543,356,67,4.0
13544,356,120,4.5
13545,356,87,5.0
13546,356,117,5.0
13547,356,53,4.5
13548,356,57,5.0
13549,356,82,4.5
13550,356,74,4.5
13551,357,62,5.0
13552,357,40,4.0
13553,357,6,5.0
13554,357,54,5.0
13555,357,24,4.5
13556,357,127,4.5
13557,357,36,4.5
13558,357,105,4.0
13559,357,85,5.0
13560,357,53,4.5
13561,357,55,5.0
13562,357,47,5.0
13563,357,19,4.5
13564,357,100,5.0
13565,357,67,4.0
13566,357,122,4.5
13567,357,133,5.0
13568,357,51,4.5
13569,357,69,5.0
13570,357,43,5.0
13571,357,34,4.5
13572,357,110,3.0
13573,357,76,4.5
13574,357,22,5.0
13575,357,93,4.5
13576,357,64,4.5
13577,357,86,4.0
13578,357,17,3.5
13579,357,38,5.0
13580,357,1,4.0
13581,357,132,3.5
13582,357,5,5.0
13583,357,89,4.5
13584,358,61,4.0
13585,358,17,5.0
13586,358,114,3.5
13587,358,30,4.0
13588,358,1,4.5
13589,358,80,5.0
13590,358,12,4.0
13591,358,23,4.5
13592,358,68,3.5
13593,358,83,5.0
13594,358,122,3.5
13595,358,131,5.0
13596,358,43,5.0
13597,358,90,5.0
13598,358,36,4.5
13599,358,9,5.0
13600,358,124,4.5
13601,358,70,5.0
13602,358,113,4.5
13603,358,77,4.5
13604,358,97,4.5
13605,358,24,4.5
13606,358,129,4.0
13607,358,88,4.5
13608,358,7,5.0
13609,358,112,3.0
13610,358,95,4.0
13611,358,123,5.0
13612,358,110,5.0
13613,358,34,5.0
13614,358,91,5.0
13615,358,29,4.5
13616,358,82,4.0
13617,358,57,4.0
13618,358,54,5.0
13619,358,55,5.0
13620,358,128,2.5
13621,358,32,4.5
13622,358,100,4.0
13623,358,51,5.0
13624,358,22,4.0
13625,358,69,4.5
13626,358,125,4.5
13627,358,4,4.0
13628,358,66,5.0
13629,358,11,5.0
13630,358,18,4.0
13631,358,111,3.5
13632,358,102,4.0
13633,358,99,4.5
13634,358,67,4.5
13635,358,119,3.5
13636,358,45,4.5
13637,359,23,4.5
13638,359,102,4.5
13639,359,42,4.0
13640,359,118,5.0
13641,359,103,5.0
13642,359,45,5.0
13643,359,41,4.5
13644,359,48,4.0
13645,359,109,4.0
13646,359,111,3.0
13647,359,112,5.0
13648,359,114,4.5
13649,359,132,2.5
13650,359,3,4.5
13651,359,50,4.5
13652,359,115,4.5
13653,360,123,5.0
13654,360,134,5.0
13655,360,120,3.5
13656,360,39,4.0
13657,360,112,4.5
13658,360,83,5.0
13659,360,127,5.0
13660,360,49,4.0
13661,360,38,4.0
13662,360,4,5.0
13663,360,71,4.5
13664,360,108,4.5
13665,360,25,4.5
13666,360,117,4.5
13667,360,72,4.0
13668,360,48,4.0
13669,360,95,5.0
13670,360,69,4.5
13671,360,125,4.5
13672,360,41,5.0
13673,360,116,4.0
13674,360,10,4.5
13675,360,91,3.5
13676,360,126,5.0
13677,360,16,4.0
13678,360,99,4.5
13679,360,57,5.0
13680,360,14,5.0
13681,360,100,4.0
13682,360,50,4.0
13683,360,43,4.5
13684,360,62,5.0
13685,360,124,5.0
13686,360,75,5.0
13687,360,122,4.5
13688,360,74,4.5
13689,361,10,4.5
13690,361,127,4.0
13691,361,71,4.0
13692,361,44,5.0
13693,361,6,5.0
13694,361,103,3.5
13695,361,89,5.0
13696,361,20,4.5
13697,361,24,4.0
13698,361,21,5.0
13699,361,30,4.5
13700,361,109,3.5
13701,361,25,5.0
13702,361,53,4.0
13703,361,78,5.0
13704,361,27,4.5
13705,361,106,4.0
13706,361,16,5.0
13707,361,82,5.0
13708,361,72,4.0
13709,361,3,5.0
13710,361,50,5.0
13711,361,22,5.0
13712,361,130,4.0
13713,361,2,4.5
13714,361,101,5.0
13715,361,64,5.0
13716,361,116,4.5
13717,361,26,4.5
13718,361,114,5.0
13719,361,18,4.0
13720,361,34,5.0
13721,361,123,4.0
13722,361,23,4.5
13723,361,113,5.0
13724,361,84,4.0
13725,361,91,5.0
13726,361,55,4.5
13727,361,104,5.0
13728,361,129,4.0
13729,362,59,3.5
13730,362,91,5.0
13731,362,110,4.0
13732,362,41,4.5
13733,362,107,4.5
13734,362,127,4.0
13735,362,56,5.0
13736,362,128,2.5
13737,362,126,5.0
13738,362,51,5.0
13739,362,130,5.0
13740,362,39,4.5
13741,362,67,5.0
13742,362,131,4.5
13743,362,31,4.5
13744,362,20,5.0
13745,362,4,4.0
13746,362,111,5.0
13747,362,85,4.0
13748,362,104,4.5
13749,362,134,4.5
13750,362,61,5.0
13751,362,47,5.0
13752,362,68,4.5
13753,362,113,4.5
13754,362,1,5.0
13755,362,66,5.0
13756,362,78,4.5
13757,362,38,5.0
13758,362,32,5.0
13759,362,21,4.5
13760,362,99,5.0
13761,362,84,4.5
13762,363,70,3.5
13763,363,89,4.5
13764,363,2,5.0
13765,363,62,4.5
13766,363,8,4.5
13767,363,17,4.0
13768,363,108,5.0
13769,363,18,5.0
13770,363,43,4.0
13771,363,72,5.0
13772,363,45,5.0
13773,363,15,5.0
13774,363,46,4.5
13775,363,5,5.0
13776,363,87,5.0
13777,363,129,4.0
13778,363,133,4.5
13779,363,90,5.0
13780,363,82,4.5
13781,363,1,5.0
13782,363,39,5.0
13783,363,44,4.5
13784,363,3,5.0
13785,363,85,5.0
13786,363,24,4.5
13787,363,125,5.0
13788,363,13,5.0
13789,363,40,5.0
13790,363,27,5.0
13791,363,113,4.5
13792,363,30,5.0
13793,363,9,5.0
13794,363,127,5.0
13795,363,60,4.5
13796,363,77,5.0
13797,364,111,4.5
13798,364,11,5.0
13799,364,21,4.5
13800,364,60,5.0
13801,364,83,5.0
13802,364,25,4.0
13803,364,132,3.0
13804,364,62,4.0
13805,364,86,4.5
13806,364,116,5.0
13807,364,119,4.5
13808,364,39,3.5
13809,364,45,5.0
13810,364,107,5.0
13811,364,46,5.0
13812,364,41,4.5
13813,364,97,4.0
13814,364,88,4.5
13815,364,29,4.0
13816,364,89,4.5
13817,364,59,5.0
13818,364,90,4.0
13819,364,5,5.0
13820,364,98,5.0
13821,364,54,5.0
13822,364,18,4.0
13823,364,61,5.0
13824,364,24,5.0
13825,364,70,4.5
13826,364,14,5.0
13827,364,110,5.0
13828,365,19,3.5
13829,365,112,4.5
13830,365,127,4.5
13831,365,16,3.5
13832,365,80,4.5
13833,365,86,5.0
13834,365,9,5.0
13835,365,92,5.0
13836,365,43,5.0
13837,365,93,4.0
13838,365,79,4.5
13839,365,106,4.5
13840,365,76,5.0
13841,365,70,4.5
13842,365,134,4.0
13843,365,118,4.5
13844,365,123,4.5
13845,365,17,4.0
13846,365,87,5.0
13847,365,91,4.5
13848,365,125,5.0
13849,365,54,4.5
13850,365,57,5.0
13851,365,30,4.5
13852,365,116,4.5
13853,365,103,4.0
13854,365,13,5.0
13855,365,23,4.5
13856,365,98,4.0
13857,365,28,5.0
13858,365,36,5.0
13859,365,101,5.0
13860,365,111,4.5
13861,365,100,4.5
13862,365,68,5.0
13863,365,72,4.5
13864,366,41,4.5
13865,366,124,3.5
13866,366,31,5.0
13867,366,28,5.0
13868,366,83,5.0
13869,366,5,5.0
13870,366,105,3.5
13871,366,38,3.5
13872,366,30,5.0
13873,366,120,5.0
13874,366,33,5.0
13875,366,100,4.0
13876,366,87,4.5
13877,366,17,5.0
13878,366,116,4.0
13879,366,55,3.5
13880,366,42,5.0
13881,367,30,4.5
13882,367,7,5.0
13883,367,92,4.0
13884,367,36,4.5
13885,367,116,4.0
13886,367,125,5.0
13887,367,1,5.0
13888,367,57,5.0
13889,367,83,4.5
13890,367,38,5.0
13891,367,45,4.5
13892,367,109,4.0
13893,367,77,4.0
13894,367,95,4.5
13895,367,80,4.5
13896,367,108,4.5
13897,367,94,5.0
13898,367,11,5.0
13899,367,48,5.0
13900,367,111,5.0
13901,367,26,4.5
13902,367,8,5.0
13903,367,33,5.0
13904,367,131,4.5
13905,367,41,4.5
13906,367,133,4.5
13907,367,2,5.0
13908,367,104,5.0
13909,367,23,4.5
13910,367,128,2.5
13911,367,17,4.0
13912,367,100,5.0
13913,367,126,5.0
13914,367,49,5.0
13915,367,96,5.0
13916,367,67,4.5
13917,367,32,4.0
13918,367,72,4.5
13919,367,64,4.5
13920,367,97,5.0
13921,367,79,5.0
13922,367,5,5.0
13923,367,28,5.0
13924,367,40,5.0
13925,367,82,5.0
13926,368,106,4.0
13927,368,57,4.5
13928,368,107,5.0
13929,368,3,5.0
13930,368,61,5.0
13931,368,23,4.5
13932,368,123,5.0
13933,368,127,5.0
13934,368,32,3.0
13935,368,95,4.5
13936,368,49,4.5
13937,368,77,4.0
13938,368,2,5.0
13939,368,60,4.0
13940,368,96,5.0
13941,368,66,5.0
13942,368,76,4.0
13943,368,91,5.0
13944,368,40,4.5
13945,368,83,5.0
13946,368,63,5.0
13947,368,55,4.5
13948,369,21,4.5
13949,369,68,4.5
13950,369,78,5.0
13951,369,93,5.0
13952,369,67,5.0
13953,369,94,4.5
13954,369,108,4.0
13955,369,132,3.0
13956,369,61,5.0
13957,369,19,5.0
13958,369,79,5.0
13959,369,51,4.5
13960,369,45,3.5
13961,369,44,5.0
13962,369,50,4.5
13963,369,106,4.5
13964,369,15,5.0
13965,369,77,4.5
13966,369,24,5.0
13967,369,59,4.0
13968,369,55,5.0
13969,369,64,5.0
13970,369,11,5.0
13971,369,31,4.5
13972,369,57,5.0
13973,369,58,5.0
13974,369,129,5.0
13975,369,88,4.5
13976,369,104,4.0
13977,369,118,5.0
13978,369,89,5.0
13979,369,97,4.5
13980,369,87,5.0
13981,369,65,5.0
13982,369,101,5.0
13983,369,54,5.0
13984,369,103,4.5
13985,369,125,5.0
13986,369,114,5.0
13987,369,111,4.5
13988,369,75,4.5
13989,369,46,5.0
13990,369,52,5.0
13991,369,14,4.0
13992,369,18,4.0
13993,369,92,3.5
13994,369,49,4.0
13995,369,110,5.0
13996,369,70,4.5
13997,369,29,3.5
13998,369,4,4.5
13999,369,48,4.5
14000,370,125,5.0
14001,370,59,3.5
14002,370,103,5.0
14003,370,133,5.0
14004,370,21,5.0
14005,370,89,4.5
14006,370,47,4.5
14007,370,96,4.5
14008,370,122,4.5
14009,370,19,5.0
14010,370,100,5.0
14011,370,123,5.0
14012,370,91,5.0
14013,370,77,4.5
14014,370,15,4.0
14015,370,85,5.0
14016,370,83,4.0
14017,370,22,5.0
14018,370,62,4.5
14019,370,8,4.5
14020,370,50,4.0
14021,370,43,4.5
14022,370,121,3.5
14023,370,29,4.0
14024,370,36,4.5
14025,370,9,3.5
14026,370,6,4.5
14027,370,34,4.0
14028,370,7,4.5
14029,371,81,4.0
14030,371,42,4.5
14031,371,35,3.0
14032,371,28,3.5
14033,371,126,4.5
14034,371,32,4.0
14035,371,29,5.0
14036,371,72,5.0
14037,371,105,5.0
14038,371,86,5.0
14039,371,107,3.5
14040,371,92,3.5
14041,371,133,4.5
14042,371,25,5.0
14043,371,27,5.0
14044,371,3,4.0
14045,371,111,5.0
14046,371,20,4.5
14047,372,106,5.0
14048,372,56,4.0
14049,372,125,5.0
14050,372,130,5.0
14051,372,19,5.0
14052,372,23,4.5
14053,372,55,5.0
14054,372,68,4.0
14055,372,110,5.0
14056,372,89,5.0
14057,372,91,5.0
14058,372,76,4.5
14059,372,83,3.5
14060,372,75,4.0
14061,372,114,5.0
14062,372,121,4.5
14063,372,7,5.0
14064,372,51,4.5
14065,372,127,4.0
14066,372,22,4.0
14067,372,90,4.5
14068,372,118,4.0
14069,372,15,5.0
14070,372,98,4.0
14071,372,27,4.5
14072,372,122,5.0
14073,372,134,5.0
14074,372,2,4.5
14075,372,64,4.0
14076,372,10,3.5
14077,372,128,2.0
14078,372,108,4.5
14079,372,45,5.0
14080,372,25,5.0
14081,373,40,4.0
14082,373,38,5.0
14083,373,83,4.5
14084,373,88,4.5
14085,373,28,5.0
14086,373,113,4.0
14087,373,70,4.0
14088,373,9,5.0
14089,373,107,4.0
14090,373,77,5.0
14091,373,90,5.0
14092,373,95,4.5
14093,373,24,4.5
14094,373,42,4.0
14095,373,72,5.0
14096,373,129,4.0
14097,373,119,4.0
14098,373,127,5.0
14099,373,81,5.0
14100,373,123,5.0
14101,373,108,5.0
14102,373,126,4.5
14103,373,33,5.0
14104,373,118,4.0
14105,373,64,4.0
14106,373,54,5.0
14107,373,23,5.0
14108,373,14,4.5
14109,373,105,5.0
14110,373,91,4.0
14111,373,122,4.0
14112,373,106,5.0
14113,373,25,5.0
14114,373,52,5.0
14115,373,5,5.0
14116,373,16,4.5
14117,373,124,5.0
14118,373,128,2.5
14119,373,51,4.5
14120,373,30,5.0
14121,373,74,4.0
14122,373,125,4.5
14123,373,34,4.5
14124,373,46,5.0
14125,373,92,5.0
14126,373,13,4.5
14127,373,27,4.5
14128,373,120,4.0
14129,373,112,4.5
14130,373,41,3.5
14131,373,115,5.0
14132,373,89,5.0
14133,373,85,5.0
14134,374,106,4.0
14135,374,63,5.0
14136,374,48,5.0
14137,374,61,5.0
14138,374,112,4.0
14139,374,81,5.0
14140,374,79,4.5
14141,374,4,4.5
14142,374,25,5.0
14143,374,26,5.0
14144,374,80,4.5
14145,374,75,4.0
14146,374,69,4.0
14147,374,44,4.0
14148,374,76,3.5
14149,374,70,4.0
14150,374,40,5.0
14151,374,8,4.5
14152,375,127,4.0
14153,375,90,4.5
14154,375,50,5.0
14155,375,17,4.0
14156,375,132,2.5
14157,375,120,5.0
14158,375,10,5.0
14159,375,41,5.0
14160,375,40,5.0
14161,375,107,4.5
14162,375,82,4.5
14163,375,18,3.5
14164,375,39,3.0
14165,375,108,4.0
14166,375,42,4.0
14167,375,12,4.5
14168,375,88,4.0
14169,375,124,4.5
14170,375,80,4.5
14171,375,8,5.0
14172,375,66,5.0
14173,375,106,4.0
14174,375,23,4.0
14175,375,130,5.0
14176,375,128,2.0
14177,375,86,5.0
14178,375,113,4.5
14179,375,100,4.5
14180,375,110,5.0
14181,375,4,5.0
14182,375,83,5.0
14183,375,26,5.0
14184,375,134,4.5
14185,375,111,4.0
14186,376,70,5.0
14187,376,105,5.0
14188,376,49,4.5
14189,376,52,4.5
14190,376,77,5.0
14191,376,59,4.0
14192,376,61,5.0
14193,376,33,5.0
14194,376,27,5.0
14195,376,128,3.5
14196,376,48,4.5
14197,376,14,4.0
14198,376,121,5.0
14199,376,95,3.5
14200,376,68,4.5
14201,376,132,4.5
14202,376,56,4.5
14203,376,116,3.5
14204,376,79,3.5
14205,376,127,5.0
14206,376,94,2.5
14207,376,5,4.0
14208,376,65,4.0
14209,376,118,5.0
14210,376,100,4.0
14211,376,104,5.0
14212,376,47,4.5
14213,377,109,4.0
14214,377,73,2.0
14215,377,84,5.0
14216,377,54,5.0
14217,377,83,5.0
14218,377,25,4.0
14219,377,121,5.0
14220,377,52,5.0
14221,377,43,4.5
14222,377,6,5.0
14223,377,34,5.0
14224,377,59,5.0
14225,377,16,5.0
14226,377,103,4.0
14227,377,71,5.0
14228,377,67,4.0
14229,377,26,5.0
14230,377,1,4.5
14231,377,5,4.0
14232,377,98,5.0
14233,377,76,4.0
14234,377,128,3.5
14235,377,114,5.0
14236,377,44,4.5
14237,377,36,4.0
14238,377,18,4.0
14239,377,120,5.0
14240,377,66,4.5
14241,377,123,4.5
14242,377,28,5.0
14243,377,110,4.5
14244,377,37,5.0
14245,377,95,4.0
14246,377,94,4.0
14247,377,79,4.0
14248,377,130,3.5
14249,377,127,4.0
14250,377,86,5.0
14251,377,49,5.0
14252,377,119,4.5
14253,377,56,4.0
14254,377,101,5.0
14255,377,58,5.0
14256,377,112,5.0
14257,377,69,4.5
14258,377,100,4.5
14259,377,75,4.0
14260,377,124,5.0
14261,377,106,5.0
14262,377,3,4.0
14263,377,53,5.0
14264,377,14,4.5
14265,377,97,4.5
14266,378,112,5.0
14267,378,19,5.0
14268,378,121,3.0
14269,378,43,4.0
14270,378,85,5.0
14271,378,115,5.0
14272,378,32,5.0
14273,378,39,5.0
14274,378,123,4.0
14275,378,5,5.0
14276,378,109,5.0
14277,378,17,4.0
14278,378,131,3.5
14279,378,8,5.0
14280,378,111,4.0
14281,378,88,4.5
14282,378,110,5.0
14283,378,31,5.0
14284,378,69,5.0
14285,378,42,5.0
14286,378,134,5.0
14287,378,91,5.0
14288,378,63,4.5
14289,378,55,4.0
14290,378,96,4.5
14291,378,23,4.0
14292,379,54,5.0
14293,379,1,5.0
14294,379,76,4.0
14295,379,129,5.0
14296,379,95,3.5
14297,379,38,5.0
14298,379,126,4.0
14299,379,59,5.0
14300,379,45,4.5
14301,379,68,4.5
14302,379,49,5.0
14303,379,98,4.5
14304,379,61,5.0
14305,379,7,4.0
14306,379,115,4.5
14307,379,28,3.5
14308,379,50,4.5
14309,379,42,3.5
14310,379,134,4.5
14311,379,19,4.0
14312,379,121,4.5
14313,379,25,5.0
14314,379,96,3.0
14315,379,55,5.0
14316,379,119,4.0
14317,379,33,4.5
14318,379,39,4.0
14319,379,88,5.0
14320,379,37,4.0
14321,379,110,5.0
14322,379,81,4.5
14323,379,77,4.5
14324,379,34,5.0
14325,379,52,4.5
14326,379,66,3.5
14327,379,103,5.0
14328,379,124,3.5
14329,379,112,5.0
14330,379,130,4.5
14331,379,92,4.0
14332,379,32,4.5
14333,379,30,4.5
14334,379,14,4.5
14335,379,69,4.5
14336,379,10,5.0
14337,379,87,5.0
14338,379,20,4.5
14339,379,26,4.5
14340,379,29,5.0
14341,379,48,4.0
14342,379,57,4.0
14343,379,116,4.5
14344,379,12,5.0
14345,379,62,5.0
14346,379,114,3.5
14347,379,58,4.5
14348,380,15,4.5
14349,380,9,5.0
14350,380,12,5.0
14351,380,72,4.5
14352,380,133,4.0
14353,380,105,4.0
14354,380,96,4.5
14355,380,51,4.5
14356,380,46,5.0
14357,380,93,3.5
14358,380,65,4.5
14359,380,20,4.5
14360,380,31,5.0
14361,380,128,4.0
14362,380,38,4.5
14363,380,125,4.5
14364,380,34,5.0
14365,380,44,4.5
14366,380,32,5.0
14367,380,68,3.5
14368,380,103,5.0
14369,380,43,3.5
14370,380,84,4.5
14371,380,85,4.0
14372,380,55,5.0
14373,380,47,5.0
14374,380,116,4.5
14375,380,117,4.5
14376,380,24,4.0
14377,380,26,4.5
14378,380,87,3.5
14379,380,17,4.5
14380,380,53,4.0
14381,380,56,5.0
14382,380,5,5.0
14383,380,81,4.5
14384,380,88,3.5
14385,380,86,4.5
14386,380,2,5.0
14387,380,100,4.0
14388,380,118,4.0
14389,380,60,4.0
14390,380,4,4.5
14391,380,74,4.5
14392,380,11,5.0
14393,380,130,5.0
14394,380,8,5.0
14395,380,108,4.5
14396,380,40,4.0
14397,380,75,5.0
14398,380,109,5.0
14399,380,54,4.5
14400,381,62,5.0
14401,381,109,5.0
14402,381,45,5.0
14403,381,40,4.5
14404,381,18,3.5
14405,381,65,5.0
14406,381,15,4.5
14407,381,46,4.0
14408,381,9,5.0
14409,381,28,5.0
14410,381,113,3.0
14411,381,12,4.0
14412,381,69,4.5
14413,381,50,4.5
14414,381,49,3.5
14415,381,5,3.5
14416,381,131,5.0
14417,381,63,5.0
14418,381,118,4.0
14419,381,58,5.0
14420,381,112,5.0
14421,381,32,4.5
14422,381,125,5.0
14423,381,71,4.0
14424,381,76,5.0
14425,381,108,5.0
14426,381,123,5.0
14427,381,33,5.0
14428,381,59,5.0
14429,381,94,5.0
14430,381,95,4.0
14431,381,129,4.5
14432,381,44,4.5
14433,381,22,5.0
14434,381,34,5.0
14435,381,106,4.0
14436,381,39,4.5
14437,381,98,4.0
14438,381,17,3.5
14439,381,1,4.0
14440,381,25,5.0
14441,381,42,4.0
14442,381,78,5.0
14443,381,100,3.5
14444,381,37,4.0
14445,382,20,5.0
14446,382,44,4.5
14447,382,97,5.0
14448,382,85,5.0
14449,382,93,5.0
14450,382,29,4.0
14451,382,132,4.0
14452,382,59,5.0
14453,382,45,5.0
14454,382,98,4.0
14455,382,80,4.5
14456,382,23,4.0
14457,382,28,4.5
14458,382,69,4.5
14459,382,27,3.5
14460,382,110,4.0
14461,382,13,5.0
14462,382,76,5.0
14463,382,129,5.0
14464,382,40,5.0
14465,382,121,4.0
14466,382,125,5.0
14467,382,74,4.5
14468,382,12,5.0
14469,382,71,4.5
14470,382,92,5.0
14471,382,113,5.0
14472,382,6,4.5
14473,382,94,4.5
14474,382,8,5.0
14475,382,26,5.0
14476,382,114,5.0
14477,382,9,5.0
14478,382,34,5.0
14479,383,116,5.0
14480,383,113,4.5
14481,383,23,5.0
14482,383,26,4.0
14483,383,13,5.0
14484,383,105,5.0
14485,383,93,5.0
14486,383,78,5.0
14487,383,81,5.0
14488,383,82,4.0
14489,383,117,4.5
14490,383,111,5.0
14491,383,61,4.5
14492,383,79,5.0
14493,383,84,4.0
14494,384,108,4.0
14495,384,27,5.0
14496,384,98,5.0
14497,384,24,5.0
14498,384,5,4.5
14499,384,16,4.5
14500,384,34,4.5
14501,384,41,5.0
14502,384,65,3.5
14503,384,35,3.5
14504,384,32,4.5
14505,384,104,5.0
14506,384,37,5.0
14507,384,107,4.5
14508,384,129,4.0
14509,384,33,5.0
14510,385,89,4.0
14511,385,59,4.0
14512,385,36,4.5
14513,385,91,4.5
14514,385,127,4.0
14515,385,34,5.0
14516,385,117,5.0
14517,385,13,5.0
14518,385,52,5.0
14519,385,41,5.0
14520,385,38,5.0
14521,385,8,5.0
14522,385,12,4.0
14523,385,119,4.0
14524,385,69,5.0
14525,386,38,5.0
14526,386,133,4.5
14527,386,103,5.0
14528,386,5,4.5
14529,386,98,4.0
14530,386,12,3.5
14531,386,74,4.0
14532,386,71,3.5
14533,386,4,5.0
14534,386,23,5.0
14535,386,102,5.0
14536,386,120,4.5
14537,386,107,5.0
14538,386,24,5.0
14539,386,34,5.0
14540,386,2,5.0
14541,386,54,5.0
14542,386,101,5.0
14543,386,46,5.0
14544,386,109,4.0
14545,386,39,4.0
14546,386,62,5.0
14547,386,123,4.0
14548,386,58,5.0
14549,386,132,3.0
14550,386,52,4.0
14551,386,89,5.0
14552,386,78,4.0
14553,386,44,4.5
14554,386,6,4.5
14555,386,92,5.0
14556,386,75,4.5
14557,386,3,5.0
14558,386,33,4.0
14559,386,11,5.0
14560,386,82,4.5
14561,386,65,5.0
14562,386,94,3.5
14563,386,110,4.5
14564,386,130,4.0
14565,386,43,5.0
14566,386,56,4.5
14567,386,51,4.5
14568,386,108,5.0
14569,386,112,5.0
14570,386,27,4.5
14571,386,131,5.0
14572,386,13,4.0
14573,386,50,5.0
14574,386,97,4.5
14575,386,81,4.0
14576,386,116,5.0
14577,386,93,3.5
14578,386,18,3.5
14579,386,29,5.0
14580,386,66,4.5
14581,386,72,4.5
14582,386,63,5.0
14583,386,68,4.0
14584,386,79,4.0
14585,387,101,5.0
14586,387,127,4.0
14587,387,3,5.0
14588,387,66,4.5
14589,387,104,4.0
14590,387,106,4.0
14591,387,85,4.5
14592,387,49,5.0
14593,387,89,5.0
14594,387,128,4.0
14595,387,20,5.0
14596,387,76,5.0
14597,387,115,5.0
14598,387,22,4.0
14599,387,48,4.5
14600,387,100,3.5
14601,387,125,5.0
14602,387,118,5.0
14603,387,69,4.5
14604,387,117,4.0
14605,387,24,4.5
14606,387,112,3.5
14607,387,21,5.0
14608,387,68,5.0
14609,387,121,4.5
14610,387,92,4.0
14611,387,116,3.5
14612,387,1,4.5
14613,387,98,5.0
14614,387,129,4.5
14615,387,15,4.0
14616,387,111,5.0
14617,387,28,5.0
14618,387,124,4.0
14619,387,32,5.0
14620,387,120,4.0
14621,387,27,4.5
14622,387,6,5.0
14623,387,56,4.5
14624,387,131,5.0
14625,387,95,4.0
14626,387,44,4.5
14627,387,55,4.0
14628,387,108,5.0
14629,387,39,4.5
14630,387,88,4.5
14631,387,109,4.0
14632,387,63,5.0
14633,387,53,3.5
14634,387,82,5.0
14635,387,64,5.0
14636,387,65,5.0
14637,387,132,3.0
14638,387,79,4.5
14639,387,52,4.5
14640,387,36,3.5
14641,387,42,5.0
14642,388,22,5.0
14643,388,84,4.0
14644,388,122,5.0
14645,388,40,5.0
14646,388,45,4.5
14647,388,72,5.0
14648,388,38,3.5
14649,388,33,4.5
14650,388,56,5.0
14651,388,79,5.0
14652,388,43,5.0
14653,388,123,5.0
14654,388,98,4.5
14655,388,106,4.5
14656,388,13,5.0
14657,388,134,5.0
14658,388,66,4.0
14659,389,103,4.0
14660,389,125,4.5
14661,389,27,4.5
14662,389,89,4.0
14663,389,84,5.0
14664,389,67,4.0
14665,389,70,4.0
14666,389,54,5.0
14667,389,113,4.0
14668,389,3,4.0
14669,389,45,4.5
14670,389,32,4.5
14671,389,75,5.0
14672,389,20,4.5
14673,389,115,5.0
14674,389,51,4.5
14675,389,6,4.5
14676,389,79,3.5
14677,389,114,4.0
14678,389,56,4.0
14679,389,63,3.5
14680,389,110,4.5
14681,389,35,3.5
14682,389,96,4.0
14683,389,106,5.0
14684,389,52,4.0
14685,389,82,5.0
14686,389,90,5.0
14687,389,18,4.5
14688,389,64,5.0
14689,389,126,5.0
14690,389,7,4.5
14691,389,81,4.0
14692,389,43,5.0
14693,389,111,4.5
14694,389,132,4.0
14695,389,119,4.0
14696,389,107,5.0
14697,389,39,5.0
14698,389,80,3.5
14699,390,26,4.0
14700,390,130,4.5
14701,390,17,4.0
14702,390,117,4.0
14703,390,124,4.0
14704,390,96,5.0
14705,390,95,3.5
14706,390,18,5.0
14707,390,40,5.0
14708,390,71,4.0
14709,390,77,4.5
14710,390,25,5.0
14711,390,79,4.0
14712,390,43,4.0
14713,390,87,4.5
14714,390,53,4.0
14715,390,110,4.0
14716,390,46,5.0
14717,390,134,4.0
14718,390,63,5.0
14719,391,87,3.5
14720,391,106,5.0
14721,391,45,5.0
14722,391,37,4.0
14723,391,1,4.5
14724,391,69,5.0
14725,391,14,5.0
14726,391,125,4.0
14727,391,104,4.5
14728,391,62,4.0
14729,391,77,5.0
14730,391,29,5.0
14731,391,89,4.0
14732,391,54,5.0
14733,391,93,4.5
14734,391,119,5.0
14735,391,120,4.0
14736,391,32,5.0
14737,391,13,4.5
14738,391,86,4.0
14739,391,65,5.0
14740,392,55,5.0
14741,392,81,4.5
14742,392,39,4.0
14743,392,61,5.0
14744,392,38,4.5
14745,392,94,4.5
14746,392,96,4.5
14747,392,45,5.0
14748,392,71,4.5
14749,392,3,3.5
14750,392,107,4.0
14751,392,100,4.5
14752,392,87,4.5
14753,392,128,3.0
14754,392,75,4.0
14755,392,101,4.0
14756,392,108,4.0
14757,392,127,5.0
14758,392,63,4.0
14759,392,121,5.0
14760,392,77,4.5
14761,392,132,3.0
14762,392,124,5.0
14763,392,116,4.5
14764,392,47,5.0
14765,392,65,4.5
14766,392,13,4.0
14767,392,84,4.5
14768,392,53,5.0
14769,392,52,4.5
14770,392,6,5.0
14771,392,20,5.0
14772,392,119,5.0
14773,392,68,4.5
14774,392,99,5.0
14775,392,34,4.0
14776,392,133,5.0
14777,392,82,5.0
14778,392,16,5.0
14779,392,25,5.0
14780,392,106,4.0
14781,392,22,5.0
14782,392,31,5.0
14783,392,28,4.0
14784,393,126,4.5
14785,393,111,4.5
14786,393,46,5.0
14787,393,81,5.0
14788,393,26,4.0
14789,393,102,4.5
14790,393,40,4.0
14791,393,29,5.0
14792,393,94,4.5
14793,393,61,5.0
14794,393,109,5.0
14795,393,114,5.0
14796,393,103,5.0
14797,393,64,5.0
14798,393,91,4.5
14799,393,51,4.5
14800,393,110,5.0
14801,394,2,5.0
14802,394,20,5.0
14803,394,70,3.5
14804,394,49,5.0
14805,394,13,4.0
14806,394,120,5.0
14807,394,80,4.5
14808,394,22,5.0
14809,394,64,5.0
14810,394,82,5.0
14811,394,40,5.0
14812,394,79,4.0
14813,394,30,4.0
14814,394,56,5.0
14815,394,52,5.0
14816,394,109,4.5
14817,394,87,5.0
14818,394,29,5.0
14819,394,41,5.0
14820,394,62,4.5
14821,394,92,4.5
14822,394,99,4.5
14823,394,94,5.0
14824,394,73,2.5
14825,394,53,5.0
14826,394,57,4.5
14827,394,113,3.5
14828,394,105,4.5
14829,394,9,3.5
14830,394,89,4.0
14831,394,35,4.5
14832,394,67,3.5
14833,394,3,5.0
14834,394,26,4.5
14835,394,91,4.5
14836,394,108,4.0
14837,394,86,5.0
14838,394,134,4.5
14839,394,98,4.5
14840,394,7,5.0
14841,394,59,4.5
14842,394,118,4.0
14843,394,122,4.5
14844,394,47,4.5
14845,394,81,4.5
14846,394,121,4.5
14847,394,100,3.5
14848,394,72,4.5
14849,394,133,4.5
14850,394,50,4.0
14851,394,4,5.0
14852,394,66,4.0
14853,394,23,5.0
14854,394,44,5.0
14855,395,131,4.5
14856,395,5,4.5
14857,395,87,5.0
14858,395,37,4.5
14859,395,15,4.5
14860,395,53,4.5
14861,395,26,4.0
14862,395,89,5.0
14863,395,76,5.0
14864,395,28,4.5
14865,395,57,4.0
14866,395,108,5.0
14867,395,122,4.5
14868,395,93,4.5
14869,395,55,5.0
14870,395,66,5.0
14871,395,39,5.0
14872,395,100,3.0
14873,395,13,4.0
14874,395,69,5.0
14875,395,117,4.5
14876,395,36,4.5
14877,395,111,4.0
14878,395,64,5.0
14879,395,11,3.5
14880,395,34,5.0
14881,395,49,5.0
14882,396,96,5.0
14883,396,1,4.0
14884,396,124,5.0
14885,396,108,5.0
14886,396,132,3.0
14887,396,17,5.0
14888,396,107,4.5
14889,396,24,5.0
14890,396,123,4.0
14891,396,13,5.0
14892,396,64,5.0
14893,396,19,5.0
14894,396,6,3.0
14895,396,37,4.5
14896,396,70,4.0
14897,396,68,4.5
14898,396,109,4.0
14899,396,67,5.0
14900,396,51,5.0
14901,396,72,4.5
14902,396,7,5.0
14903,396,85,4.0
14904,396,39,5.0
14905,396,14,4.5
14906,396,65,4.5
14907,396,50,5.0
14908,396,105,4.5
14909,396,74,5.0
14910,396,29,5.0
14911,396,122,4.5
14912,396,106,5.0
14913,396,86,4.5
14914,396,21,4.5
14915,396,118,5.0
14916,396,112,5.0
14917,396,84,5.0
14918,396,43,4.5
14919,396,52,5.0
14920,396,33,4.5
14921,396,79,4.0
14922,396,55,5.0
14923,396,60,4.5
14924,396,100,4.0
14925,396,111,4.0
14926,396,76,4.5
14927,396,95,4.0
14928,396,11,5.0
14929,396,97,5.0
14930,396,5,4.0
14931,396,42,5.0
14932,396,30,5.0
14933,396,78,4.5
14934,396,3,5.0
14935,397,50,5.0
14936,397,22,4.5
14937,397,2,5.0
14938,397,105,5.0
14939,397,93,3.5
14940,397,115,4.5
14941,397,62,4.5
14942,397,114,4.0
14943,397,103,5.0
14944,397,42,4.5
14945,397,109,5.0
14946,397,11,4.0
14947,397,128,2.5
14948,397,40,5.0
14949,397,44,3.5
14950,397,118,4.5
14951,397,33,4.5
14952,397,49,4.5
14953,397,74,4.0
14954,397,28,5.0
14955,397,99,5.0
14956,397,89,4.0
14957,397,91,4.5
14958,397,45,5.0
14959,397,16,5.0
14960,397,4,4.5
14961,397,21,5.0
14962,397,95,4.0
14963,397,123,4.5
14964,397,39,5.0
14965,397,7,5.0
14966,397,98,5.0
14967,397,12,4.5
14968,397,20,4.5
14969,398,99,4.0
14970,398,67,5.0
14971,398,30,3.0
14972,398,117,4.5
14973,398,104,5.0
14974,398,118,4.5
14975,398,119,5.0
14976,398,111,4.0
14977,398,86,4.5
14978,398,56,5.0
14979,398,110,5.0
14980,398,8,5.0
14981,398,2,5.0
14982,398,50,4.5
14983,398,36,5.0
14984,398,29,3.5
14985,398,40,3.0
14986,398,42,4.0
14987,398,84,4.0
14988,398,108,5.0
14989,398,92,5.0
14990,398,76,4.5
14991,398,103,5.0
14992,398,114,5.0
14993,398,59,5.0
14994,398,87,3.5
14995,398,82,4.5
14996,398,126,5.0
14997,398,132,4.5
14998,398,11,4.0
14999,398,115,4.5
15000,398,98,5.0
15001,398,61,5.0
15002,398,112,5.0
15003,398,31,5.0
15004,398,6,5.0
15005,398,106,4.5
15006,398,128,3.5
15007,398,23,4.5
15008,398,34,5.0
15009,398,75,4.0
15010,398,54,5.0
15011,398,58,3.5
15012,399,100,4.5
15013,399,54,4.5
15014,399,76,4.0
15015,399,130,5.0
15016,399,87,5.0
15017,399,69,4.0
15018,399,7,4.0
15019,399,98,5.0
15020,399,27,5.0
15021,399,75,5.0
15022,399,2,4.5
15023,399,78,4.0
15024,399,65,5.0
15025,399,34,5.0
15026,399,88,3.5
15027,399,49,5.0
15028,399,68,4.5
15029,399,110,4.5
15030,399,45,5.0
15031,399,95,3.5
15032,399,133,4.0
15033,399,124,5.0
15034,399,108,4.5
15035,399,56,4.0
15036,399,119,5.0
15037,400,114,4.5
15038,400,18,3.5
15039,400,22,5.0
15040,400,15,5.0
15041,400,113,3.5
15042,400,62,4.0
15043,400,92,4.5
15044,400,16,5.0
15045,400,17,4.5
15046,400,71,3.5
15047,400,77,5.0
15048,400,54,4.0
15049,400,23,5.0
15050,400,24,4.5
15051,400,85,5.0
15052,400,102,4.5
15053,400,5,5.0
15054,400,53,5.0
15055,400,70,4.0
15056,400,84,5.0
15057,400,132,4.0
15058,400,37,5.0
15059,400,26,4.5
15060,400,21,4.5
15061,400,30,5.0
15062,400,25,4.0
15063,401,130,5.0
15064,401,88,5.0
15065,401,63,5.0
15066,401,124,3.5
15067,401,13,5.0
15068,401,9,4.5
15069,401,98,3.5
15070,401,111,5.0
15071,401,121,5.0
15072,401,34,4.5
15073,401,33,5.0
15074,401,68,5.0
15075,401,114,3.5
15076,401,106,5.0
15077,401,72,4.5
15078,401,44,5.0
15079,401,37,4.5
15080,401,69,5.0
15081,401,62,3.5
15082,401,100,4.0
15083,401,119,4.0
15084,401,32,5.0
15085,401,14,5.0
15086,402,47,4.5
15087,402,11,5.0
15088,402,59,5.0
15089,402,34,4.0
15090,402,44,4.5
15091,402,32,4.5
15092,402,64,5.0
15093,402,114,5.0
15094,402,10,5.0
15095,402,118,4.0
15096,402,62,5.0
15097,402,5,5.0
15098,402,116,4.5
15099,402,122,5.0
15100,402,12,5.0
15101,402,80,4.5
15102,402,92,4.0
15103,402,121,5.0
15104,402,42,4.5
15105,402,72,4.0
15106,402,52,5.0
15107,402,54,5.0
15108,402,27,4.5
15109,402,76,4.5
15110,402,100,5.0
15111,402,74,5.0
15112,402,85,5.0
15113,402,17,5.0
15114,402,70,5.0
15115,402,104,4.5
15116,402,61,5.0
15117,402,73,3.5
15118,402,68,4.5
15119,402,110,5.0
15120,402,124,3.5
15121,402,21,4.5
15122,402,67,5.0
15123,402,128,2.5
15124,402,26,4.0
15125,402,90,4.5
15126,402,126,5.0
15127,402,33,5.0
15128,402,99,5.0
15129,402,40,5.0
15130,402,103,4.5
15131,402,134,5.0
15132,402,53,4.0
15133,402,23,3.0
15134,402,109,4.0
15135,402,15,5.0
15136,402,105,5.0
15137,402,86,5.0
15138,402,51,4.5
15139,402,91,3.5
15140,402,39,5.0
15141,402,108,4.5
15142,402,55,4.0
15143,402,2,4.0
15144,403,23,4.5
15145,403,67,5.0
15146,403,86,5.0
15147,403,115,4.0
15148,403,40,5.0
15149,403,59,5.0
15150,403,35,3.5
15151,403,103,5.0
15152,403,125,5.0
15153,403,20,4.5
15154,403,69,5.0
15155,403,88,5.0
15156,403,129,5.0
15157,403,26,5.0
15158,403,118,5.0
15159,403,2,4.5
15160,403,25,5.0
15161,403,94,4.0
15162,404,69,3.0
15163,404,51,4.5
15164,404,123,5.0
15165,404,88,5.0
15166,404,130,5.0
15167,404,42,4.0
15168,404,27,5.0
15169,404,96,4.5
15170,404,83,5.0
15171,404,32,5.0
15172,404,20,4.5
15173,404,110,5.0
15174,404,55,4.5
15175,404,114,5.0
15176,404,22,3.5
15177,405,41,4.0
15178,405,99,4.0
15179,405,34,4.5
15180,405,89,5.0
15181,405,21,5.0
15182,405,61,4.0
15183,405,18,4.5
15184,405,23,4.0
15185,405,39,4.0
15186,405,84,4.5
15187,405,74,5.0
15188,405,122,5.0
15189,405,102,4.5
15190,405,118,4.5
15191,405,129,5.0
15192,405,94,4.0
15193,405,58,4.5
15194,405,31,5.0
15195,405,98,4.5
15196,405,83,5.0
15197,405,56,4.0
15198,405,91,4.5
15199,405,123,5.0
15200,405,60,4.5
15201,405,62,5.0
15202,405,22,5.0
15203,405,97,4.0
15204,405,132,3.0
15205,405,126,4.5
15206,405,25,5.0
15207,405,82,4.5
15208,405,40,5.0
15209,405,26,5.0
15210,405,81,5.0
15211,405,44,5.0
15212,405,106,3.5
15213,405,80,5.0
15214,405,111,5.0
15215,405,67,3.5
15216,405,64,4.0
15217,405,109,4.5
15218,406,22,5.0
15219,406,69,5.0
15220,406,16,4.5
15221,406,26,4.0
15222,406,86,4.5
15223,406,38,5.0
15224,406,120,4.0
15225,406,62,4.5
15226,406,28,4.5
15227,406,30,4.5
15228,406,118,4.5
15229,406,48,5.0
15230,406,47,4.5
15231,406,102,5.0
15232,406,80,4.5
15233,406,17,4.0
15234,406,67,4.0
15235,406,126,4.0
15236,407,107,4.5
15237,407,134,4.5
15238,407,124,4.5
15239,407,123,5.0
15240,407,22,4.5
15241,407,91,4.5
15242,407,64,5.0
15243,407,111,4.5
15244,407,77,4.5
15245,407,3,5.0
15246,407,102,4.5
15247,407,130,3.5
15248,407,131,5.0
15249,407,56,5.0
15250,407,99,4.0
15251,407,117,4.0
15252,407,21,4.5
15253,407,95,4.0
15254,407,39,5.0
15255,407,60,4.0
15256,407,94,4.0
15257,407,100,4.5
15258,407,31,5.0
15259,407,52,4.5
15260,407,42,4.0
15261,407,2,5.0
15262,407,6,4.0
15263,407,93,4.5
15264,407,26,4.5
15265,407,19,4.0
15266,407,78,5.0
15267,407,73,3.0
15268,407,125,5.0
15269,407,74,5.0
15270,407,5,4.0
15271,407,129,5.0
15272,407,82,5.0
15273,407,8,5.0
15274,407,121,4.5
15275,407,116,4.5
15276,407,59,5.0
15277,407,53,5.0
15278,407,9,4.5
15279,407,83,5.0
15280,407,40,5.0
15281,407,119,4.5
15282,407,105,5.0
15283,407,58,5.0
15284,407,65,5.0
15285,407,63,4.5
15286,407,32,4.5
15287,407,110,4.5
15288,407,41,4.5
15289,407,34,5.0
15290,408,62,5.0
15291,408,59,4.0
15292,408,89,5.0
15293,408,12,5.0
15294,408,83,4.5
15295,408,19,5.0
15296,408,103,4.5
15297,408,13,4.5
15298,408,33,4.5
15299,408,64,5.0
15300,408,34,5.0
15301,408,84,4.5
15302,408,25,4.5
15303,408,8,4.5
15304,408,125,5.0
15305,408,23,5.0
15306,408,94,4.5
15307,408,92,4.5
15308,409,83,5.0
15309,409,60,5.0
15310,409,131,4.0
15311,409,10,5.0
15312,409,125,4.5
15313,409,20,5.0
15314,409,24,4.5
15315,409,109,4.0
15316,409,32,3.5
15317,409,106,4.5
15318,409,94,5.0
15319,409,114,5.0
15320,409,45,5.0
15321,409,116,4.0
15322,409,3,5.0
15323,409,122,5.0
15324,409,92,4.5
15325,409,96,5.0
15326,409,29,5.0
15327,409,124,4.5
15328,409,89,5.0
15329,409,40,4.0
15330,409,79,5.0
15331,410,94,4.0
15332,410,111,5.0
15333,410,61,5.0
15334,410,81,5.0
15335,410,34,5.0
15336,410,3,5.0
15337,410,1,5.0
15338,410,118,4.5
15339,410,112,5.0
15340,410,19,4.5
15341,410,11,5.0
15342,410,75,5.0
15343,410,40,5.0
15344,410,15,4.0
15345,410,99,5.0
15346,410,129,5.0
15347,410,92,5.0
15348,410,108,5.0
15349,410,115,5.0
15350,411,54,4.0
15351,411,10,5.0
15352,411,72,5.0
15353,411,101,4.5
15354,411,30,5.0
15355,411,99,3.5
15356,411,63,5.0
15357,411,134,4.5
15358,411,105,3.0
15359,411,131,5.0
15360,411,122,5.0
15361,411,91,5.0
15362,411,23,4.0
15363,411,108,4.5
15364,411,12,4.5
15365,411,90,4.5
15366,411,98,5.0
15367,411,86,4.5
15368,411,103,4.5
15369,411,42,4.5
15370,411,123,4.0
15371,412,13,4.0
15372,412,103,5.0
15373,412,114,4.5
15374,412,96,5.0
15375,412,27,5.0
15376,412,66,5.0
15377,412,89,4.5
15378,412,126,5.0
15379,412,37,4.0
15380,412,78,3.5
15381,412,71,4.5
15382,412,130,4.5
15383,412,53,4.0
15384,412,60,5.0
15385,412,115,5.0
15386,412,11,5.0
15387,412,34,4.5
15388,412,50,4.5
15389,412,62,4.5
15390,412,118,4.5
15391,412,73,3.0
15392,412,5,4.5
15393,412,56,3.0
15394,412,49,4.5
15395,412,68,4.0
15396,412,129,5.0
15397,412,93,5.0
15398,412,54,5.0
15399,412,58,4.5
15400,413,52,4.0
15401,413,26,5.0
15402,413,97,5.0
15403,413,127,5.0
15404,413,124,4.0
15405,413,28,5.0
15406,413,42,4.5
15407,413,107,4.5
15408,413,96,5.0
15409,413,73,5.0
15410,413,40,5.0
15411,413,4,4.5
15412,413,27,4.0
15413,413,37,4.0
15414,413,68,4.5
15415,413,15,5.0
15416,414,118,5.0
15417,414,61,5.0
15418,414,131,5.0
15419,414,123,4.5
15420,414,35,4.0
15421,414,80,5.0
15422,414,97,5.0
15423,414,13,4.5
15424,414,51,4.5
15425,414,28,5.0
15426,414,2,5.0
15427,414,26,5.0
15428,414,103,5.0
15429,414,102,4.5
15430,414,99,5.0
15431,414,37,4.5
15432,414,32,4.0
15433,414,68,5.0
15434,414,29,3.5
15435,414,120,4.5
15436,414,86,5.0
15437,414,8,4.5
15438,414,4,5.0
15439,414,112,5.0
15440,414,75,4.5
15441,414,11,5.0
15442,414,38,4.0
15443,414,116,5.0
15444,414,41,5.0
15445,414,21,5.0
15446,414,79,4.5
15447,414,40,5.0
15448,414,129,5.0
15449,414,107,5.0
15450,414,3,5.0
15451,414,63,5.0
15452,414,89,5.0
15453,414,92,4.0
15454,414,36,4.5
15455,414,14,4.0
15456,414,57,4.0
15457,414,73,2.5
15458,414,93,4.5
15459,414,83,4.0
15460,414,53,4.5
15461,414,106,4.5
15462,414,130,5.0
15463,414,90,5.0
15464,414,50,5.0
15465,414,20,4.5
15466,414,66,5.0
15467,414,121,5.0
15468,414,64,3.5
15469,414,25,4.5
15470,414,46,5.0
15471,415,67,4.0
15472,415,39,5.0
15473,415,65,4.5
15474,415,101,4.5
15475,415,49,4.5
15476,415,19,5.0
15477,415,63,5.0
15478,415,112,4.0
15479,415,60,4.0
15480,415,31,5.0
15481,415,126,5.0
15482,415,10,5.0
15483,415,133,5.0
15484,415,47,4.5
15485,415,6,3.5
15486,415,29,4.5
15487,415,123,5.0
15488,415,108,5.0
15489,415,107,4.0
15490,415,127,4.0
15491,415,15,5.0
15492,415,69,5.0
15493,415,5,5.0
15494,415,90,4.0
15495,415,20,4.5
15496,416,105,4.5
15497,416,55,5.0
15498,416,75,3.5
15499,416,17,4.5
15500,416,12,4.5
15501,416,57,4.0
15502,416,68,5.0
15503,416,11,4.5
15504,416,36,5.0
15505,416,130,5.0
15506,416,26,5.0
15507,416,97,5.0
15508,416,9,4.5
15509,416,67,5.0
15510,416,14,4.5
15511,416,15,3.5
15512,416,110,5.0
15513,416,118,5.0
15514,416,72,5.0
15515,416,82,5.0
15516,416,120,4.5
15517,416,40,5.0
15518,416,2,4.0
15519,416,44,4.5
15520,416,127,5.0
15521,416,90,5.0
15522,416,91,3.5
15523,416,30,4.5
15524,416,21,5.0
15525,416,41,3.5
15526,416,115,4.0
15527,416,119,4.5
15528,416,129,4.5
15529,416,76,5.0
15530,416,86,4.5
15531,416,1,5.0
15532,416,113,5.0
15533,416,98,4.5
15534,416,58,2.5
15535,416,5,5.0
15536,416,65,5.0
15537,416,47,3.5
15538,416,54,3.5
15539,416,99,5.0
15540,416,74,5.0
15541,416,126,5.0
15542,417,60,4.5
15543,417,17,3.0
15544,417,12,4.0
15545,417,90,4.0
15546,417,126,5.0
15547,417,102,4.0
15548,417,62,4.5
15549,417,132,3.5
15550,417,88,5.0
15551,417,108,5.0
15552,417,5,5.0
15553,417,11,4.5
15554,417,4,4.5
15555,417,69,5.0
15556,417,78,5.0
15557,417,52,5.0
15558,417,83,4.0
15559,417,43,4.0
15560,417,38,5.0
15561,417,53,3.0
15562,417,101,5.0
15563,417,13,5.0
15564,417,22,4.5
15565,417,42,4.0
15566,417,29,5.0
15567,417,51,4.5
15568,417,124,5.0
15569,417,50,5.0
15570,417,37,5.0
15571,417,3,5.0
15572,417,8,5.0
15573,417,36,5.0
15574,417,57,5.0
15575,417,116,4.0
15576,417,67,5.0
15577,417,119,5.0
15578,417,134,3.5
15579,418,7,5.0
15580,418,44,5.0
15581,418,24,4.0
15582,418,69,5.0
15583,418,74,5.0
15584,418,76,4.0
15585,418,23,3.5
15586,418,121,5.0
15587,418,125,5.0
15588,418,104,4.0
15589,418,46,4.5
15590,418,43,5.0
15591,418,109,4.0
15592,418,129,4.5
15593,418,55,3.5
15594,418,58,3.5
15595,418,36,5.0
15596,418,30,5.0
15597,418,117,5.0
15598,418,116,5.0
15599,418,86,3.5
15600,418,85,5.0
15601,418,67,4.5
15602,418,39,5.0
15603,418,113,4.5
15604,418,73,4.0
15605,418,94,4.0
15606,418,53,5.0
15607,418,90,5.0
15608,418,133,4.5
15609,418,48,3.5
15610,418,21,5.0
15611,419,90,3.5
15612,419,97,4.0
15613,419,85,4.5
15614,419,63,5.0
15615,419,40,4.5
15616,419,123,5.0
15617,419,100,3.5
15618,419,71,4.0
15619,419,59,4.5
15620,419,132,3.5
15621,419,12,4.5
15622,419,34,5.0
15623,419,134,4.5
15624,419,11,4.5
15625,419,119,5.0
15626,419,31,5.0
15627,419,36,4.5
15628,419,74,4.5
15629,419,26,4.5
15630,419,102,4.0
15631,419,16,5.0
15632,419,98,4.5
15633,419,62,4.5
15634,419,78,4.5
15635,419,50,5.0
15636,419,57,4.5
15637,419,5,5.0
15638,419,56,5.0
15639,419,1,4.0
15640,419,47,4.0
15641,419,105,5.0
15642,419,72,4.5
15643,419,83,5.0
15644,419,13,4.5
15645,419,112,5.0
15646,419,30,5.0
15647,419,41,5.0
15648,419,60,5.0
15649,419,111,5.0
15650,419,17,3.5
15651,419,114,4.5
15652,419,92,4.5
15653,419,94,4.0
15654,419,110,5.0
15655,419,18,5.0
15656,419,44,5.0
15657,419,4,5.0
15658,419,51,5.0
15659,419,76,5.0
15660,419,103,5.0
15661,420,132,4.5
15662,420,21,5.0
15663,420,36,5.0
15664,420,23,4.0
15665,420,60,5.0
15666,420,1,5.0
15667,420,13,4.0
15668,420,87,5.0
15669,420,95,2.5
15670,420,72,4.5
15671,420,66,5.0
15672,420,18,4.0
15673,420,84,4.0
15674,420,98,5.0
15675,420,25,4.0
15676,420,68,4.0
15677,420,110,5.0
15678,420,39,4.5
15679,420,86,4.0
15680,420,49,5.0
15681,420,107,4.5
15682,420,74,4.0
15683,420,80,5.0
15684,420,7,5.0
15685,420,121,4.0
15686,420,88,5.0
15687,420,109,4.0
15688,420,91,4.5
15689,420,105,4.0
15690,420,125,5.0
15691,420,52,5.0
15692,420,62,4.5
15693,420,17,4.5
15694,420,26,4.0
15695,420,127,4.5
15696,420,28,3.5
15697,420,10,4.0
15698,420,8,3.5
15699,420,34,5.0
15700,420,116,5.0
15701,420,96,5.0
15702,420,119,5.0
15703,420,16,5.0
15704,420,64,4.0
15705,420,100,5.0
15706,420,130,4.5
15707,420,81,5.0
15708,420,32,4.5
15709,420,108,4.0
15710,420,53,4.0
15711,420,47,4.5
15712,420,41,4.5
15713,420,54,5.0
15714,420,9,4.0
15715,420,78,4.0
15716,421,67,5.0
15717,421,78,4.5
15718,421,72,4.0
15719,421,64,4.5
15720,421,110,4.0
15721,421,112,5.0
15722,421,29,3.5
15723,421,129,4.5
15724,421,125,4.5
15725,421,114,4.0
15726,421,15,5.0
15727,421,10,4.5
15728,421,40,4.5
15729,421,101,4.5
15730,421,128,3.0
15731,421,120,5.0
15732,421,6,5.0
15733,421,55,4.5
15734,421,33,5.0
15735,421,4,5.0
15736,421,133,5.0
15737,421,91,3.5
15738,421,134,5.0
15739,421,115,5.0
15740,421,42,4.5
15741,421,132,4.0
15742,421,131,4.5
15743,421,62,4.5
15744,421,11,5.0
15745,421,43,4.5
15746,421,41,5.0
15747,422,89,4.5
15748,422,126,4.5
15749,422,120,3.5
15750,422,59,5.0
15751,422,117,4.0
15752,422,51,5.0
15753,422,92,5.0
15754,422,133,5.0
15755,422,63,4.0
15756,422,110,4.5
15757,422,75,5.0
15758,422,41,5.0
15759,422,98,5.0
15760,422,45,4.0
15761,422,9,4.0
15762,422,73,4.5
15763,422,83,5.0
15764,422,105,5.0
15765,422,19,4.5
15766,422,33,4.0
15767,422,93,5.0
15768,422,58,5.0
15769,422,35,3.5
15770,422,88,4.0
15771,422,11,3.5
15772,422,10,5.0
15773,422,132,3.5
15774,422,62,4.5
15775,422,87,5.0
15776,422,28,5.0
15777,422,129,4.5
15778,422,131,4.0
15779,422,2,5.0
15780,422,130,5.0
15781,422,91,4.0
15782,423,90,5.0
15783,423,39,4.5
15784,423,48,5.0
15785,423,1,4.5
15786,423,121,4.0
15787,423,35,3.5
15788,423,2,5.0
15789,423,9,5.0
15790,423,79,5.0
15791,423,58,5.0
15792,423,109,4.5
15793,423,3,5.0
15794,423,71,4.5
15795,423,38,4.5
15796,423,18,4.5
15797,423,70,5.0
15798,423,61,5.0
15799,423,33,5.0
15800,423,107,5.0
15801,423,87,5.0
15802,423,127,4.5
15803,423,56,5.0
15804,423,88,4.5
15805,423,92,4.5
15806,423,21,5.0
15807,423,63,5.0
15808,423,126,4.0
15809,423,134,5.0
15810,423,113,4.5
15811,423,98,4.0
15812,423,27,4.0
15813,423,81,5.0
15814,423,51,4.0
15815,424,85,5.0
15816,424,53,4.5
15817,424,30,4.5
15818,424,112,5.0
15819,424,37,4.5
15820,424,8,5.0
15821,424,29,4.5
15822,424,131,4.0
15823,424,54,4.5
15824,424,91,5.0
15825,424,51,5.0
15826,424,128,2.5
15827,424,16,5.0
15828,424,55,4.5
15829,424,108,5.0
15830,424,116,5.0
15831,424,101,4.5
15832,424,121,5.0
15833,424,79,5.0
15834,424,50,5.0
15835,424,120,5.0
15836,424,72,4.0
15837,424,61,5.0
15838,424,94,4.0
15839,424,87,4.5
15840,424,40,3.5
15841,424,2,5.0
15842,424,32,5.0
15843,424,27,4.5
15844,424,1,4.5
15845,424,33,4.5
15846,424,48,4.0
15847,424,36,5.0
15848,424,104,5.0
15849,424,9,4.5
15850,424,3,5.0
15851,424,115,4.0
15852,424,13,5.0
15853,424,56,5.0
15854,424,124,4.5
15855,424,34,4.5
15856,424,75,4.0
15857,424,60,5.0
15858,424,105,4.0
15859,425,104,5.0
15860,425,45,5.0
15861,425,88,5.0
15862,425,51,5.0
15863,425,94,5.0
15864,425,12,4.0
15865,425,28,5.0
15866,425,129,5.0
15867,425,15,5.0
15868,425,118,4.0
15869,425,43,4.5
15870,425,100,3.0
15871,425,21,5.0
15872,425,105,4.0
15873,425,42,4.0
15874,425,41,5.0
15875,425,65,5.0
15876,425,132,4.0
15877,425,56,4.5
15878,425,107,5.0
15879,425,24,4.5
15880,425,60,5.0
15881,425,58,4.0
15882,425,91,4.0
15883,425,70,5.0
15884,425,71,4.5
15885,425,69,4.0
15886,425,23,5.0
15887,425,52,4.5
15888,425,6,5.0
15889,425,29,4.5
15890,425,11,5.0
15891,425,57,4.5
15892,425,36,5.0
15893,425,108,5.0
15894,425,76,4.5
15895,425,3,5.0
15896,425,31,4.5
15897,425,98,4.5
15898,425,33,4.5
15899,425,46,3.5
15900,425,123,4.5
15901,425,125,4.0
15902,425,1,5.0
15903,425,99,3.5
15904,425,61,5.0
15905,426,43,5.0
15906,426,47,5.0
15907,426,30,4.0
15908,426,53,4.0
15909,426,52,3.5
15910,426,98,4.0
15911,426,97,4.0
15912,426,8,4.5
15913,426,1,4.0
15914,426,118,3.5
15915,426,66,4.5
15916,426,26,3.5
15917,426,35,5.0
15918,426,59,4.0
15919,426,56,5.0
15920,426,88,5.0
15921,426,96,4.0
15922,426,10,5.0
15923,426,17,3.5
15924,426,86,5.0
15925,426,65,5.0
15926,426,82,4.0
15927,426,74,4.5
15928,426,67,3.0
15929,426,76,4.0
15930,426,80,4.5
15931,426,93,4.0
15932,426,132,4.0
15933,426,126,3.5
15934,426,119,4.5
15935,426,64,5.0
15936,426,36,3.0
15937,426,50,4.0
15938,426,14,5.0
15939,426,95,5.0
15940,426,15,5.0
15941,426,125,4.0
15942,427,128,2.5
15943,427,73,3.0
15944,427,77,5.0
15945,427,71,4.0
15946,427,81,5.0
15947,427,119,4.5
15948,427,65,4.5
15949,427,112,5.0
15950,427,103,4.0
15951,427,40,4.0
15952,427,36,5.0
15953,427,15,3.5
15954,427,109,4.0
15955,427,6,3.5
15956,427,58,4.5
15957,427,52,4.0
15958,427,75,3.5
15959,427,116,4.5
15960,427,107,4.0
15961,427,22,4.0
15962,427,96,4.0
15963,427,55,5.0
15964,427,18,4.5
15965,427,50,5.0
15966,427,82,4.5
15967,427,99,4.5
15968,427,44,3.5
15969,427,37,4.0
15970,427,84,5.0
15971,427,30,5.0
15972,428,80,4.5
15973,428,56,4.5
15974,428,79,5.0
15975,428,10,4.0
15976,428,126,4.0
15977,428,54,5.0
15978,428,15,5.0
15979,428,57,4.5
15980,428,84,4.5
15981,428,86,5.0
15982,428,13,5.0
15983,428,104,5.0
15984,428,88,4.5
15985,428,108,5.0
15986,428,60,3.5
15987,428,120,4.5
15988,428,50,5.0
15989,428,124,4.5
15990,428,113,5.0
15991,428,122,4.5
15992,428,82,4.0
15993,428,111,4.5
15994,428,25,5.0
15995,428,41,5.0
15996,428,85,5.0
15997,428,4,5.0
15998,428,83,5.0
15999,428,81,5.0
16000,428,1,5.0
16001,428,63,5.0
16002,428,66,5.0
16003,428,69,3.5
16004,428,28,4.0
16005,428,118,3.5
16006,428,75,4.0
16007,428,21,4.5
16008,428,20,5.0
16009,428,112,3.0
16010,428,26,5.0
16011,428,92,5.0
16012,428,95,4.0
16013,428,65,5.0
16014,428,42,5.0
16015,428,37,4.5
16016,428,2,5.0
16017,429,93,4.5
16018,429,71,4.5
16019,429,121,5.0
16020,429,101,4.5
16021,429,29,4.0
16022,429,41,4.0
16023,429,28,4.5
16024,429,133,5.0
16025,429,73,2.5
16026,429,32,5.0
16027,429,119,5.0
16028,429,85,5.0
16029,429,77,4.5
16030,429,12,5.0
16031,429,82,5.0
16032,429,19,4.5
16033,429,62,4.5
16034,429,87,5.0
16035,429,94,3.5
16036,429,97,5.0
16037,429,131,4.0
16038,429,2,5.0
16039,429,108,4.0
16040,429,54,4.5
16041,429,42,5.0
16042,429,4,4.5
16043,429,57,4.5
16044,429,95,3.5
16045,429,52,5.0
16046,429,14,5.0
16047,429,20,5.0
16048,430,68,4.5
16049,430,106,4.5
16050,430,10,4.5
16051,430,8,4.0
16052,430,134,5.0
16053,430,46,3.5
16054,430,63,5.0
16055,430,103,3.0
16056,430,97,5.0
16057,430,37,5.0
16058,430,109,4.5
16059,430,5,5.0
16060,430,48,5.0
16061,430,39,5.0
16062,430,16,5.0
16063,430,114,4.5
16064,430,96,5.0
16065,430,87,4.0
16066,431,98,5.0
16067,431,47,5.0
16068,431,19,5.0
16069,431,50,5.0
16070,431,61,5.0
16071,431,60,5.0
16072,431,132,2.5
16073,431,95,4.5
16074,431,77,5.0
16075,431,21,5.0
16076,431,74,5.0
16077,431,118,4.5
16078,431,49,4.5
16079,431,101,5.0
16080,431,84,4.0
16081,431,79,4.0
16082,431,128,2.5
16083,431,15,5.0
16084,431,1,4.0
16085,431,109,4.0
16086,431,44,5.0
16087,431,29,4.5
16088,432,39,4.5
16089,432,41,5.0
16090,432,7,4.0
16091,432,21,4.0
16092,432,43,4.0
16093,432,108,5.0
16094,432,14,4.5
16095,432,116,4.5
16096,432,38,4.5
16097,432,34,5.0
16098,432,54,4.0
16099,432,91,4.5
16100,432,124,5.0
16101,432,47,4.0
16102,432,65,4.5
16103,432,75,4.0
16104,432,42,5.0
16105,432,18,4.5
16106,432,95,4.0
16107,432,113,5.0
16108,432,35,4.0
16109,432,63,4.5
16110,432,53,4.0
16111,432,2,4.0
16112,432,109,4.5
16113,432,73,4.5
16114,432,122,3.5
16115,433,132,3.5
16116,433,129,5.0
16117,433,117,5.0
16118,433,40,4.5
16119,433,79,4.0
16120,433,131,4.5
16121,433,103,4.5
16122,433,67,4.5
16123,433,8,4.0
16124,433,102,5.0
16125,433,77,4.5
16126,433,18,4.5
16127,433,66,5.0
16128,433,125,5.0
16129,433,19,5.0
16130,433,115,4.5
16131,433,52,4.5
16132,433,88,5.0
16133,433,93,5.0
16134,433,10,4.0
16135,433,91,4.5
16136,433,83,4.0
16137,433,97,4.5
16138,433,49,4.5
16139,434,68,4.0
16140,434,35,4.0
16141,434,93,4.5
16142,434,61,4.0
16143,434,96,3.5
16144,434,70,4.5
16145,434,22,4.5
16146,434,108,5.0
16147,434,52,4.5
16148,434,102,4.5
16149,434,3,5.0
16150,434,11,4.5
16151,434,74,4.5
16152,434,78,5.0
16153,434,123,5.0
16154,434,79,5.0
16155,434,72,4.0
16156,434,88,4.0
16157,434,34,4.0
16158,434,118,4.0
16159,434,124,5.0
16160,434,67,5.0
16161,434,57,4.0
16162,434,1,5.0
16163,434,90,4.5
16164,434,16,5.0
16165,435,1,4.5
16166,435,14,5.0
16167,435,121,5.0
16168,435,133,5.0
16169,435,28,4.5
16170,435,128,4.0
16171,435,93,4.0
16172,435,4,5.0
16173,435,129,4.5
16174,435,23,4.0
16175,435,2,5.0
16176,435,48,4.0
16177,435,7,5.0
16178,435,20,5.0
16179,435,45,4.5
16180,435,86,5.0
16181,435,37,4.5
16182,435,73,3.0
16183,435,61,4.5
16184,435,21,5.0
16185,435,88,4.5
16186,435,98,3.5
16187,435,81,5.0
16188,435,30,5.0
16189,435,91,5.0
16190,435,114,5.0
16191,435,80,5.0
16192,435,125,4.0
16193,435,5,5.0
16194,435,11,5.0
16195,435,124,3.5
16196,435,87,5.0
16197,435,107,4.5
16198,435,108,3.5
16199,435,116,4.5
16200,435,47,4.0
16201,435,101,4.0
16202,435,78,4.5
16203,435,100,5.0
16204,435,35,3.0
16205,435,83,5.0
16206,435,59,4.5
16207,435,103,4.0
16208,435,89,5.0
16209,435,84,5.0
16210,435,85,4.0
16211,435,43,4.5
16212,435,82,5.0
16213,435,111,4.5
16214,435,77,5.0
16215,435,55,4.5
16216,436,70,4.0
16217,436,9,5.0
16218,436,132,3.0
16219,436,15,5.0
16220,436,55,4.5
16221,436,87,5.0
16222,436,103,4.0
16223,436,22,3.5
16224,436,37,4.5
16225,436,95,5.0
16226,436,6,3.5
16227,436,129,4.5
16228,436,46,5.0
16229,436,57,5.0
16230,436,33,4.0
16231,436,34,4.5
16232,436,43,4.0
16233,436,4,4.0
16234,436,73,2.5
16235,436,80,5.0
16236,436,74,5.0
16237,436,72,4.5
16238,436,56,4.5
16239,436,27,4.5
16240,436,24,4.5
16241,436,119,4.5
16242,436,48,4.0
16243,436,98,5.0
16244,436,32,5.0
16245,436,41,5.0
16246,436,19,4.5
16247,436,121,4.5
16248,437,108,4.5
16249,437,68,4.5
16250,437,40,4.5
16251,437,89,5.0
16252,437,127,5.0
16253,437,35,3.5
16254,437,3,5.0
16255,437,43,4.5
16256,437,109,5.0
16257,437,130,4.5
16258,437,38,5.0
16259,437,70,5.0
16260,437,106,4.5
16261,437,21,5.0
16262,437,122,5.0
16263,437,74,5.0
16264,437,67,5.0
16265,437,112,5.0
16266,437,114,4.0
16267,437,62,5.0
16268,437,102,4.5
16269,437,71,5.0
16270,437,111,5.0
16271,437,14,4.0
16272,438,70,5.0
16273,438,89,5.0
16274,438,37,3.0
16275,438,47,5.0
16276,438,109,4.5
16277,438,115,5.0
16278,438,110,4.0
16279,438,129,5.0
16280,438,133,5.0
16281,438,117,5.0
16282,438,119,4.5
16283,438,121,3.5
16284,438,85,5.0
16285,438,76,5.0
16286,438,72,4.5
16287,438,132,3.0
16288,438,67,4.5
16289,438,116,4.0
16290,439,54,5.0
16291,439,65,5.0
16292,439,97,4.5
16293,439,64,5.0
16294,439,7,4.5
16295,439,29,4.5
16296,439,40,4.0
16297,439,108,4.0
16298,439,36,4.5
16299,439,127,5.0
16300,439,68,5.0
16301,439,37,5.0
16302,439,101,4.5
16303,439,38,5.0
16304,439,62,5.0
16305,439,78,5.0
16306,439,32,4.5
16307,439,55,5.0
16308,439,93,5.0
16309,439,122,5.0
16310,439,86,5.0
16311,439,45,5.0
16312,439,53,5.0
16313,439,16,4.0
16314,439,9,4.5
16315,439,47,5.0
16316,439,112,4.5
16317,439,71,4.0
16318,439,103,5.0
16319,439,52,4.0
16320,439,18,5.0
16321,439,91,4.5
16322,439,17,4.5
16323,439,90,4.5
16324,439,31,5.0
16325,439,8,4.5
16326,439,60,4.0
16327,439,4,4.5
16328,439,85,4.5
16329,439,134,4.5
16330,439,43,4.0
16331,439,79,4.0
16332,439,33,4.5
16333,439,67,5.0
16334,439,132,3.5
16335,439,41,4.5
16336,439,30,4.0
16337,439,14,4.5
16338,439,49,5.0
16339,439,5,5.0
16340,439,102,4.5
16341,439,84,5.0
16342,439,58,4.5
16343,439,39,4.0
16344,439,100,4.0
16345,439,118,4.0
16346,439,130,4.5
16347,439,28,3.5
16348,439,57,4.5
16349,440,115,4.0
16350,440,10,5.0
16351,440,85,5.0
16352,440,40,3.5
16353,440,12,5.0
16354,440,63,4.0
16355,440,21,5.0
16356,440,86,5.0
16357,440,29,4.5
16358,440,108,3.5
16359,440,87,5.0
16360,440,22,5.0
16361,440,105,4.0
16362,440,79,5.0
16363,440,70,5.0
16364,440,72,5.0
16365,440,111,5.0
16366,440,116,4.5
16367,440,59,4.0
16368,440,130,5.0
16369,440,102,5.0
16370,440,94,3.5
16371,440,97,5.0
16372,440,118,5.0
16373,440,123,4.0
16374,440,27,5.0
16375,440,96,5.0
16376,440,128,3.5
16377,440,3,4.5
16378,440,109,4.0
16379,440,56,5.0
16380,440,49,4.0
16381,440,67,5.0
16382,441,88,4.0
16383,441,109,4.5
16384,441,45,4.5
16385,441,50,4.0
16386,441,34,5.0
16387,441,116,3.5
16388,441,128,3.5
16389,441,83,4.5
16390,441,92,5.0
16391,441,99,4.5
16392,441,5,5.0
16393,441,8,5.0
16394,441,33,4.5
16395,441,43,4.0
16396,441,28,5.0
16397,441,44,4.0
16398,441,68,4.5
16399,441,46,5.0
16400,441,91,4.0
16401,441,75,4.0
16402,441,61,4.5
16403,441,120,5.0
16404,441,123,4.5
16405,441,17,4.5
16406,441,100,4.5
16407,441,60,3.0
16408,441,29,5.0
16409,441,96,3.5
16410,441,82,4.5
16411,441,86,4.5
16412,442,118,5.0
16413,442,60,4.5
16414,442,101,4.0
16415,442,88,5.0
16416,442,98,5.0
16417,442,3,5.0
16418,442,77,5.0
16419,442,124,5.0
16420,442,127,4.0
16421,442,36,4.5
16422,442,66,5.0
16423,442,86,5.0
16424,442,119,5.0
16425,442,115,5.0
16426,442,34,5.0
16427,442,96,4.5
16428,442,123,5.0
16429,442,56,5.0
16430,442,64,5.0
16431,442,122,5.0
16432,442,30,5.0
16433,442,27,4.5
16434,442,24,4.5
16435,442,92,5.0
16436,442,23,5.0
16437,442,80,4.5
16438,442,10,5.0
16439,442,89,5.0
16440,442,21,4.5
16441,442,37,4.5
16442,442,70,5.0
16443,442,78,4.5
16444,442,43,4.5
16445,442,46,5.0
16446,442,69,4.0
16447,442,133,5.0
16448,442,107,5.0
16449,442,57,4.0
16450,442,4,3.5
16451,442,2,4.5
16452,443,51,5.0
16453,443,84,4.5
16454,443,104,4.5
16455,443,118,3.5
16456,443,6,5.0
16457,443,34,4.5
16458,443,116,5.0
16459,443,63,4.5
16460,443,22,4.0
16461,443,66,4.0
16462,443,99,4.5
16463,443,59,4.0
16464,443,10,5.0
16465,443,41,4.0
16466,443,119,5.0
16467,443,49,5.0
16468,443,47,3.5
16469,443,78,4.0
16470,443,56,4.5
16471,443,85,5.0
16472,443,80,4.5
16473,443,48,5.0
16474,443,60,5.0
16475,443,90,5.0
16476,443,75,4.5
16477,443,86,5.0
16478,443,38,4.0
16479,443,46,5.0
16480,443,64,4.0
16481,443,44,4.5
16482,443,73,2.5
16483,443,105,4.5
16484,444,18,4.0
16485,444,48,4.5
16486,444,24,5.0
16487,444,77,5.0
16488,444,96,4.0
16489,444,126,5.0
16490,444,76,4.5
16491,444,82,5.0
16492,444,39,4.5
16493,444,16,5.0
16494,444,53,4.0
16495,444,11,5.0
16496,444,35,4.0
16497,444,122,4.5
16498,444,99,4.0
16499,444,68,5.0
16500,444,119,5.0
16501,444,52,4.5
16502,444,7,5.0
16503,444,132,3.5
16504,444,37,4.0
16505,445,23,4.5
16506,445,10,5.0
16507,445,93,4.0
16508,445,43,4.5
16509,445,91,5.0
16510,445,123,4.5
16511,445,82,5.0
16512,445,75,5.0
16513,445,73,5.0
16514,445,8,4.5
16515,445,130,4.5
16516,445,4,5.0
16517,445,37,4.5
16518,445,119,5.0
16519,445,105,5.0
16520,445,62,5.0
16521,445,78,4.0
16522,445,117,4.0
16523,445,33,5.0
16524,445,12,4.5
16525,445,18,4.0
16526,445,103,4.5
16527,445,84,5.0
16528,445,31,5.0
16529,445,20,5.0
16530,445,42,5.0
16531,446,23,4.0
16532,446,53,5.0
16533,446,129,5.0
16534,446,22,4.5
16535,446,58,5.0
16536,446,11,5.0
16537,446,24,4.0
16538,446,38,3.5
16539,446,76,5.0
16540,446,110,5.0
16541,446,40,4.5
16542,446,72,4.5
16543,446,5,4.5
16544,446,21,5.0
16545,446,80,5.0
16546,446,68,4.5
16547,446,78,4.5
16548,446,7,5.0
16549,446,123,5.0
16550,446,70,3.5
16551,446,83,4.0
16552,446,119,4.5
16553,446,92,5.0
16554,446,9,5.0
16555,446,75,4.5
16556,447,22,4.0
16557,447,3,4.5
16558,447,56,4.0
16559,447,24,5.0
16560,447,30,5.0
16561,447,123,4.0
16562,447,75,5.0
16563,447,5,5.0
16564,447,42,5.0
16565,447,105,5.0
16566,447,111,5.0
16567,447,4,4.0
16568,447,15,4.0
16569,447,31,5.0
16570,447,93,5.0
16571,447,27,4.0
16572,447,101,3.5
16573,447,21,5.0
16574,447,133,5.0
16575,447,98,4.5
16576,447,114,4.0
16577,447,32,4.5
16578,447,35,3.5
16579,447,103,5.0
16580,447,34,5.0
16581,447,76,4.0
16582,447,48,4.0
16583,447,132,3.5
16584,447,129,5.0
16585,447,64,5.0
16586,447,10,5.0
16587,447,33,4.5
16588,447,67,5.0
16589,447,61,4.0
16590,447,99,5.0
16591,447,51,5.0
16592,447,45,4.0
16593,447,8,4.5
16594,447,92,4.5
16595,447,125,4.5
16596,447,59,3.0
16597,447,115,4.5
16598,447,91,5.0
16599,447,20,5.0
16600,447,46,5.0
16601,448,3,4.5
16602,448,7,4.0
16603,448,127,4.5
16604,448,17,4.5
16605,448,71,4.0
16606,448,13,5.0
16607,448,108,5.0
16608,448,26,5.0
16609,448,32,5.0
16610,448,24,4.0
16611,448,28,5.0
16612,448,39,3.5
16613,448,124,5.0
16614,448,109,4.0
16615,448,4,5.0
16616,448,103,5.0
16617,448,97,4.0
16618,448,52,5.0
16619,448,44,5.0
16620,448,114,4.5
16621,448,69,4.0
16622,448,100,4.5
16623,448,63,4.0
16624,448,38,4.5
16625,448,37,5.0
16626,448,90,5.0
16627,448,70,5.0
16628,448,89,5.0
16629,448,68,5.0
16630,448,130,5.0
16631,448,25,4.5
16632,448,80,5.0
16633,448,84,4.0
16634,448,22,5.0
16635,448,126,3.5
16636,448,60,4.5
16637,448,43,5.0
16638,448,77,4.5
16639,448,94,3.5
16640,448,1,5.0
16641,448,74,5.0
16642,448,64,5.0
16643,448,125,5.0
16644,448,19,5.0
16645,448,106,4.5
16646,448,42,5.0
16647,448,128,2.5
16648,448,91,5.0
16649,449,92,5.0
16650,449,132,2.5
16651,449,78,5.0
16652,449,2,5.0
16653,449,27,5.0
16654,449,29,5.0
16655,449,69,5.0
16656,449,33,5.0
16657,449,103,4.0
16658,449,11,5.0
16659,449,48,4.5
16660,449,57,5.0
16661,449,23,4.5
16662,449,70,5.0
16663,449,15,4.5
16664,449,91,4.5
16665,449,40,4.0
16666,449,134,5.0
16667,449,28,5.0
16668,449,90,4.0
16669,449,49,5.0
16670,449,9,4.5
16671,449,10,3.0
16672,449,54,5.0
16673,449,128,3.0
16674,449,114,4.5
16675,449,16,5.0
16676,449,14,4.0
16677,449,118,4.0
16678,449,50,4.5
16679,449,4,5.0
16680,450,106,4.5
16681,450,109,4.5
16682,450,8,5.0
16683,450,3,5.0
16684,450,60,3.5
16685,450,2,5.0
16686,450,23,4.0
16687,450,12,5.0
16688,450,77,4.5
16689,450,123,5.0
16690,450,53,4.0
16691,450,83,4.0
16692,450,18,4.5
16693,450,20,4.5
16694,450,64,4.0
16695,450,100,4.5
16696,450,121,4.5
16697,450,29,3.5
16698,450,67,5.0
16699,450,49,5.0
16700,450,103,4.0
16701,450,76,4.5
16702,450,61,4.5
16703,450,35,3.5
16704,450,88,4.0
16705,450,17,5.0
16706,450,89,5.0
16707,450,13,5.0
16708,450,84,5.0
16709,450,94,3.5
16710,450,99,5.0
16711,450,57,4.0
16712,450,96,5.0
16713,450,27,5.0
16714,450,50,4.5
16715,450,68,4.0
16716,450,30,5.0
16717,450,69,5.0
16718,450,48,4.5
16719,450,85,5.0
16720,450,132,4.0
16721,450,75,3.0
16722,450,42,4.5
16723,450,87,5.0
16724,450,81,5.0
16725,450,58,4.5
16726,450,131,2.5
16727,450,93,5.0
16728,450,25,4.5
16729,450,34,4.5
16730,450,4,4.5
16731,450,78,4.5
16732,450,74,5.0
16733,450,11,4.5
16734,450,124,4.0
16735,450,47,5.0
16736,450,5,4.0
16737,450,70,4.5
16738,451,55,5.0
16739,451,59,4.0
16740,451,42,4.5
16741,451,109,4.5
16742,451,72,4.5
16743,451,125,5.0
16744,451,24,5.0
16745,451,88,4.0
16746,451,123,5.0
16747,451,127,5.0
16748,451,110,4.5
16749,451,6,5.0
16750,451,7,4.5
16751,451,12,3.5
16752,451,57,4.0
16753,451,2,5.0
16754,451,60,4.5
16755,451,130,3.0
16756,451,14,4.5
16757,451,17,4.0
16758,451,129,4.5
16759,451,92,5.0
16760,451,80,4.0
16761,451,37,4.5
16762,451,82,5.0
16763,451,84,5.0
16764,451,44,4.5
16765,451,58,4.5
16766,451,52,4.5
16767,451,10,4.5
16768,451,95,4.0
16769,451,104,5.0
16770,451,31,4.5
16771,451,126,4.0
16772,451,35,4.5
16773,451,73,5.0
16774,451,39,4.5
16775,451,117,5.0
16776,451,111,4.5
16777,451,121,4.5
16778,451,90,4.0
16779,451,96,5.0
16780,451,23,4.0
16781,451,81,5.0
16782,451,124,3.5
16783,451,32,3.0
16784,451,41,5.0
16785,451,45,5.0
16786,451,20,4.0
16787,451,70,5.0
16788,451,26,4.5
16789,451,94,4.5
16790,451,28,3.0
16791,451,62,5.0
16792,451,22,5.0
16793,451,69,4.5
16794,451,61,4.0
16795,451,46,4.5
16796,451,106,5.0
16797,451,63,5.0
16798,452,121,4.5
16799,452,31,5.0
16800,452,38,4.5
16801,452,88,3.0
16802,452,63,5.0
16803,452,45,5.0
16804,452,86,4.0
16805,452,25,5.0
16806,452,41,5.0
16807,452,23,5.0
16808,452,8,5.0
16809,452,42,4.0
16810,452,43,5.0
16811,452,104,5.0
16812,452,124,4.0
16813,452,16,5.0
16814,452,105,4.5
16815,452,106,4.5
16816,453,6,5.0
16817,453,115,3.5
16818,453,12,4.5
16819,453,63,4.5
16820,453,125,4.5
16821,453,134,5.0
16822,453,16,5.0
16823,453,132,3.5
16824,453,107,4.0
16825,453,112,4.5
16826,453,58,4.0
16827,453,43,5.0
16828,453,10,4.0
16829,453,128,3.5
16830,453,9,5.0
16831,454,74,5.0
16832,454,69,5.0
16833,454,88,3.5
16834,454,102,5.0
16835,454,82,5.0
16836,454,114,5.0
16837,454,35,5.0
16838,454,55,4.0
16839,454,61,5.0
16840,454,51,5.0
16841,454,47,5.0
16842,454,87,4.0
16843,454,36,5.0
16844,454,12,5.0
16845,454,99,5.0
16846,454,77,4.0
16847,454,66,5.0
16848,454,21,4.0
16849,454,65,5.0
16850,454,14,5.0
16851,454,58,4.5
16852,454,76,4.5
16853,454,128,3.5
16854,454,64,5.0
16855,454,62,5.0
16856,454,134,4.0
16857,454,45,5.0
16858,454,1,5.0
16859,454,104,5.0
16860,454,6,5.0
16861,454,25,3.5
16862,454,40,4.0
16863,454,43,5.0
16864,454,98,5.0
16865,454,17,5.0
16866,454,97,3.5
16867,454,20,3.5
16868,454,8,5.0
16869,454,24,3.5
16870,454,56,5.0
16871,454,23,5.0
16872,454,125,5.0
16873,454,79,5.0
16874,454,29,5.0
16875,454,120,5.0
16876,455,103,5.0
16877,455,41,4.5
16878,455,60,5.0
16879,455,120,3.5
16880,455,36,4.5
16881,455,57,4.5
16882,455,128,3.5
16883,455,87,5.0
16884,455,23,5.0
16885,455,24,4.5
16886,455,44,4.0
16887,455,97,4.5
16888,455,75,3.5
16889,455,27,5.0
16890,455,14,5.0
16891,455,5,4.5
16892,455,30,4.5
16893,455,104,5.0
16894,455,118,4.5
16895,455,92,4.5
16896,455,61,4.5
16897,455,106,5.0
16898,455,99,4.0
16899,455,94,4.0
16900,455,90,5.0
16901,455,115,5.0
16902,455,7,5.0
16903,455,1,4.5
16904,455,70,4.0
16905,455,89,5.0
16906,455,122,5.0
16907,455,40,5.0
16908,455,19,5.0
16909,455,84,4.5
16910,455,121,5.0
16911,455,33,4.5
16912,455,119,4.5
16913,455,100,3.5
16914,455,96,3.5
16915,455,58,4.0
16916,455,2,4.5
16917,455,35,3.5
16918,455,26,5.0
16919,455,25,5.0
16920,455,116,4.5
16921,455,109,5.0
16922,455,88,4.5
16923,455,16,5.0
16924,455,81,4.5
16925,455,86,4.0
16926,455,69,4.0
16927,455,66,3.5
16928,455,123,4.0
16929,455,101,4.5
16930,455,130,4.0
16931,455,47,5.0
16932,455,52,5.0
16933,455,11,5.0
16934,455,17,4.0
16935,456,131,5.0
16936,456,96,4.0
16937,456,108,4.0
16938,456,89,4.5
16939,456,93,4.5
16940,456,21,5.0
16941,456,8,4.5
16942,456,33,5.0
16943,456,85,5.0
16944,456,3,5.0
16945,456,102,4.0
16946,456,112,5.0
16947,456,104,5.0
16948,456,10,5.0
16949,456,118,4.5
16950,456,58,5.0
16951,456,77,4.0
16952,456,127,5.0
16953,456,107,5.0
16954,456,121,5.0
16955,456,24,4.5
16956,457,66,5.0
16957,457,87,5.0
16958,457,74,4.5
16959,457,2,5.0
16960,457,52,4.0
16961,457,90,5.0
16962,457,83,5.0
16963,457,101,5.0
16964,457,96,5.0
16965,457,37,5.0
16966,457,54,5.0
16967,457,47,4.5
16968,457,56,4.0
16969,457,100,4.5
16970,457,85,3.5
16971,457,84,5.0
16972,457,48,5.0
16973,457,26,4.5
16974,457,10,5.0
16975,457,61,4.5
16976,457,8,5.0
16977,457,134,5.0
16978,457,63,4.5
16979,457,28,4.0
16980,457,5,5.0
16981,457,7,4.5
16982,457,20,4.5
16983,457,95,5.0
16984,457,12,5.0
16985,458,6,4.5
16986,458,114,5.0
16987,458,54,4.5
16988,458,40,4.0
16989,458,106,4.0
16990,458,80,4.0
16991,458,78,5.0
16992,458,119,5.0
16993,458,97,4.0
16994,458,58,4.5
16995,458,100,4.5
16996,458,99,5.0
16997,458,72,4.0
16998,458,133,4.5
16999,458,74,5.0
17000,458,81,4.0
17001,458,89,4.0
17002,458,26,3.5
17003,458,86,4.0
17004,458,61,4.5
17005,458,66,5.0
17006,458,46,4.0
17007,458,79,5.0
17008,458,47,3.5
17009,458,127,4.5
17010,458,36,5.0
17011,458,12,4.0
17012,458,62,4.5
17013,458,56,4.5
17014,458,102,5.0
17015,458,8,5.0
17016,458,101,4.5
17017,458,112,4.0
17018,458,116,5.0
17019,458,3,4.5
17020,458,77,5.0
17021,458,117,5.0
17022,458,64,5.0
17023,458,13,5.0
17024,458,132,3.0
17025,459,63,5.0
17026,459,68,4.5
17027,459,91,5.0
17028,459,12,4.5
17029,459,104,4.0
17030,459,82,4.5
17031,459,55,4.5
17032,459,65,5.0
17033,459,6,5.0
17034,459,51,4.0
17035,459,21,4.0
17036,459,96,5.0
17037,459,42,4.5
17038,459,8,5.0
17039,459,20,4.5
17040,459,31,5.0
17041,459,126,4.5
17042,459,66,5.0
17043,459,111,4.5
17044,459,74,4.0
17045,459,83,5.0
17046,459,76,5.0
17047,459,107,5.0
17048,459,87,4.5
17049,459,50,4.0
17050,459,36,5.0
17051,459,125,3.5
17052,459,103,4.5
17053,459,78,4.0
17054,459,129,4.0
17055,459,22,5.0
17056,459,34,4.5
17057,460,30,4.5
17058,460,87,5.0
17059,460,12,5.0
17060,460,61,5.0
17061,460,104,5.0
17062,460,81,4.0
17063,460,90,4.5
17064,460,71,3.5
17065,460,101,5.0
17066,460,53,5.0
17067,460,91,4.5
17068,460,65,5.0
17069,460,92,4.5
17070,460,119,4.5
17071,460,128,2.0
17072,460,9,4.5
17073,460,82,4.0
17074,460,73,3.5
17075,460,116,5.0
17076,460,118,4.5
17077,460,6,5.0
17078,460,114,4.5
17079,460,126,5.0
17080,460,107,4.0
17081,460,39,5.0
17082,460,16,4.5
17083,461,96,5.0
17084,461,15,5.0
17085,461,99,5.0
17086,461,24,5.0
17087,461,76,5.0
17088,461,30,4.5
17089,461,49,5.0
17090,461,103,5.0
17091,461,10,5.0
17092,461,92,3.5
17093,461,87,4.0
17094,461,31,4.5
17095,461,25,5.0
17096,461,57,3.0
17097,461,106,4.0
17098,461,113,5.0
17099,461,21,5.0
17100,461,129,4.5
17101,461,111,4.5
17102,461,127,5.0
17103,462,54,4.0
17104,462,36,4.5
17105,462,20,4.5
17106,462,50,4.5
17107,462,72,5.0
17108,462,91,4.5
17109,462,42,5.0
17110,462,124,5.0
17111,462,18,5.0
17112,462,6,5.0
17113,462,73,2.0
17114,462,112,5.0
17115,462,121,4.5
17116,462,111,5.0
17117,462,99,4.5
17118,462,104,5.0
17119,462,34,3.0
17120,462,125,5.0
17121,462,86,4.5
17122,462,7,5.0
17123,462,106,4.0
17124,462,28,5.0
17125,462,62,5.0
17126,462,87,5.0
17127,462,10,4.0
17128,462,61,5.0
17129,462,64,5.0
17130,462,47,5.0
17131,462,67,5.0
17132,463,57,5.0
17133,463,51,5.0
17134,463,16,4.5
17135,463,47,5.0
17136,463,84,4.5
17137,463,92,4.5
17138,463,127,3.5
17139,463,75,5.0
17140,463,93,3.5
17141,463,118,4.5
17142,463,18,3.5
17143,463,8,4.5
17144,463,55,4.5
17145,463,101,5.0
17146,463,20,5.0
17147,463,29,5.0
17148,463,15,4.5
17149,463,102,4.0
17150,463,37,4.5
17151,463,105,4.0
17152,463,85,4.5
17153,463,44,5.0
17154,463,77,4.5
17155,463,56,4.0
17156,463,72,3.5
17157,463,114,4.0
17158,463,89,5.0
17159,463,65,4.0
17160,463,90,4.5
17161,463,78,5.0
17162,463,14,5.0
17163,463,3,5.0
17164,463,128,3.5
17165,463,91,4.5
17166,463,50,4.5
17167,463,82,4.5
17168,463,104,4.5
17169,463,74,5.0
17170,463,52,4.0
17171,463,71,5.0
17172,463,7,5.0
17173,463,116,4.5
17174,463,46,4.5
17175,463,4,4.5
17176,463,45,5.0
17177,463,21,4.5
17178,463,12,4.5
17179,463,9,4.0
17180,463,19,5.0
17181,463,94,5.0
17182,463,28,4.5
17183,463,122,4.0
17184,463,1,5.0
17185,463,67,5.0
17186,463,132,4.5
17187,463,96,4.0
17188,463,36,4.5
17189,463,98,4.5
17190,464,50,4.0
17191,464,12,5.0
17192,464,25,4.0
17193,464,101,4.0
17194,464,74,5.0
17195,464,127,4.5
17196,464,36,5.0
17197,464,68,4.5
17198,464,126,5.0
17199,464,81,5.0
17200,464,52,4.0
17201,464,16,4.0
17202,464,61,4.0
17203,464,38,4.0
17204,464,87,5.0
17205,464,92,5.0
17206,464,49,5.0
17207,464,114,5.0
17208,464,67,5.0
17209,464,41,4.0
17210,464,75,4.5
17211,464,2,5.0
17212,464,18,4.5
17213,464,131,3.5
17214,464,88,5.0
17215,464,134,5.0
17216,464,17,4.0
17217,464,78,4.5
17218,464,104,4.5
17219,464,58,5.0
17220,464,109,4.5
17221,464,11,5.0
17222,464,123,5.0
17223,464,98,5.0
17224,464,106,4.0
17225,464,100,5.0
17226,464,112,5.0
17227,465,80,5.0
17228,465,100,4.0
17229,465,17,5.0
17230,465,116,5.0
17231,465,47,5.0
17232,465,28,4.0
17233,465,93,4.5
17234,465,123,4.5
17235,465,109,4.0
17236,465,8,5.0
17237,465,44,5.0
17238,465,99,4.0
17239,465,20,4.0
17240,465,2,4.0
17241,465,81,3.5
17242,465,130,5.0
17243,465,117,5.0
17244,465,94,5.0
17245,465,115,5.0
17246,465,30,5.0
17247,465,43,5.0
17248,465,26,4.5
17249,465,127,4.0
17250,465,12,4.5
17251,465,25,5.0
17252,465,128,4.0
17253,465,16,4.0
17254,465,66,4.5
17255,465,35,4.0
17256,465,48,4.5
17257,465,53,4.5
17258,465,3,5.0
17259,465,114,5.0
17260,465,79,5.0
17261,465,134,4.0
17262,465,131,5.0
17263,465,37,5.0
17264,465,85,5.0
17265,465,122,5.0
17266,465,32,4.5
17267,465,96,4.0
17268,465,132,3.0
17269,465,92,5.0
17270,465,108,4.0
17271,465,1,4.5
17272,465,78,5.0
17273,465,11,5.0
17274,465,19,4.5
17275,465,75,5.0
17276,465,106,3.5
17277,465,34,4.0
17278,465,29,5.0
17279,465,14,4.5
17280,465,36,5.0
17281,466,51,5.0
17282,466,127,4.5
17283,466,39,4.5
17284,466,81,5.0
17285,466,80,4.5
17286,466,76,4.5
17287,466,48,5.0
17288,466,17,4.0
17289,466,82,5.0
17290,466,42,4.5
17291,466,26,4.5
17292,466,125,5.0
17293,466,15,4.5
17294,466,9,5.0
17295,466,116,5.0
17296,466,60,5.0
17297,466,68,4.0
17298,466,87,5.0
17299,466,72,4.5
17300,466,97,4.0
17301,466,24,5.0
17302,466,71,5.0
17303,466,4,5.0
17304,466,43,5.0
17305,467,56,5.0
17306,467,100,4.5
17307,467,93,4.5
17308,467,49,5.0
17309,467,27,5.0
17310,467,96,5.0
17311,467,35,2.5
17312,467,102,4.0
17313,467,33,4.5
17314,467,25,5.0
17315,467,9,5.0
17316,467,124,5.0
17317,467,76,5.0
17318,467,22,5.0
17319,467,66,5.0
17320,467,68,4.5
17321,467,57,5.0
17322,467,1,5.0
17323,467,32,4.5
17324,468,116,5.0
17325,468,43,3.0
17326,468,111,5.0
17327,468,120,4.5
17328,468,8,5.0
17329,468,24,5.0
17330,468,7,4.5
17331,468,97,5.0
17332,468,6,5.0
17333,468,96,5.0
17334,468,27,5.0
17335,468,102,5.0
17336,468,82,5.0
17337,468,39,4.5
17338,468,29,5.0
17339,468,38,5.0
17340,468,121,4.0
17341,468,77,4.5
17342,468,117,5.0
17343,468,64,5.0
17344,468,47,5.0
17345,468,95,5.0
17346,468,92,4.5
17347,468,70,5.0
17348,468,90,4.5
17349,468,46,4.5
17350,468,105,5.0
17351,468,71,3.5
17352,468,112,5.0
17353,468,53,4.5
17354,468,81,5.0
17355,468,9,5.0
17356,468,94,4.5
17357,468,68,3.0
17358,468,101,5.0
17359,468,65,5.0
17360,468,12,4.0
17361,468,61,5.0
17362,468,66,5.0
17363,468,52,4.0
17364,468,128,3.5
17365,468,91,5.0
17366,468,17,5.0
17367,468,15,5.0
17368,468,114,4.5
17369,468,74,5.0
17370,468,76,4.5
17371,468,20,4.5
17372,468,115,4.5
17373,468,78,3.5
17374,468,33,4.0
17375,468,28,5.0
17376,469,124,4.0
17377,469,67,5.0
17378,469,113,4.5
17379,469,35,3.5
17380,469,110,4.5
17381,469,133,5.0
17382,469,56,4.0
17383,469,77,5.0
17384,469,27,5.0
17385,469,26,5.0
17386,469,109,5.0
17387,469,2,4.5
17388,469,117,5.0
17389,469,39,4.0
17390,469,93,4.5
17391,469,100,2.5
17392,469,47,3.5
17393,469,83,5.0
17394,469,76,5.0
17395,469,108,4.0
17396,469,128,1.5
17397,469,73,3.5
17398,469,22,4.0
17399,469,85,5.0
17400,469,98,5.0
17401,470,100,4.5
17402,470,61,3.5
17403,470,120,5.0
17404,470,23,3.5
17405,470,122,4.5
17406,470,5,4.5
17407,470,79,5.0
17408,470,58,5.0
17409,470,97,4.5
17410,470,65,4.5
17411,470,25,5.0
17412,470,22,5.0
17413,470,106,3.5
17414,470,87,5.0
17415,470,90,4.0
17416,470,93,5.0
17417,471,103,5.0
17418,471,119,5.0
17419,471,110,5.0
17420,471,127,4.5
17421,471,122,4.5
17422,471,125,5.0
17423,471,94,3.5
17424,471,73,4.5
17425,471,27,4.5
17426,471,47,5.0
17427,471,101,5.0
17428,471,72,5.0
17429,471,55,4.0
17430,471,10,5.0
17431,471,126,5.0
17432,471,107,5.0
17433,471,100,4.5
17434,471,40,4.5
17435,471,12,5.0
17436,471,63,4.5
17437,471,33,4.0
17438,471,77,5.0
17439,471,121,3.5
17440,471,75,5.0
17441,471,45,5.0
17442,471,29,3.5
17443,471,118,4.5
17444,471,105,4.5
17445,471,123,5.0
17446,471,4,3.5
17447,471,71,4.0
17448,471,84,4.0
17449,471,70,5.0
17450,471,39,5.0
17451,471,23,4.0
17452,471,56,5.0
17453,471,115,5.0
17454,471,17,4.0
17455,471,25,4.5
17456,471,26,4.5
17457,471,78,4.0
17458,471,128,3.0
17459,471,2,3.5
17460,471,87,5.0
17461,471,98,4.0
17462,471,52,4.5
17463,472,50,4.0
17464,472,118,5.0
17465,472,47,4.5
17466,472,111,5.0
17467,472,79,4.5
17468,472,58,4.0
17469,472,45,5.0
17470,472,8,5.0
17471,472,132,3.0
17472,472,66,5.0
17473,472,103,5.0
17474,472,134,5.0
17475,472,73,3.0
17476,472,122,4.5
17477,472,57,5.0
17478,472,21,4.0
17479,472,115,4.5
17480,472,35,4.0
17481,472,126,5.0
17482,472,80,4.5
17483,472,61,4.5
17484,472,14,5.0
17485,472,86,4.5
17486,472,109,3.0
17487,472,97,4.5
17488,472,83,4.0
17489,473,88,4.5
17490,473,122,5.0
17491,473,52,5.0
17492,473,89,4.0
17493,473,129,5.0
17494,473,97,4.0
17495,473,123,4.5
17496,473,76,5.0
17497,473,55,5.0
17498,473,50,4.5
17499,473,106,4.5
17500,473,71,5.0
17501,473,70,4.5
17502,473,128,2.5
17503,473,14,5.0
17504,473,44,5.0
17505,473,98,4.5
17506,474,91,5.0
17507,474,62,5.0
17508,474,71,5.0
17509,474,114,4.0
17510,474,65,5.0
17511,474,82,5.0
17512,474,10,4.5
17513,474,92,4.5
17514,474,129,4.5
17515,474,17,4.0
17516,474,33,5.0
17517,474,4,4.5
17518,474,100,4.0
17519,474,47,4.5
17520,474,31,5.0
17521,474,57,4.5
17522,474,64,4.5
17523,474,22,4.0
17524,474,77,5.0
17525,474,83,5.0
17526,474,1,4.5
17527,474,72,4.5
17528,474,93,4.0
17529,474,35,4.0
17530,474,87,4.0
17531,474,107,4.5
17532,474,96,5.0
17533,474,68,5.0
17534,474,79,4.0
17535,474,51,4.0
17536,474,41,5.0
17537,474,30,4.5
17538,474,115,5.0
17539,474,80,5.0
17540,474,34,4.5
17541,474,43,5.0
17542,474,123,5.0
17543,475,93,4.5
17544,475,133,5.0
17545,475,59,5.0
17546,475,116,4.5
17547,475,111,5.0
17548,475,53,5.0
17549,475,52,5.0
17550,475,115,5.0
17551,475,38,5.0
17552,475,119,5.0
17553,475,51,4.5
17554,475,60,5.0
17555,475,36,5.0
17556,475,83,4.5
17557,475,55,5.0
17558,475,35,3.5
17559,475,89,4.5
17560,475,101,4.5
17561,475,131,4.5
17562,475,124,5.0
17563,475,130,5.0
17564,475,56,4.0
17565,475,96,4.5
17566,475,5,5.0
17567,475,32,4.0
17568,475,28,5.0
17569,475,18,4.0
17570,475,63,5.0
17571,475,26,4.0
17572,475,117,4.5
17573,475,74,4.5
17574,475,80,4.5
17575,475,61,5.0
17576,475,34,4.0
17577,475,15,5.0
17578,475,43,4.0
17579,475,77,4.5
17580,475,19,5.0
17581,475,7,5.0
17582,475,91,4.5
17583,475,104,4.0
17584,476,121,5.0
17585,476,16,5.0
17586,476,124,4.5
17587,476,22,4.0
17588,476,31,4.5
17589,476,41,4.0
17590,476,47,4.0
17591,476,130,5.0
17592,476,114,4.0
17593,476,93,5.0
17594,476,52,4.0
17595,476,119,4.5
17596,476,13,5.0
17597,476,111,5.0
17598,476,28,4.5
17599,476,73,3.5
17600,476,15,4.0
17601,476,17,4.0
17602,476,25,5.0
17603,476,63,4.5
17604,476,60,5.0
17605,476,33,5.0
17606,476,128,2.5
17607,476,77,3.5
17608,476,83,4.5
17609,476,76,4.0
17610,476,67,4.5
17611,476,39,5.0
17612,476,87,4.0
17613,476,14,5.0
17614,476,90,4.5
17615,476,95,4.0
17616,476,27,5.0
17617,476,32,5.0
17618,476,64,5.0
17619,476,53,4.5
17620,476,65,5.0
17621,476,58,5.0
17622,476,2,5.0
17623,476,43,5.0
17624,476,89,4.5
17625,476,98,5.0
17626,477,22,3.5
17627,477,110,5.0
17628,477,127,4.5
17629,477,84,4.0
17630,477,129,4.0
17631,477,69,5.0
17632,477,67,5.0
17633,477,35,4.0
17634,477,114,5.0
17635,477,6,5.0
17636,477,71,4.5
17637,477,72,5.0
17638,477,85,4.5
17639,477,74,4.5
17640,477,116,5.0
17641,477,41,5.0
17642,477,96,5.0
17643,477,76,5.0
17644,477,28,4.0
17645,477,4,4.0
17646,477,26,5.0
17647,477,24,4.0
17648,477,81,5.0
17649,477,5,5.0
17650,477,60,4.5
17651,477,112,4.0
17652,477,48,4.0
17653,477,56,5.0
17654,477,1,4.5
17655,477,92,5.0
17656,478,119,4.5
17657,478,54,4.5
17658,478,42,4.5
17659,478,7,4.5
17660,478,31,5.0
17661,478,38,5.0
17662,478,92,4.0
17663,478,28,3.5
17664,478,12,5.0
17665,478,72,5.0
17666,478,118,5.0
17667,478,132,4.5
17668,478,1,5.0
17669,478,3,5.0
17670,478,129,4.0
17671,478,17,4.5
17672,478,26,4.5
17673,478,11,4.0
17674,478,86,5.0
17675,478,69,4.5
17676,478,18,5.0
17677,478,90,4.0
17678,478,5,5.0
17679,478,98,3.5
17680,478,89,4.5
17681,478,50,4.5
17682,478,67,5.0
17683,478,134,5.0
17684,478,104,5.0
17685,478,8,4.0
17686,478,39,5.0
17687,478,68,4.5
17688,478,16,3.5
17689,478,101,4.0
17690,478,110,4.0
17691,478,112,5.0
17692,478,73,4.0
17693,478,130,4.0
17694,478,105,5.0
17695,478,45,4.0
17696,478,106,5.0
17697,478,103,4.5
17698,478,37,4.0
17699,478,91,4.5
17700,478,58,5.0
17701,478,127,5.0
17702,478,108,4.0
17703,478,46,5.0
17704,478,57,4.0
17705,478,63,5.0
17706,478,77,5.0
17707,478,113,4.0
17708,478,27,5.0
17709,478,76,5.0
17710,478,93,5.0
17711,478,20,3.5
17712,478,35,4.0
17713,478,43,4.5
17714,479,54,4.5
17715,479,95,3.0
17716,479,86,4.5
17717,479,131,4.0
17718,479,20,5.0
17719,479,16,4.5
17720,479,35,2.5
17721,479,85,4.5
17722,479,130,5.0
17723,479,58,4.5
17724,479,57,4.0
17725,479,100,3.5
17726,479,43,5.0
17727,479,39,5.0
17728,479,125,5.0
17729,479,99,4.0
17730,479,108,4.5
17731,479,120,5.0
17732,479,81,5.0
17733,479,64,4.0
17734,479,115,5.0
17735,479,128,2.0
17736,479,48,4.0
17737,479,74,4.5
17738,479,24,5.0
17739,479,112,5.0
17740,479,37,5.0
17741,479,91,5.0
17742,479,129,5.0
17743,479,17,3.5
17744,479,28,5.0
17745,479,66,5.0
17746,479,117,3.0
17747,479,19,5.0
17748,479,118,3.0
17749,479,133,4.5
17750,479,76,4.5
17751,479,32,5.0
17752,479,62,5.0
17753,479,77,4.5
17754,479,61,4.5
17755,479,79,4.0
17756,479,5,5.0
17757,479,3,4.5
17758,479,114,5.0
17759,479,8,4.5
17760,479,123,5.0
17761,479,122,5.0
17762,479,47,4.5
17763,479,119,4.5
17764,479,88,5.0
17765,479,71,4.5
17766,479,40,5.0
17767,480,55,5.0
17768,480,53,4.5
17769,480,96,4.5
17770,480,124,4.5
17771,480,107,5.0
17772,480,130,5.0
17773,480,14,5.0
17774,480,72,4.0
17775,480,106,4.5
17776,480,101,4.5
17777,480,79,4.5
17778,480,46,5.0
17779,480,98,5.0
17780,480,1,5.0
17781,480,39,5.0
17782,480,103,4.5
17783,480,132,4.0
17784,480,75,5.0
17785,480,12,5.0
17786,480,4,5.0
17787,480,65,4.5
17788,480,54,4.5
17789,480,122,4.5
17790,480,92,4.5
17791,480,7,5.0
17792,480,38,4.5
17793,480,26,5.0
17794,480,11,5.0
17795,480,61,4.5
17796,480,116,4.5
17797,480,48,4.0
17798,480,43,3.5
17799,480,88,3.5
17800,480,126,4.5
17801,480,127,4.0
17802,480,42,4.5
17803,480,21,5.0
17804,480,105,4.5
17805,480,81,5.0
17806,480,111,4.0
17807,480,117,4.0
17808,480,59,5.0
17809,480,94,4.5
17810,480,30,4.5
17811,480,29,5.0
17812,480,51,4.5
17813,480,100,5.0
17814,480,50,5.0
17815,480,6,4.5
17816,480,131,4.5
17817,480,32,4.5
17818,480,9,5.0
17819,480,113,4.0
17820,480,5,5.0
17821,480,68,4.5
17822,480,74,5.0
17823,480,67,4.0
17824,481,119,5.0
17825,481,50,5.0
17826,481,43,5.0
17827,481,127,4.5
17828,481,112,5.0
17829,481,105,5.0
17830,481,62,5.0
17831,481,57,4.0
17832,481,77,4.0
17833,481,101,5.0
17834,481,84,5.0
17835,481,42,5.0
17836,481,67,4.0
17837,481,12,4.5
17838,481,88,4.0
17839,481,89,4.5
17840,481,71,5.0
17841,481,61,4.0
17842,481,131,3.5
17843,481,106,4.5
17844,481,110,5.0
17845,481,39,4.0
17846,481,35,3.5
17847,481,79,4.0
17848,481,73,4.0
17849,481,22,4.0
17850,481,40,4.5
17851,481,133,4.5
17852,481,68,4.0
17853,481,58,5.0
17854,481,85,5.0
17855,482,36,4.0
17856,482,38,4.5
17857,482,63,4.5
17858,482,35,5.0
17859,482,69,4.0
17860,482,99,4.5
17861,482,126,4.5
17862,482,18,4.5
17863,482,24,4.5
17864,482,116,5.0
17865,482,7,4.0
17866,482,29,4.0
17867,482,60,5.0
17868,482,27,4.5
17869,482,30,5.0
17870,482,132,2.5
17871,482,91,4.0
17872,482,72,4.0
17873,482,100,4.5
17874,482,131,4.0
17875,482,124,5.0
17876,482,50,4.0
17877,482,87,4.5
17878,482,92,4.5
17879,482,9,5.0
17880,482,121,4.0
17881,483,123,5.0
17882,483,109,4.5
17883,483,67,4.0
17884,483,66,4.5
17885,483,68,4.0
17886,483,55,4.5
17887,483,107,4.0
17888,483,118,3.5
17889,483,29,4.0
17890,483,22,5.0
17891,483,60,4.5
17892,483,5,5.0
17893,483,48,5.0
17894,483,53,4.0
17895,483,14,4.0
17896,483,33,4.5
17897,483,56,5.0
17898,483,46,5.0
17899,483,25,5.0
17900,483,113,4.0
17901,483,119,3.5
17902,483,103,4.5
17903,483,114,5.0
17904,483,23,4.0
17905,483,6,5.0
17906,483,8,5.0
17907,483,38,4.0
17908,483,20,5.0
17909,483,12,4.5
17910,483,88,3.5
17911,483,131,4.5
17912,483,127,5.0
17913,483,57,5.0
17914,483,112,5.0
17915,483,59,5.0
17916,483,92,4.0
17917,483,13,3.0
17918,483,122,4.5
17919,483,18,4.5
17920,483,7,4.0
17921,484,39,4.0
17922,484,33,5.0
17923,484,21,4.5
17924,484,69,4.0
17925,484,90,5.0
17926,484,118,5.0
17927,484,76,5.0
17928,484,75,4.5
17929,484,107,5.0
17930,484,99,3.5
17931,484,53,5.0
17932,484,47,5.0
17933,484,80,4.0
17934,484,77,4.5
17935,484,3,5.0
17936,484,43,4.5
17937,484,109,5.0
17938,484,17,5.0
17939,484,61,5.0
17940,484,120,5.0
17941,484,91,5.0
17942,484,24,5.0
17943,484,45,4.0
17944,484,79,4.0
17945,484,122,4.5
17946,484,55,5.0
17947,484,13,4.5
17948,484,15,5.0
17949,484,103,4.5
17950,484,38,5.0
17951,484,28,5.0
17952,484,41,5.0
17953,484,65,5.0
17954,484,25,4.0
17955,484,6,5.0
17956,484,40,5.0
17957,484,1,5.0
17958,484,81,4.5
17959,485,87,5.0
17960,485,39,3.5
17961,485,108,5.0
17962,485,117,5.0
17963,485,36,5.0
17964,485,14,4.5
17965,485,62,4.5
17966,485,52,4.5
17967,485,81,5.0
17968,485,115,5.0
17969,485,61,5.0
17970,485,96,4.5
17971,485,8,5.0
17972,485,19,4.0
17973,485,59,4.5
17974,485,93,4.5
17975,485,41,5.0
17976,485,15,4.5
17977,485,1,4.5
17978,485,116,5.0
17979,485,114,4.5
17980,485,46,5.0
17981,485,123,5.0
17982,485,109,4.0
17983,485,132,4.0
17984,485,88,3.5
17985,485,56,4.5
17986,485,71,4.0
17987,485,63,5.0
17988,485,6,4.0
17989,485,55,4.5
17990,485,75,5.0
17991,485,125,5.0
17992,485,118,5.0
17993,485,60,4.0
17994,485,10,5.0
17995,486,85,5.0
17996,486,29,4.5
17997,486,7,4.5
17998,486,37,4.5
17999,486,9,4.0
18000,486,78,5.0
18001,486,18,4.5
18002,486,110,4.0
18003,486,100,5.0
18004,486,84,5.0
18005,486,116,4.5
18006,486,130,3.5
18007,486,42,5.0
18008,486,91,5.0
18009,486,40,5.0
18010,486,70,4.5
18011,486,65,5.0
18012,486,5,5.0
18013,486,126,5.0
18014,486,41,4.0
18015,486,13,5.0
18016,486,132,4.0
18017,486,129,5.0
18018,486,133,4.5
18019,486,25,4.0
18020,486,131,4.5
18021,486,51,4.5
18022,486,124,4.0
18023,486,47,4.5
18024,486,93,5.0
18025,486,32,5.0
18026,486,111,4.5
18027,486,54,4.5
18028,486,26,4.0
18029,486,98,5.0
18030,486,31,5.0
18031,486,1,5.0
18032,486,115,4.5
18033,486,62,4.5
18034,486,121,3.0
18035,486,48,4.0
18036,486,90,4.0
18037,486,39,4.0
18038,486,127,4.0
18039,486,60,4.5
18040,486,113,5.0
18041,486,107,4.5
18042,486,74,4.5
18043,486,119,5.0
18044,486,109,4.0
18045,486,16,4.0
18046,486,52,4.5
18047,486,34,4.5
18048,486,30,4.5
18049,486,58,4.5
18050,487,39,5.0
18051,487,86,5.0
18052,487,52,5.0
18053,487,95,3.5
18054,487,120,4.0
18055,487,6,5.0
18056,487,128,1.5
18057,487,110,5.0
18058,487,121,5.0
18059,487,49,5.0
18060,487,111,4.5
18061,487,48,5.0
18062,487,1,5.0
18063,487,74,5.0
18064,487,34,4.0
18065,487,51,4.5
18066,487,24,5.0
18067,487,112,4.5
18068,487,2,4.0
18069,487,61,5.0
18070,487,69,4.5
18071,487,113,3.5
18072,487,83,4.0
18073,487,42,5.0
18074,487,55,5.0
18075,487,19,5.0
18076,487,84,4.5
18077,487,93,4.5
18078,487,118,5.0
18079,487,58,5.0
18080,487,15,5.0
18081,487,75,5.0
18082,487,85,4.0
18083,487,21,4.0
18084,487,53,4.5
18085,487,4,4.0
18086,487,98,4.5
18087,488,72,4.5
18088,488,119,4.0
18089,488,35,4.5
18090,488,99,5.0
18091,488,130,5.0
18092,488,34,5.0
18093,488,26,5.0
18094,488,27,4.0
18095,488,86,5.0
18096,488,110,5.0
18097,488,103,3.5
18098,488,79,5.0
18099,488,112,4.5
18100,488,8,4.0
18101,488,126,4.5
18102,488,116,4.0
18103,488,52,4.5
18104,488,82,5.0
18105,488,93,4.5
18106,488,100,4.0
18107,489,127,5.0
18108,489,92,4.5
18109,489,28,4.5
18110,489,109,4.5
18111,489,120,5.0
18112,489,69,4.0
18113,489,107,4.0
18114,489,122,4.0
18115,489,49,4.5
18116,489,93,5.0
18117,489,31,5.0
18118,489,34,5.0
18119,489,29,4.0
18120,489,126,5.0
18121,489,128,2.5
18122,489,68,5.0
18123,489,131,4.0
18124,489,116,5.0
18125,490,52,5.0
18126,490,16,3.5
18127,490,98,4.5
18128,490,66,5.0
18129,490,110,5.0
18130,490,32,5.0
18131,490,39,4.0
18132,490,49,5.0
18133,490,104,4.5
18134,490,63,4.5
18135,490,15,4.5
18136,490,74,5.0
18137,490,12,4.5
18138,490,73,3.0
18139,490,54,5.0
18140,490,75,5.0
18141,490,123,5.0
18142,490,25,5.0
18143,490,27,4.5
18144,490,48,4.5
18145,490,31,5.0
18146,490,87,4.5
18147,490,5,4.5
18148,490,28,4.5
18149,490,81,4.5
18150,490,10,3.5
18151,490,129,4.0
18152,490,132,4.0
18153,490,72,4.5
18154,490,62,4.5
18155,490,106,5.0
18156,490,111,4.5
18157,490,6,4.0
18158,490,42,4.5
18159,490,83,4.5
18160,490,51,4.5
18161,490,68,4.5
18162,490,17,4.5
18163,490,131,5.0
18164,490,95,4.5
18165,490,93,4.5
18166,490,105,5.0
18167,490,115,4.0
18168,490,30,5.0
18169,490,114,4.5
18170,490,43,4.5
18171,490,89,4.5
18172,490,23,5.0
18173,490,55,5.0
18174,490,22,4.5
18175,490,7,5.0
18176,490,18,4.5
18177,490,77,4.0
18178,490,36,4.5
18179,491,96,4.5
18180,491,116,5.0
18181,491,91,5.0
18182,491,107,4.0
18183,491,48,4.5
18184,491,66,5.0
18185,491,51,4.5
18186,491,26,5.0
18187,491,74,5.0
18188,491,13,5.0
18189,491,53,5.0
18190,491,69,5.0
18191,491,49,5.0
18192,491,114,5.0
18193,491,106,4.0
18194,491,102,4.0
18195,491,59,5.0
18196,491,1,4.5
18197,491,104,5.0
18198,491,67,5.0
18199,491,123,5.0
18200,491,41,3.5
18201,491,42,4.0
18202,491,3,4.5
18203,491,52,5.0
18204,491,126,4.5
18205,491,98,3.5
18206,491,35,3.5
18207,491,30,5.0
18208,491,100,4.5
18209,491,75,5.0
18210,491,83,5.0
18211,491,131,5.0
18212,491,119,5.0
18213,491,14,4.5
18214,491,8,5.0
18215,491,92,4.0
18216,491,9,4.0
18217,491,111,5.0
18218,492,48,4.5
18219,492,78,4.5
18220,492,86,5.0
18221,492,83,5.0
18222,492,73,3.0
18223,492,107,4.0
18224,492,42,5.0
18225,492,1,4.5
18226,492,117,4.5
18227,492,23,4.5
18228,492,124,4.0
18229,492,16,5.0
18230,492,129,4.0
18231,492,30,3.5
18232,492,44,4.0
18233,492,91,5.0
18234,492,33,5.0
18235,492,102,5.0
18236,492,50,5.0
18237,492,80,4.5
18238,492,119,5.0
18239,492,90,5.0
18240,492,22,5.0
18241,492,19,4.5
18242,492,85,4.0
18243,492,32,5.0
18244,492,130,5.0
18245,492,37,4.5
18246,492,127,5.0
18247,492,63,4.5
18248,492,11,5.0
18249,492,97,3.5
18250,492,57,4.5
18251,492,109,4.0
18252,492,132,4.0
18253,492,38,5.0
18254,492,121,4.0
18255,492,36,5.0
18256,492,116,4.5
18257,493,56,4.0
18258,493,51,4.0
18259,493,112,4.0
18260,493,101,4.5
18261,493,93,4.5
18262,493,4,4.5
18263,493,36,5.0
18264,493,67,3.5
18265,493,44,5.0
18266,493,121,5.0
18267,493,77,5.0
18268,493,103,4.0
18269,493,118,5.0
18270,493,9,5.0
18271,493,43,3.5
18272,493,116,4.0
18273,493,134,5.0
18274,493,90,5.0
18275,493,98,4.5
18276,493,113,4.5
18277,493,41,5.0
18278,493,71,5.0
18279,493,15,5.0
18280,493,57,4.5
18281,493,83,4.0
18282,493,79,5.0
18283,493,13,5.0
18284,494,83,5.0
18285,494,40,4.0
18286,494,2,5.0
18287,494,31,4.5
18288,494,42,5.0
18289,494,8,5.0
18290,494,28,5.0
18291,494,58,5.0
18292,494,39,4.5
18293,494,114,3.0
18294,494,6,4.0
18295,494,20,5.0
18296,494,7,5.0
18297,494,80,5.0
18298,494,116,5.0
18299,494,65,4.0
18300,494,134,4.0
18301,494,126,5.0
18302,494,90,5.0
18303,494,133,4.5
18304,494,56,5.0
18305,494,121,5.0
18306,494,119,5.0
18307,494,66,5.0
18308,494,67,4.0
18309,494,51,5.0
18310,494,52,4.5
18311,494,47,5.0
18312,494,113,5.0
18313,494,117,4.5
18314,494,70,4.5
18315,494,10,5.0
18316,494,89,5.0
18317,494,104,5.0
18318,494,19,4.0
18319,494,60,3.5
18320,494,24,5.0
18321,494,77,4.5
18322,494,16,5.0
18323,494,32,4.5
18324,494,85,5.0
18325,495,81,4.0
18326,495,64,4.0
18327,495,65,4.0
18328,495,41,5.0
18329,495,62,5.0
18330,495,109,4.0
18331,495,113,5.0
18332,495,103,4.0
18333,495,6,5.0
18334,495,105,4.5
18335,495,58,5.0
18336,495,61,4.5
18337,495,50,5.0
18338,495,4,4.5
18339,495,40,4.0
18340,495,99,5.0
18341,495,18,4.5
18342,495,80,3.5
18343,495,94,4.5
18344,495,26,5.0
18345,495,84,5.0
18346,495,82,5.0
18347,495,85,5.0
18348,496,127,3.5
18349,496,38,5.0
18350,496,73,4.5
18351,496,119,4.0
18352,496,36,5.0
18353,496,89,5.0
18354,496,71,4.0
18355,496,24,4.0
18356,496,56,4.5
18357,496,45,4.5
18358,496,133,4.5
18359,496,114,5.0
18360,496,9,5.0
18361,496,126,4.5
18362,496,96,4.5
18363,496,104,5.0
18364,496,86,5.0
18365,496,69,4.5
18366,496,76,5.0
18367,496,118,4.5
18368,496,27,4.5
18369,496,116,5.0
18370,496,23,3.0
18371,496,63,5.0
18372,496,109,4.5
18373,496,121,4.5
18374,496,97,4.5
18375,496,93,3.5
18376,496,108,4.0
18377,496,91,5.0
18378,496,92,4.5
18379,496,30,4.5
18380,496,75,4.0
18381,496,128,3.0
18382,496,41,4.5
18383,496,90,5.0
18384,496,134,4.0
18385,496,29,4.0
18386,496,72,4.5
18387,496,85,4.0
18388,496,14,5.0
18389,496,101,5.0
18390,496,22,5.0
18391,496,66,5.0
18392,496,74,3.5
18393,496,25,4.5
18394,496,49,5.0
18395,496,83,5.0
18396,496,129,4.0
18397,496,81,4.5
18398,496,131,4.0
18399,496,59,5.0
18400,496,107,5.0
18401,496,55,4.0
18402,496,67,4.0
18403,496,3,5.0
18404,496,62,5.0
18405,496,6,5.0
18406,496,130,5.0
18407,497,18,4.0
18408,497,90,4.0
18409,497,76,5.0
18410,497,25,5.0
18411,497,106,5.0
18412,497,54,5.0
18413,497,91,4.0
18414,497,15,4.5
18415,497,118,4.5
18416,497,96,4.0
18417,497,128,2.5
18418,497,119,5.0
18419,497,126,4.0
18420,497,13,4.0
18421,497,4,5.0
18422,497,77,4.0
18423,497,53,5.0
18424,497,64,5.0
18425,497,40,5.0
18426,497,44,5.0
18427,497,14,5.0
18428,497,87,3.5
18429,497,30,4.0
18430,497,111,5.0
18431,497,104,3.5
18432,497,55,4.5
18433,497,112,5.0
18434,497,52,5.0
18435,497,97,5.0
18436,497,46,4.5
18437,497,94,4.5
18438,497,78,4.5
18439,497,2,5.0
18440,497,43,5.0
18441,497,110,3.5
18442,497,120,5.0
18443,497,33,5.0
18444,497,9,5.0
18445,497,63,5.0
18446,497,31,4.0
18447,497,117,4.0
18448,497,19,4.5
18449,497,93,4.5
18450,497,95,4.0
18451,497,34,5.0
18452,497,134,4.0
18453,497,129,4.5
18454,497,125,4.5
18455,497,65,4.5
18456,497,60,4.0
18457,497,6,5.0
18458,497,26,4.5
18459,497,23,4.0
18460,497,28,3.5
18461,498,129,5.0
18462,498,40,4.0
18463,498,78,4.5
18464,498,20,5.0
18465,498,65,5.0
18466,498,7,5.0
18467,498,23,4.5
18468,498,115,5.0
18469,498,12,5.0
18470,498,35,4.0
18471,498,133,4.5
18472,498,68,5.0
18473,498,109,4.0
18474,498,17,4.0
18475,498,121,4.5
18476,498,50,5.0
18477,498,48,4.5
18478,498,73,3.0
18479,498,123,5.0
18480,499,61,5.0
18481,499,87,5.0
18482,499,94,4.5
18483,499,86,4.5
18484,499,117,4.0
18485,499,78,4.5
18486,499,35,3.5
18487,499,7,4.0
18488,499,93,4.5
18489,499,134,5.0
18490,499,98,4.0
18491,499,19,4.0
18492,499,88,4.0
18493,499,122,3.5
18494,499,17,3.5
18495,499,133,4.0
18496,499,30,5.0
18497,499,77,4.5
18498,499,46,3.5
18499,499,55,5.0
18500,499,97,4.5
18501,499,111,4.0
18502,500,22,5.0
18503,500,58,4.5
18504,500,117,4.0
18505,500,42,3.5
18506,500,11,4.5
18507,500,72,5.0
18508,500,122,5.0
18509,500,29,4.0
18510,500,5,4.5
18511,500,36,4.5
18512,500,47,5.0
18513,500,15,5.0
18514,500,76,5.0
18515,500,33,5.0
18516,500,41,5.0
18517,500,44,5.0
18518,500,95,3.5
18519,500,65,4.0
18520,500,53,3.5
18521,500,66,5.0
18522,500,104,5.0
18523,500,107,4.5
18524,500,130,4.5
18525,500,83,4.0
18526,500,118,5.0
18527,500,102,4.5
18528,500,59,5.0
18529,500,113,4.5
